지역코드,지역코드_구분,기준연도,명칭,지표명,인구수(명),인구밀도(100제곱킬로미터당 명),노인인구비율(백분율),심한 장애 인구 비율(백분율),가임여성인구 비율(백분율),분만 건수(건),다문화가구 비율(백분율),추정 치매 유병률(65세이상인구 1천 명당 명),재활환자 수(인구 1천명당 명),소아청소년인구 비율(백분율),여성인구 비율(백분율),60세 이상 인구 비율(백분율),재정자립도(백분율),건강보험료 하위 20백분율 비율(백분율),기초생활보장수급자(의료급여) 비율(백분율),도농복합시 군 여부(T 또는 F),면적(제곱킬로미터),도서 산간 비율(백분율),15분 내 정류장 일 3회 이용가능 비율(백분율),접경지역 여부(T 또는 F),상급종합병원(100제곱킬로미터당 개수),종합병원(300병상 이상)(100제곱킬로미터당 개수),종합병원(100제곱킬로미터당 개수),병원(병원급 이상)(100제곱킬로미터당 개수),의원(100제곱킬로미터당 개수),요양병원(100제곱킬로미터당 개수),권역응급의료센터(100제곱킬로미터당 개수),지역응급의료센터(100제곱킬로미터당 개수),응급의료기관(100제곱킬로미터당 개수),중환자실(100제곱킬로미터당 개수),신생아집중치료실(100제곱킬로미터당 개수),분만실(전체 의료기관)(100제곱킬로미터당 개수),분만실(분만 50건 이상)(100제곱킬로미터당 개수),물리치료실(병원급이상)(100제곱킬로미터당 개수),물리치료실(요양병원)(100제곱킬로미터당 개수),급성병원(인구10만 명당 개수),요양병원(인구10만 명당 개수),상급종합병원(인구10만 명당 개수),종합병원(300병상 이상)(인구10만 명당 개수),종합병원(인구10만 명당 개수),병원(인구10만 명당 개수),전체 의사(병원급 이상)(인구10만 명당 개수),전체 의사(전체 의료기관)(인구10만 명당 개수),전체 전문의(병원급 이상)(인구10만 명당 개수),전체 전문의(전체 의료기관)(인구10만 명당 개수),내과 전문의(병원급 이상)(인구10만 명당 개수),내과 전문의(전체 의료기관)(인구10만 명당 개수),외과 전문의(병원급 이상)(인구10만 명당 개수),외과 전문의(전체 의료기관)(인구10만 명당 개수),산부인과 전문의(병원급 이상)(인구10만 명당 개수),산부인과 전문의(전체 의료기관)(인구10만 명당 개수),소아청소년과 전문의(병원급 이상)(인구10만 명당 개수),소아청소년과 전문의(전체 의료기관)(인구10만 명당 개수),정형외과 전문의(병원급 이상)(인구10만 명당 개수),정형외과 전문의(전체 의료기관)(인구10만 명당 개수),신경과 전문의(병원급 이상)(인구10만 명당 개수),신경과 전문의(요양병원)(인구10만 명당 개수),정신과 전문의(병원급 이상)(인구10만 명당 개수),정신과 전문의(요양병원)(인구10만 명당 개수),재활의학과 전문의(병원급 이상)(인구10만 명당 개수),재활의학과 전문의(요양병원)(인구10만 명당 개수),전체 의사(요양병원)(인구10만 명당 개수),전체 전문의(요양병원)(인구10만 명당 개수),간호사 수(병원급 이상)(인구10만 명당 개수),간호사 수(전체 의료기관)(인구10만 명당 개수),간호사 수(요양병원)(인구10만 명당 개수),사회복지사 수(병원급 이상)(인구10만 명당 개수),사회복지사 수(요양병원)(인구10만 명당 개수),물리치료사 수(병원급 이상)(인구10만 명당 개수),물리치료사 수(요양병원)(인구10만 명당 개수),작업치료사 수(병원급 이상)(인구10만 명당 개수),작업치료사 수(요양병원)(인구10만 명당 개수),접근성취약인구율_상급종합병원(180분)(백분율),접근성취약인구율_권역응급의료센터(60분)(백분율),접근성취약인구율_어린이병원(90분)(백분율),접근성취약인구율_고위험분만센터(90분)(백분율),접근성취약인구율_신생아중환자실(90분)(백분율),접근성취약인구율_종합병원(300병상 이상)(90분)(백분율),접근성취약인구율_종합병원(300병상 이상)(60분)(백분율),접근성취약인구율_종합병원(90분)(백분율),접근성취약인구율_종합병원(60분)(백분율),접근성취약인구율_지역응급의료센터(30분)(백분율),접근성취약인구율_호스피스(90분)(백분율),접근성취약인구율_특수검진(90분)(백분율),접근성취약인구율_전체 병원(60분)(백분율),접근성취약인구율_내과(60분)(백분율),접근성취약인구율_외과(60분)(백분율),접근성취약인구율_산부인과(60분)(백분율),접근성취약인구율_소아청소년과(60분)(백분율),접근성취약인구율_정형외과(60분)(백분율),접근성취약인구율_응급실(30분)(백분율),접근성취약인구율_분만실(60분)(백분율),접근성취약인구율_중환자실(60분)(백분율),접근성취약인구율_신생아실(60분)(백분율),접근성취약인구율_감염(60분)(백분율),접근성취약인구율_재활(60분)(백분율),접근성취약인구율_정신(60분)(백분율),접근성취약인구율_중독(60분)(백분율),접근성취약인구율_화상(60분)(백분율),접근성취약인구율_투석(60분)(백분율),기준시간내의료이용률_상급종합병원(180분)(백분율),기준시간내의료이용률_권역응급의료센터(60분)(백분율),기준시간내의료이용률_고위험분만(90분)(백분율),기준시간내의료이용률_신생아중환자실(90분)(백분율),기준시간내의료이용률_종합병원(300병상 이상)(90분)(백분율),기준시간내의료이용률_종합병원(300병상 이상)(60분)(백분율),기준시간내의료이용률_종합병원(90분)(백분율),기준시간내의료이용률_종합병원(60분)(백분율),기준시간내의료이용률_지역응급의료센터(30분)(백분율),기준시간내의료이용률_전체 병원(60분)(백분율),기준시간내의료이용률_내과(60분)(백분율),기준시간내의료이용률_외과(60분)(백분율),기준시간내의료이용률_산부인과(60분)(백분율),기준시간내의료이용률_소아청소년과(60분)(백분율),기준시간내의료이용률_정형외과(60분)(백분율),기준시간내의료이용률_응급실(30분)(백분율),기준시간내의료이용률_분만실(60분)(백분율),기준시간내의료이용률_신생아실(60분)(백분율),기준시간내의료이용률_중환자실(60분)(백분율),기준시간내의료이용률_감염(60분)(백분율),기준시간내의료이용률_재활(60분)(백분율),기준시간내의료이용률_정신(60분)(백분율),기준시간내의료이용률_중독(60분)(백분율),기준시간내의료이용률_화상(60분)(백분율),기준시간내의료이용률_투석(60분)(백분율),기준시간내의료이용률_병원(요양병원 포함)(60분)(백분율),기준시간내의료이용률_요양병원(60분)(백분율),기준시간내의료이용률_만성(요양병원 포함)(60분)(백분율),기준시간내의료이용률_치매(요양병원 포함)(60분)(백분율),기준시간내의료이용률_65세이상 치매(요양병원 포함)(60분)(백분율),기준시간내의료이용률_재활(요양병원 포함)(60분)(백분율),기준시간내의료이용률_성인재활(요양병원 포함)(60분)(백분율),기준시간내의료이용률_소아재활(요양병원 포함)(60분)(백분율),기준시간내의료이용률_장애인재활(요양병원 포함)(60분)(백분율),기준시간내의료이용률_심한 장애인재활(요양병원 포함)(60분)(백분율),기준시간내의료이용률_심하지 않은 장애인재활(요양병원 포함)(60분)(백분율),기준시간내의료이용률_암(60분)(백분율),기준시간내의료이용률_심장질환(60분)(백분율),기준시간내의료이용률_폐렴(60분)(백분율),기준시간내의료이용률_뇌혈관 질환(60분)(백분율),기준시간내의료이용률_고의적 자해(자살)(60분)(백분율),기준시간내의료이용률_알츠하이머병(60분)(백분율),기준시간내의료이용률_당뇨병(60분)(백분율),기준시간내의료이용률_고혈압성 질환(60분)(백분율),기준시간내의료이용률_간 질환(60분)(백분율),기준시간내의료이용률_만성하기도 질환(60분)(백분율),기준시간내의료이용률_교통사고(60분)(백분율),기준시간내의료이용률_기타 달리 분류되지 않은 증상(60분)(백분율),기준시간내의료이용률_백내장 및 수정체의 기타 장애(60분)(백분율),기준시간내의료이용률_폐렴(60분)(백분율),기준시간내의료이용률_요추 및 기타 추간판 장애(60분)(백분율),기준시간내의료이용률_감염성기원이라고 추정되는 설사와 위장염(60분)(백분율),기준시간내의료이용률_기타 사지뼈의 골절(60분)(백분율),기준시간내의료이용률_출산장소에 따른 출생 영아(60분)(백분율),기준시간내의료이용률_연부조직 장애(60분)(백분율),기준시간내의료이용률_기타 배병증(60분)(백분율),"기준시간내의료이용률_명시된 다발성 신체부위의 탈구, 염좌 및 긴장(60분)(백분율)",기준시간내의료이용률_기타 장 및 복막의 질환(60분)(백분율),관내의료이용률_상급종합병원(백분율),관내의료이용률_권역응급의료센터(백분율),관내의료이용률_고위험분만(백분율),관내의료이용률_신생아중환자실(백분율),관내의료이용률_종합병원(300병상 이상)(백분율),관내의료이용률_종합병원(백분율),관내의료이용률_지역응급의료센터(백분율),관내의료이용률_전체 병원(백분율),관내의료이용률_내과(백분율),관내의료이용률_외과(백분율),관내의료이용률_산부인과(백분율),관내의료이용률_소아청소년과(백분율),관내의료이용률_정형외과(백분율),관내의료이용률_응급실(백분율),관내의료이용률_분만실(백분율),관내의료이용률_중환자실(백분율),관내의료이용률_신생아실(백분율),관내의료이용률_감염(백분율),관내의료이용률_재활(백분율),관내의료이용률_정신(백분율),관내의료이용률_중독(백분율),관내의료이용률_화상(백분율),관내의료이용률_투석(백분율),관내의료이용률_요양병원(요양병원 포함)(백분율),관내의료이용률_요양병원(요양병원만)(백분율),관내의료이용률_만성(요양병원 포함)(백분율),관내의료이용률_치매(요양병원 포함)(백분율),관내의료이용률_65세 이상 치매(요양병원 포함)(백분율),관내의료이용률_재활(요양병원 포함)(백분율),관내의료이용률_성인재활(요양병원 포함)(백분율),관내의료이용률_소아재활(요양병원 포함)(백분율),관내의료이용률_장애인재활(요양병원 포함)(백분율),관내의료이용률_심한 장애인재활(요양병원 포함)(백분율),관내의료이용률_심하지 않은 장애인재활(요양병원 포함)(백분율),관내의료이용률_암(백분율),관내의료이용률_심장질환(백분율),관내의료이용률_폐렴(백분율),관내의료이용률_뇌혈관 질환(백분율),관내의료이용률_고의적 자해(자살)(백분율),관내의료이용률_알츠하이머병(백분율),관내의료이용률_당뇨병(백분율),관내의료이용률_고혈압성 질환(백분율),관내의료이용률_간 질환(백분율),관내의료이용률_만성하기도 질환(백분율),관내의료이용률_교통사고(백분율),관내의료이용률_기타 달리 분류되지 않은 증상(백분율),관내의료이용률_백내장 및 수정체의 기타 장애(백분율),관내의료이용률_폐렴(백분율),관내의료이용률_요추 및 기타 추간판 장애(백분율),관내의료이용률_감염성기원이라고 추정되는 설사와 위장염(백분율),관내의료이용률_기타 사지뼈의 골절(백분율),관내의료이용률_출산장소에 따른 출생 영아(백분율),관내의료이용률_연부조직 장애(백분율),관내의료이용률_기타 배병증(백분율),"관내의료이용률_명시된 다발성 신체부위의 탈구, 염좌 및 긴장(백분율)",관내의료이용률_기타 장 및 복막의 질환(백분율),지역환자구성비_상급종합병원(백분율),지역환자구성비_권역응급의료센터(백분율),지역환자구성비_고위험분만(백분율),지역환자구성비_신생아중환자실(백분율),지역환자구성비_종합병원 300병상(백분율),지역환자구성비_종합병원급이상(백분율),지역환자구성비_지역응급의료센터(백분율),지역환자구성비_전체 병원(백분율),지역환자구성비_내과(백분율),지역환자구성비_외과(백분율),지역환자구성비_산부인과(백분율),지역환자구성비_소아청소년과(백분율),지역환자구성비_정형외과(백분율),지역환자구성비_응급실(백분율),지역환자구성비_분만실(백분율),지역환자구성비_중환자실(백분율),지역환자구성비_신생아실(백분율),지역환자구성비_감염(백분율),지역환자구성비_재활(백분율),지역환자구성비_정신(백분율),지역환자구성비_중독(백분율),지역환자구성비_화상(백분율),지역환자구성비_투석(백분율),지역환자구성비_요양병원(요양병원 포함)(백분율),지역환자구성비_요양병원(요양병원만)(백분율),지역환자구성비_만성(요양병원 포함)(백분율),지역환자구성비_치매(요양병원 포함)(백분율),지역환자구성비_65세이상 치매(요양병원 포함)(백분율),지역환자구성비_재활(요양병원 포함)(백분율),지역환자구성비_성인재활(요양병원 포함)(백분율),지역환자구성비_소아재활(요양병원 포함)(백분율),지역환자구성비_장애인재활(요양병원 포함)(백분율),지역환자구성비_심한 장애인재활(요양병원 포함)(백분율),지역환자구성비_심하지 않은 장애인재활(요양병원 포함)(백분율),지역환자구성비_암(백분율),지역환자구성비_심장질환(백분율),지역환자구성비_폐렴(백분율),지역환자구성비_뇌혈관 질환(백분율),지역환자구성비_고의적 자해(자살)(백분율),지역환자구성비_알츠하이머병(백분율),지역환자구성비_당뇨병(백분율),지역환자구성비_고혈압성 질환(백분율),지역환자구성비_간 질환(백분율),지역환자구성비_만성하기도 질환(백분율),지역환자구성비_교통사고(백분율),지역환자구성비_기타 달리 분류되지 않은 증상(백분율),지역환자구성비_백내장 및 수정체의 기타 장애(백분율),지역환자구성비_폐렴(백분율),지역환자구성비_요추 및 기타 추간판 장애(백분율),지역환자구성비_감염성기원이라고 추정되는 설사와 위장염(백분율),지역환자구성비_기타 사지뼈의 골절(백분율),지역환자구성비_출산장소에 따른 출생 영아(백분율),지역환자구성비_연부조직 장애(백분율),지역환자구성비_기타 배병증(백분율),"지역환자구성비_명시된 다발성 신체부위의 탈구, 염좌 및 긴장(백분율)",지역환자구성비_기타 장 및 복막의 질환(백분율),연령표준화사망률_전체(인구10만 명당 명),연령표준화사망률_암(인구10만 명당 명),연령표준화사망률_심장 질환 (인구10만 명당 명),연령표준화사망률_고의적 자해(자살)(인구10만 명당 명),연령표준화사망률_폐렴 (인구10만 명당 명),연령표준화사망률_뇌혈관 질환 (인구10만 명당 명),연령표준화사망률_노쇠(인구10만 명당 명),연령표준화사망률_당뇨병 (인구10만 명당 명),연령표준화사망률_간 질환 (인구10만 명당 명),연령표준화사망률_비뇨생식계통의 질환 (인구10만 명당 명),연령표준화사망률_알츠하이머병 (인구10만 명당 명),연령표준화사망률_패혈증 (인구10만 명당 명),연령표준화사망률_고혈압성 질환 (인구10만 명당 명),연령표준화사망률_만성 하기도 질환 (인구10만 명당 명),연령표준화사망률_운수사고 (인구10만 명당 명),연령표준화사망률_정신 및 행동장애 (인구10만 명당 명),치료가능사망률(OECD기준)(인구10만 명당 명),영아사망률(출생아 1천 명당 명),신생아사망률(출생아 1천 명당 명),모성사망비(출생아 10만 명당 명),모성사망률(가임기여성 10만 명당 명),출생전후기사망률(출생아 1천 명당 명),태아사망률(출생아 1천 명당 명)
A00011,시도,2023,서울특별자치시,서울,9386034,1550887.6,18.5,1.5,24.8,41115,1.7,95.9,104,13.3,51.6,26,75.4,19.1,2.7,,605.2,0,,,2.3,5.3,9.3,47.3,1605.2,18.2,1.2,5.1,8.1,8.8,4.8,15.9,7.4,47.3,18.2,544.1,222.2,193.4,306.6,360.1,544.1,193.8,360.8,130.9,283.4,29.8,53.5,10.7,17.8,6.1,17,7.1,15.5,9.6,18.1,4.5,0.4,3.3,0.1,2.8,0.8,4.9,4.5,562.1,676.3,31.2,3.9,1.8,27.5,8.4,8.3,4,0,0,0,0,0,0,0,0,0,0,0,0,0,0,0,0,0,0,0,0,0,0,0,0,0,0,0,0,98.8,94.8,96.3,98.5,96.3,89.1,95.6,88.5,79.9,87.4,87.8,88.5,88.7,91.4,87.9,82.7,90.2,95,86.7,87.1,79.4,76.1,83.1,85.1,95.6,83.6,70.9,81.3,66.5,67.1,78.8,78,85.2,77.9,77.2,79.1,87.9,88.3,86.9,84.3,91,84.8,87.5,86.8,87.1,87.3,92,87.2,91.1,86.9,87,87.4,88.3,94.9,84.1,84.8,84.9,87.2,95.5,86.7,89.6,94.3,90.7,89.6,90,87.8,88.7,91.8,89.7,88.8,88.1,87.8,88.2,87.2,93.4,86.9,76.6,75,79.1,86.2,93,81.8,62,77.9,57.9,58.6,71.5,69.2,91.4,71,70.8,71.5,92.3,89,82,82.5,90.6,82.2,88.5,87.9,89,86.3,86.1,86.9,94.4,82,87.2,84.1,86.6,93.4,83.6,85.5,83.8,87.8,49.1,61.6,76.9,51.9,55.5,57.1,56,58.1,53.6,50.2,56.8,60.5,61.5,71.4,74.9,57.1,73,54.5,66.3,64.8,77.9,48.8,89.6,60.7,76.7,62.3,78.9,79.1,70.8,72.9,59.8,70.1,68.5,73.3,41.3,61,71.6,65.7,69.5,69.8,56.2,53.1,54.5,62.9,73.6,64.2,60.1,71.6,53.7,76.9,77.6,71.3,59.7,54.6,69.4,61.9,256.8,72.6,23.5,19,16.5,16.2,12.2,8.1,7.2,5.7,5.8,5.8,4.1,2.7,2.1,2.5,39.5,2,1.1,10.1,0.2,2,11.7
A00026,시도,2023,부산광역시,부산,3293362,426983.2,22.6,2,20.5,13152,1.1,92.8,113.2,13.9,51.3,31.6,46,21.9,4.4,,771.3,0,,,0.4,2.3,3.8,22.2,336.7,21,0.1,1.2,3.6,3.9,1,5.4,2.6,22.2,21,812.7,977.5,91.7,319.8,400,812.7,132.4,256.9,104.7,218.8,23.7,46.1,8.3,15.7,6.5,14.5,6.4,13.9,9.4,16.5,3.6,0.4,3.9,0.1,2.9,1.2,17.5,16.3,539.9,681.8,96.4,5.5,6.3,46.4,19.2,15.2,6.9,0,0,0.9,0,0,0,0,0,0,2.7,0,0,0,0,0,0,0,0,0.1,0,0,0,0,0,0,0,0,0,83.8,85.3,94.7,97.6,89.7,83.4,90.6,84.7,65.3,87.4,85.8,86.3,86.9,92.8,90.8,73.4,92.3,97,83.3,89.4,90.2,88.1,82.5,87.4,96.7,87.9,88.8,88.4,89.5,89.6,88.9,89.1,87.4,90.3,89.9,91.1,76.5,88.4,92.7,89.2,27.8,88.1,88,87.8,87.6,91.5,50,86.5,91.6,92.7,88.8,92.1,91.7,97,90.4,89.6,89.1,89.9,70.6,58.1,92.4,85.9,84,85.4,79.8,88.4,87.1,88.9,89.7,89.4,92.1,84.3,93.3,84.4,98.3,89.4,92.2,92.7,83.8,91.9,97,88.6,88.9,89,89.7,89.9,88.4,89.5,77.9,89.3,88.1,91.4,79,87.6,92.4,91.3,27.8,91.9,89.1,89.4,87.9,91.3,50,85.9,94.8,92.4,90.3,90.5,92,98.3,91.8,90.9,89.9,90.6,76.9,77.3,83.5,76.8,80.9,81.8,79.8,82.7,82.9,78.6,78.5,91.9,83,85.6,83.2,81.9,86.1,87.5,81,82.6,88.4,73,95.7,83.6,85.1,83.7,84.4,84.3,83.1,83.3,80.7,83.3,82,85.7,75.3,83.5,89.7,81.8,76.9,82.9,82.6,81.1,83,87.8,76.9,83.5,79.5,89.7,79,91,87.9,85.9,83.2,81.7,85,84.3,325,85.3,35.5,23.5,20.4,22.2,4.2,11.4,9.7,8.7,7.5,6.6,5.7,4.3,3.1,5.7,49.5,2.6,1.2,15.5,0.3,2.3,13.6
A00027,시도,2023,대구광역시,대구,2374960,268315.2,19.6,2,20.9,9532,1.2,97.8,114.8,15.3,50.9,28.3,47.4,21.8,4.1,,885.1,10.7,,,0.6,1,2.1,12.4,222.8,8,0.2,0.7,2.1,1.5,0.7,2.4,1.8,12.4,8,797.6,572.5,196.4,275.2,366.7,797.6,136.6,266,100.5,222.6,21.1,44.7,8.6,16.7,6,14,5.9,14.6,7.9,15.5,3.3,0.5,4.4,0,3.3,0.8,10.5,9.6,558.5,688,64.1,5.6,3.9,47.9,14.3,22.6,5.8,0,0,0,0,0,0,0,0,0,3.7,0,0,0,0,0,0,0,0,0.1,0,0,0,0,0,0,0,0,0,90.2,89.2,96.2,95,89.1,86.7,90.2,88.1,76.3,89.7,88.9,88.7,89.4,94.6,91,83.9,94.4,98,83.6,90.1,92.7,86.2,92.2,95,97.5,88.6,85.8,89.1,88.3,88.4,90.4,90.8,86.2,91.4,91,91.9,78.6,90.3,94.4,92.4,86.7,92.2,91.8,90.9,89.9,92.7,88.2,90.8,94.9,94.4,89.2,93.3,93.8,97.9,89.9,86.7,89.3,90.2,90,88.8,96.3,95,88.1,89.2,87.8,90.1,89.1,90.1,90.7,96.1,91.4,93,95.7,84.8,99.1,90.4,91.1,81.4,87.2,97.4,97.7,87.9,82.2,87.8,84.8,85,87.7,88.2,82.1,89,88.9,89.1,79.8,91.3,94,92.4,86.7,93,92.1,91.4,90.4,92.1,90,91.6,96.7,94,89.6,93.5,94,99,89.9,86.5,89.4,89.4,60.1,58.2,70.4,53.2,63.2,65.1,62.4,67.3,65.1,66.4,65.9,73.5,67.9,69,67.7,61.7,68.7,72.1,67.2,70,83.3,67.6,88.5,69.5,76.2,69.9,74.8,74.8,70,70.1,69.4,71,71.1,70.8,57.5,64,75.1,68.8,71.7,72.8,65.8,64.2,65.6,73,55.3,67.8,63.2,75.1,64.5,79.2,72.9,68,69.3,68,73.4,68.4,302.9,76.8,26.2,24.4,25.1,17.9,11.2,7.3,8.7,7.1,4.5,5,5.3,3.5,4.1,3,45.9,3.4,2.6,10.7,0.2,3.3,11.9
A00028,시도,2023,인천광역시,인천,2997410,280894.5,16.6,1.8,22.4,13647,2.4,94.3,95.1,15.8,50,25,52.4,19.6,3.4,,1067.1,25.1,,,0.3,0.8,2,7.3,166.1,5.8,0.2,1,2,2,0.5,3.1,0.8,7.3,5.8,462,388.4,102.3,180.4,277.8,462,93.1,188.9,74.9,161.6,16.3,32.3,5.1,11,4,9.7,3.9,11.5,6.4,13.3,2.1,0.6,3.3,0.1,2.1,1.1,7.8,7,380.1,473.5,43.5,5.8,3.2,32.3,14.5,11.1,8.4,0.4,1.7,1.5,2,0.7,0.9,2.1,0.6,1,5.8,1.3,0.8,0.7,0.9,1,1.9,0.7,0.9,3.7,0.8,1,2.8,1,1.5,3.2,1,1,0.9,98.3,90.6,94,89.3,88.5,79.9,89.7,82,76.5,83,80.1,75.4,81.3,83.9,84.5,82.9,88.2,91.7,81.8,84.4,88.3,78.7,84.7,73.2,95.3,83.6,85.6,84.1,85.4,85.2,89.3,88.5,91.6,90,89.4,91.5,69.3,83.3,87.4,84.7,88.3,85.3,81.5,80.6,78.9,84.3,92.2,86.8,83.5,87.4,84,89.6,87.9,90.6,87.7,85.3,86.1,82.9,73.8,77.7,78.5,60.4,73.6,77,76.9,77.5,75.2,70.1,70.8,66.5,78.3,84.3,75.5,78.3,76.6,76.9,89.4,79.3,81.7,63.3,89.1,78.3,81.1,79.7,81.2,80.8,88.3,85.9,95,89.7,89.5,90,62.8,79.9,81.4,82.8,89,81,77.2,76,74.3,78.6,89.8,83.2,81.4,81.4,78.2,80.9,82.4,76.4,83,82,81.4,78.7,83.8,83.2,87.5,84.8,84,84.3,84.4,82.4,83.1,85.4,86.6,87.7,83.1,85.5,85,81,91.1,85.5,71.4,51.9,64.9,81.5,94,80.5,75,78,72.5,72.2,75.2,73.6,79.5,74.8,74.9,74.5,83.9,81.8,83.4,74.1,80.6,74.5,80.7,78.2,82.4,83.7,88.5,82.8,80,83.4,80,86.7,86.1,90.9,83.1,81.3,84.1,82.4,311.8,85.3,21.3,24.6,21.3,21.4,14.3,10,9.1,8.6,4.4,5.1,10.1,3.7,2.9,4.9,49.6,3.4,1.5,7.3,0.1,3.3,13.6
A00029,시도,2023,광주광역시,광주,1419237,283296.5,16.5,1.9,22.9,6864,1.4,100.4,93.5,17.4,50.6,23.9,42.3,21.5,4.3,,501,0,,,0.4,1,5,20.2,209.6,12.6,0.4,1.2,4.2,2.2,0.6,2.4,1.4,20.4,12.6,1042.6,1020.7,135.8,249.2,551.4,1042.6,146.9,268.5,117.5,229.1,25.2,46.5,7.6,16.3,7.3,14.9,10.9,17.1,12,17,3.7,0.3,4.1,0.1,3.1,1.1,16.2,14.7,595.8,777.8,97.3,6.2,4.9,50,18.2,18.1,5.5,0,0,0,0,0,0,0,0,0,0.2,0,0,0,0,0,0,0,0,0,0,0,0,0,0,0,0,0,0,80.7,87.2,96.3,91,81.7,80.2,89,88,72.4,90.7,89.5,84.4,87.1,97.4,92.8,83.3,95.3,99.1,84.3,93.2,93,88.3,91.1,86.6,97.4,91,91.7,90.9,93,93.1,92.5,92.7,91.9,93.4,93.5,93.1,73.2,90.3,96.6,90.9,72,84.5,90.4,89.8,91.1,94.7,63.6,90.2,94.2,96.6,91.2,96.3,95,98.8,95.5,92.2,95.6,91,57.1,87.2,96.3,91,66.4,80.4,71,85.1,77.1,73.9,82.8,96.6,90.8,84.5,95.3,80.6,99.1,87,93.1,82,82.3,86.3,96.7,83.7,80.7,82.3,85.6,85.8,87.7,86.4,92.2,90.8,91.6,88.9,38.8,85.9,95.2,89.7,72,84.8,81.7,82.5,84.6,87.1,63.6,87.4,94.3,95.2,90.7,95.2,94,98.8,94.3,90.3,94.6,83.2,50.6,50.6,72,52.2,55.8,65.6,60.9,68.7,66.3,66.9,68.2,81.6,66.9,65,70.6,50.2,66.9,80.3,66.6,66.1,77.4,58.4,87.2,67.9,66.2,63.1,64.1,64.1,65.9,62.5,80.1,66.7,69.8,60.7,61.1,56.8,77.5,59.3,52.9,63.2,60.9,56,67.7,76.2,70,68.2,49.8,77.5,66.5,81.3,73.1,66.5,72.7,66,76.1,70.1,308.2,80.6,22.6,23.7,28.7,17.3,6.1,6,6.5,8.4,5.1,9.4,3.8,3.4,4.4,3.3,45.5,4.1,1.1,16.2,0.3,2.1,15.6
A00030,시도,2023,대전광역시,대전,1442216,267186.2,17,1.9,22.7,6922,1.3,97.1,100,16.3,50.1,24.8,42.3,21.2,3.4,,539.8,0,,,0.2,1.3,1.9,10.4,205.8,8.7,0.4,1.1,1.7,2,0.7,3.3,1.5,10.4,8.7,668.1,580.6,85.8,304.5,356.3,668.1,138.3,263,100.1,213.1,19.3,41.1,6,13.3,5.3,12.8,7.8,14.9,9.2,16.1,4,0.5,3.4,0,3.9,1.1,12,10.7,495.5,618.4,65.1,5.1,4.7,45.6,16.3,18.9,8.1,0,0,0,0,0,0,0,0,0,0.2,0,0,0,0,0,0,0,0,0.1,0,0,0,0,0,0,0,0,0,71.7,90.6,93.9,86.9,85.5,84.2,85.2,83.9,79.3,86.2,81.9,75.9,84.7,93.6,89.3,85.8,93,96,83.7,88.1,92.9,83.4,92.7,92.5,97.1,86.3,86.6,86.4,87.7,87.7,91.6,88,98.9,92.7,93.4,90.8,69,87.5,95.2,88.9,75.9,81.5,86.4,83.9,85.2,91.6,95.5,88.6,90.8,95.2,86.6,93.7,91.5,95.6,89.6,88.1,88.5,87.5,69.5,90.3,92,82.5,83.7,83.3,83.2,85.8,81.7,75.7,83.5,92.3,89.2,89,91.5,83.5,94.6,87.8,93,83.4,92.7,92.2,96.1,86,86.6,86.2,87.9,88,91.6,88,98.9,92.8,93.5,90.8,68.7,87.1,95.3,88.8,75.9,85.4,86.2,83.8,85,91.4,95.5,87.8,90.6,95.3,86.7,92.8,91.2,94.1,89.6,88.1,88.3,87.5,68.6,60.6,77,63.6,64.8,65.5,65.4,67.1,62.7,63.3,73.6,80.5,64.5,68.9,75.9,59.3,81.7,71.8,68.1,67.8,71.3,56.5,89.1,68.3,71.5,65.7,69.9,69.6,68.5,62.5,82.8,71,74.4,63,60.3,63.5,74.7,61.5,75.9,56,62,57.1,66.1,72.3,67,69.7,61.3,74.7,62,78.3,68.1,81.2,64.2,62.6,70.2,66.1,296.9,74.3,18.9,23.2,24.8,14.8,26.9,6,6.8,7.5,3,8.5,2.5,3.2,3.6,1.8,41.8,2.5,1,0,0,1.8,12.6
A00031,시도,2023,울산광역시,울산,1103661,103842,15.9,1.7,20.6,4908,1.6,81.4,95,17.1,48.6,24.7,49.8,17.3,2.1,,1062.8,23.8,,,0.1,0.5,0.8,4,59.9,3.6,0.1,0.5,0.7,0.7,0.1,0.8,0.6,4,3.6,560.9,605.8,88.7,240.1,323.4,560.9,83.8,166.5,70.9,145.8,15.6,27.5,5,10.9,4.1,10,4.9,10.8,5.7,10.9,2,0.1,3,0.1,1.5,0.6,9.7,8.7,417.2,521.5,58.8,2.6,5.1,24.7,15.6,5.6,7.3,0,0.3,62.6,46.4,0.2,0,0.3,0,0,5.1,0,0,0,0,0,0,0,0,0.3,0.1,0.1,0.1,0,0.5,9.7,0.3,0.1,0,82.4,85.7,94.2,78.6,83.4,77.2,85,79.2,64.6,81,80.2,77.8,79.2,88.5,84.8,68.6,91.3,95.1,76.9,85.9,74.9,47.8,77.5,60.9,95.6,80.9,80.7,79.9,84,84,75.6,75.9,62.8,75,73.7,77.2,57.9,77.7,90.1,78.6,76.7,62.7,79.2,72.1,81.6,90.5,82.1,83.9,72,90.1,82.7,90.8,90.2,94.5,86.4,82.8,88.4,87.8,72.1,83.1,92.4,72.5,81,81.6,81.6,83.2,83,78.7,82.8,88,85.4,83.5,92,80.7,95.5,86.4,78.1,55.9,80.7,63.2,95.8,83.3,83.5,82,86.4,86.3,78.6,79.5,27.8,78,76.6,80.2,63.4,79.5,90.7,81.1,96.2,62.7,80.3,73.2,82.5,91.5,95.7,85.7,77,90.7,83.3,90.9,90.5,95.3,88.2,83.8,89,89.3,84.8,84.8,88.5,93.1,86.5,86.4,86.5,86.7,84.5,86.3,86,92.8,88.3,85.6,88.4,80.8,92.4,90.8,83.9,79.1,87.8,90.5,92.8,84.4,79.1,81.7,78.2,77.8,82.6,82.7,73,83.1,82.1,84.6,80.3,84.3,88.8,84.7,80,77.8,85,83.6,86.5,88.3,81.8,87.1,88.4,88.8,88.1,90,89.1,92.4,88.1,87,88.1,87.3,315.7,81.3,36.1,28.3,14.5,19.5,5,10.9,8.2,8,8,5,6.4,7.1,4.5,5.9,36.9,2.4,0.6,19.7,0.4,1.6,13.6
A00036,시도,2023,세종특별자치시,세종,386525,83130.4,11,1.3,25.6,2725,1.3,97.3,83.2,24.4,50.2,16.4,57.2,12.9,1.1,,465,0,,,0,0.2,0.4,1.1,49.3,0.9,0,0.2,0.4,0.2,0.2,1.5,0.4,1.1,0.9,208.5,139.2,0,105.6,157.3,208.5,45,135.6,45,127.3,8.8,24.3,2.1,6.5,3.1,8,5.2,17.6,2.6,8,1.6,0,1.3,0,0.5,0,1.8,1.8,221.7,282.3,8.3,1,1,5.2,1,0.8,0.3,0,0,0.2,0,0,0,0,0,0,2,0,0,0,0,0,0,0,0,0.2,0,0,0,0,0,33.8,0,0,0,44,57.9,90.4,81.3,77.2,62.5,76.6,62.5,55.3,60.7,48.4,43.6,66,82.2,57.6,69.6,82.4,84.2,52.2,64.9,42.4,7.4,38.7,42.6,89.8,60,57.7,59.3,61.5,61.4,39.9,39.8,40.3,35.3,39,27.2,29.8,59.1,62.7,56.3,57.1,66.7,57.1,47.2,44.1,68,39.3,73.2,47.9,62.7,55.7,82.3,66.5,83.1,49.5,55.7,59.1,59.4,0,0,64.3,43.8,46.4,46.6,47,41.6,27.8,30,53.3,71.7,28.9,61.8,72.3,30.4,70.7,46.7,2.7,0,19,14.2,82.6,38,25.7,33.9,29.2,28.8,1.8,2.3,0,1.2,0.5,2.7,17.3,32.2,32.5,24.8,0,7.1,34.8,22.4,22.8,41.5,0,56.8,38.4,32.5,23.6,70.8,37.6,70.6,19,21.9,33,36.9,,,76.3,45.3,62.4,63.2,62.4,64.6,54.7,60.6,64.3,70,66.7,65.8,74.6,53.3,77.9,69.5,51.8,,68.4,57.9,74.6,65.1,68,59.8,66.8,66.2,51.8,51.8,0,71.4,90,65.6,48.4,53.5,69.6,52.8,,75,54.4,52,62.5,67,,66.2,58.9,69.6,67.3,69.1,73.9,76.2,69.5,66.2,72.6,63,277.4,75.8,23.9,19.2,28.5,17.6,15.9,5.1,3.1,6.4,3.1,5.9,2.6,2.8,4.3,2.6,41,2.5,1.4,0,0,1.1,10
A00041,시도,2023,경기도,경기,13630821,133639.1,15.6,1.6,22.9,67250,2.2,97.4,95.7,16.9,49.7,23.2,60.5,18,1.9,,10199.7,14.7,,,0,0.3,0.7,3.5,79.3,3,0.1,0.4,0.7,0.7,0.2,1.1,0.4,3.5,3,401.3,387.9,37.2,146.8,210.6,401.3,83.7,179.8,67.9,156.8,14.1,30,4.6,10.1,3.9,10.4,3.7,12.1,6.4,12.6,2.4,0.5,2.8,0.1,1.7,1.2,7.6,7,305.4,398.5,45.1,4,2.7,23.4,12.5,8.3,6.7,0,1.8,11.5,5.1,1.2,0.9,5.3,0.1,1.8,5.5,0.7,0.8,0.1,0.2,0.2,3.3,0.7,0.3,1.8,1.1,1.5,5.3,0.8,1.5,4.8,1.6,0.9,0.1,98.1,87.5,94.4,87.7,86.8,73.4,87.6,75.2,65.1,76.6,73.4,71.5,77.8,83.6,79.7,73.1,86.2,89.1,72.9,77.9,75.9,70.5,74.7,60.4,92,76.5,75.9,74.9,75.2,75.4,78.4,78,80.2,78.2,77.1,80.3,62.6,73.8,83.5,75.8,77.3,77.2,73.7,71.7,73.7,78.9,86,79.7,71.9,83.5,78.6,86.9,84.2,87.8,80.2,76.4,81.7,78.3,49.8,78.2,81.8,57,69.3,72.1,71.4,74.1,71.7,66.5,72.9,79.8,78.2,79,81.8,73.8,82.7,75.1,73.7,71.8,79.9,54.7,91.3,76.3,84.5,76.8,83.7,83.6,80.1,83.2,62.7,77.5,74.9,82.9,57.5,72,84.6,75.4,70.3,75.3,72.5,68.6,71.5,77.3,81,77.4,58.4,84.6,77.4,85.8,83.6,81.1,79.1,74.7,81.8,76.7,80.9,82.1,87.9,86.9,82.7,83.5,84,83.3,81.6,84,82.6,89,83.5,86.2,87.6,81.2,90.8,84.8,75.6,82.1,83.4,85.7,91.6,79.5,69.2,75.1,69.2,68.9,72.5,70.7,89.9,72.9,72.8,72.9,75.5,82.2,84.8,78.8,89.3,71.4,81.6,79.3,84.8,84.6,86,84.4,86.3,84.8,82.5,88.2,86.1,90.6,84,81.3,85.2,83.8,286,77.9,22.7,21.2,18,20.1,15.3,8.7,7.7,8,4.8,4.8,6.3,4.5,3.3,3.7,42.3,2,1,7.3,0.2,2.2,12
A00043,시도,2023,충청북도,충북,1593469,21513,20.8,2.3,19.6,7195,1.9,106.5,112.5,15.5,49.1,29.7,32.1,20.7,3,,7407,37.5,,,0,0.1,0.2,0.6,12.6,0.5,0,0.1,0.2,0.2,0,0.3,0,0.6,0.5,530.2,396,50.5,211,296.5,530.2,71.3,158.5,60.5,136.7,11.5,24.2,4.3,10,2.9,8.7,4,9.6,5.2,11.1,1.6,0.4,4.2,0.1,1.9,0.6,7,6.2,274.7,373.8,42.4,4.9,2.5,25,9,10.8,4.5,0,24.4,34.2,33.2,21.9,4.6,24.9,0.5,7.1,22.9,3.3,1,1.5,1.6,1.6,23.7,3.7,1.6,8.2,4.1,7.1,14.3,1.7,23.5,41.1,5.1,4.2,0.6,64.3,60.3,83.7,60.7,63.7,53.6,66.8,56.9,49,59,54.6,50.4,49.6,72.4,60.2,61.7,72.2,67.6,55.6,63.9,57.2,52.7,65.8,55,90.1,59.9,63,57.6,65.7,66,58.6,57.7,69.6,61.7,61.2,62.3,32.7,59.7,71,61.7,55.9,54.8,54.5,50.6,58.3,69.5,66.7,65.4,30.3,71,50,77.6,70.7,64.9,60.4,56.4,69.2,62.3,42.8,56.4,79.9,47.8,61.1,64.5,61.9,67,62.6,57.5,55.2,79.4,67.3,76.8,78.8,66.5,77.1,70.7,71.5,60.3,72.2,70.4,91.9,67.6,69.5,66.2,71.4,71.6,70.1,69.4,79.2,71.1,71.7,70.4,38.4,69.6,81,74.1,64.7,64.3,63.9,60.3,65.4,78.6,80.2,73.2,33.5,81,58,84.8,79.3,73.4,68.2,63.5,75.1,70.6,89.3,89.3,88.4,93.8,88.9,87.3,88.3,86.5,86.7,85.8,92.2,93.2,85.5,86.4,88.9,86.5,95.2,89.3,83.8,84.8,78.4,59.7,93.8,85.4,82,84.4,82.7,82.7,84.2,84.2,83.7,84.4,83,86.4,87.1,87.1,89,86.8,80,82.8,86.9,86.8,84.4,86.3,90.1,85.6,93,89,85.2,89.1,83.8,95.4,81.5,83.4,83.2,86.6,334.3,84,25.7,28.6,24,21.2,13.1,8.7,8.8,8.5,4.9,5.6,4.1,5.7,6.1,3.2,49.9,2.9,1.8,13.2,0.3,3.8,14.4
A00044,시도,2023,충청남도,충남,2130119,25827.3,21.3,2.3,19.5,9492,2.2,115.7,105.9,16.2,48.8,29.7,33.6,20.2,2.7,,8247.5,15.8,,,0,0.1,0.2,0.7,13.5,0.8,0,0.1,0.2,0.2,0,0.3,0.1,0.7,0.8,436.8,541.1,89.6,172.3,257.3,436.8,69.4,153.7,56.3,128,10.8,22.5,4.5,11.6,2.8,8.7,3.6,8.3,5.4,10.1,1.3,0.5,3.3,0.1,1.4,0.8,9.8,8.7,249.5,352.3,50.8,4.7,4.2,20.1,9.1,7.4,3.4,2.3,34.2,77.6,42.1,32.2,5.4,26.6,0.6,3.4,18.1,7.7,1.8,0.7,1,2.4,19.7,3,1.5,5.7,1.5,3.4,33.8,2.2,7.8,32,3.3,7.6,0.9,74.9,45.6,80.6,60.7,59.2,49.7,63.7,54.7,47.4,55.5,51.1,49.9,53.1,62,54.4,57.8,72.6,67,45.1,65.3,42.6,44.7,62.2,48.2,89.1,58.2,65.2,54.5,68.4,68.4,45.8,45.3,52.8,44.8,46.5,42.4,32.2,53.4,64.6,49.1,63.4,55,46.8,41.8,60.6,63.2,67.7,61.5,22.4,64.6,47.6,73.3,66.3,65.9,58.2,54.1,68.7,60.5,59.2,38.5,78.6,66,56.6,60.7,60.1,61.2,58.5,57.4,59,64.4,58.3,69.1,76.2,54.7,73.9,72.2,50.7,54.9,65.6,48.7,87.6,64.4,72.6,60.6,75.4,75.1,51.9,51.8,53.7,50.3,51.3,48.7,39.8,62.5,69.8,56.3,80.4,72.3,53.1,48.3,65.8,69.5,79.3,64.2,27.3,69.8,50.6,73.9,70.7,73.2,61.3,57.1,72.2,66.1,79.4,71.5,88.1,76.3,83.1,84.8,84,85.5,87.3,83.2,87.9,90.3,87.2,85,88.8,84.9,92.8,83.7,82.1,70,85.3,80.1,94.6,83.4,79.1,81.9,79.8,79.8,82,81.1,93.5,81,81.6,80,80.6,85.1,90.1,84,84.1,88.4,85.8,85.3,85.8,86.9,90.2,85.8,77.8,90.1,86.3,87.4,85.8,91.8,87.4,85.5,85.6,87.5,322.4,78.1,26.3,29.4,22.2,18.5,18.5,9.6,9.6,6.3,5.8,6.3,3.8,5,6.4,2.2,46.4,2.6,1.5,21.2,0.5,2.6,13.4
A00045,시도,2023,전라북도,전북,1754757,21735.2,24.1,2.7,18.8,6593,1.8,116.3,135.3,15.2,50.2,33,23.8,25,4.5,,8073.3,36.4,,,0,0.1,0.2,1,15,1,0,0.1,0.2,0.1,0,0.1,0,1,1,671.6,1018.7,111.1,204.3,333,671.6,97.1,210.9,73.5,172.9,15.5,34.1,5.4,14.1,3.2,10.7,4.8,11.8,6.4,12.7,2.2,0.2,3.5,0.3,2.3,1.3,17.4,14.9,377.6,539.7,92.8,5.2,5.9,26.5,21.5,8.9,9.6,0.1,14.3,18.7,18.7,11.5,8,22.1,1.4,5,15.9,4,6.8,0.5,0.9,2,5.5,1.9,1.4,3.6,2.8,5.4,6.1,3.6,13.2,12.5,5.9,4.2,3.3,74.7,70.6,83.2,79.8,67.1,55.1,73.3,63.1,57.6,66.1,64.9,58.7,47.9,72.4,66.7,65.2,72,54.8,50.8,73.9,51.7,61.8,66.2,59.9,88.8,69.6,75,69.6,76.7,76.8,60.9,61.9,14.3,62,62.8,60.8,40.1,60.5,75.5,60.8,56.9,64.5,61.5,57,69,74.2,64.7,70.5,43.4,75.5,61.3,84,74.9,57.7,74.8,69.8,78.3,66.6,70.2,82.9,84.8,86.6,75.6,79.5,81.2,80.5,79.2,76.2,63.6,84.4,81.1,88.2,86.8,73.5,73.1,84.2,67.6,75.7,74.7,71.7,93.3,83.5,88.2,83.6,89.5,89.6,74.5,75.8,17,75.4,76.3,74.2,58.4,78.6,88.3,78.3,76.4,81.5,76.8,75.4,83.3,87,74.4,86.8,63.1,88.3,76.6,91.8,87.7,78.4,85.4,81.3,88.8,79.8,89.7,89.7,93.6,92.8,91.5,90.5,90.3,91.4,92.6,90.6,92.8,93.7,92.2,89.5,92,88.8,95.9,93,90.7,90.2,87,88.7,94.4,90.9,90.3,90.9,90.5,90.6,91,91,95.5,91.5,91.5,91.5,92.1,91.1,91.3,91.4,88.7,90.9,92.2,91.6,90.9,92.4,87.6,91.1,93.9,91.3,93.3,91,89.9,94.8,91.8,92,91.6,91.5,319.7,81,30.2,20.9,20.1,21.6,7.5,7.8,10.9,8.3,8.4,7.6,3.7,5.5,6.3,1.8,48.1,1.7,0.8,15.1,0.3,2.3,15
A00046,시도,2023,전라남도,전남,1804217,14594.5,26.1,2.7,17.2,7086,2,120.4,130.6,14.8,49.6,35.4,23.9,24.7,3.6,,12362.3,35.5,,,0,0.1,0.2,0.8,7.8,0.6,0,0,0.3,0.2,0,0.2,0.1,0.8,0.6,928.3,944.7,37.9,206.5,447.6,928.3,83.5,173.9,75.1,145,13.9,26.8,5.9,13.2,4.5,9,5,8.7,7.7,11.1,1.6,0.1,4.7,0.2,1.3,0.9,14.5,13.6,394.6,554.6,84.1,5.8,6,29.8,15,5.7,4.6,8.9,19.3,83.2,83.2,41.8,9.5,23,4,9.4,40.1,38.3,15.1,3.6,4.1,5.1,15.4,3.7,5.9,7.7,8.6,12.3,13,4.4,21.7,23.9,9.8,5.6,4.7,53.8,55,76.6,65.6,50.6,41.4,62.2,53.3,30.6,58.8,58.4,48.3,51.9,75.4,62.2,49.4,64.7,64.2,46.1,69.3,37.2,56.7,66.2,57.7,84.2,58.5,58,56,60.1,60.2,41.7,42.4,28.4,42.8,42.8,42.6,22.1,49.2,68.1,51.1,34.3,56.9,55.9,49.5,63.9,71.7,58.7,61.5,17.1,68.1,57.3,78.6,70.5,64.6,68.9,62.4,73.6,62,25.4,52.5,60.3,60.6,56.4,63.3,49.5,67.6,71.3,60.4,55.1,76.3,68.3,66.3,65.2,57.1,61.5,79.1,33.8,78,90,59.5,88.5,68.3,69.5,66.7,70.7,70.7,44.6,46.5,4.9,44.1,42.8,46,52.2,55.8,74.4,56.7,31.4,64.2,66.9,59.8,73.9,82.7,66.3,68.1,3,74.4,65.1,82.4,74.3,64,73.8,67.7,76.4,74.5,54.7,93,94.5,96.6,83.2,87.2,79.8,88.5,86.2,83,87.6,95.7,88.8,88.4,94,91.6,97.3,90,92.9,80.9,86.7,92.4,95.7,86.3,82.5,86.3,87.1,87.6,84.2,84.2,92,88.2,87.5,89.1,64.5,90,93.7,92.7,84.6,92,88.4,88.2,89.9,90.7,96.8,91.4,97.9,93.7,88.3,93,93,97.3,87.6,91.5,92.4,88.2,332.7,82.2,26.5,23.3,20.9,19.7,8.7,8.2,11.6,9.3,7.1,7.8,3.9,5.7,8.8,3.8,47.6,3.4,1,0,0,1.3,11.1
A00047,시도,2023,경상북도,경북,2554324,13561.6,24.7,2.5,17.5,9869,1.6,110.5,127.7,14.5,49.5,34.3,25.3,23.1,3.7,,18835,43.3,,,0,0,0.1,0.4,6.9,0.6,0,0,0.2,0.1,0,0.3,0,0.4,0.6,512.8,784.7,0,197.2,312.7,512.8,59.2,141.2,56.3,125.7,9.8,23,3.6,11.2,3,7.9,2.8,7.8,4.7,10,1.7,0.3,5.3,0.1,1.4,1.1,13,11.8,290.9,429.9,79.4,4.6,5.6,21.8,15.5,6.2,4.7,5,12.1,63.3,62.8,39,6.5,19.8,4.2,9.9,34.3,10.2,5.6,1.7,3.1,7.4,9.6,2.5,4.4,11.3,4.8,9.9,8.9,5.2,12.9,23.5,17.2,15.4,3.8,64.1,61.5,73.7,39.2,62.9,48.2,66.3,52.2,40.1,52.2,47.4,38.2,43.2,62.1,55.8,51.4,60.1,60.3,48.4,62.3,38.5,51.6,63.2,42,85.7,56.6,65.3,55.3,66.8,66.8,52.3,50.8,66.9,53.8,54.5,52.4,24.3,49.1,61.3,49.4,50.9,41.7,44.8,40.4,46.9,59.3,67.1,58,30.1,61.3,49.1,74.5,64.9,58.5,58.4,57.4,65.8,54.6,0,59.4,50.1,0,54.5,58.2,55.6,56.6,52.4,40.3,40.1,53.8,61.1,66.9,54.2,60.5,50.8,66.9,41.8,66.2,82.3,37.4,86.3,63.3,76.5,63.7,77.6,77.5,61.1,59.6,75.4,62.3,63.3,60.3,22.9,56.9,70.1,59.8,59.8,47.4,49.9,46.3,49.8,67,72.9,61.8,30.3,70.1,53.2,77.9,71.4,48.8,61.8,65.4,71.2,61.2,,93.1,95.7,,91.4,91.7,91.8,90.3,91.1,91.4,90.5,93.8,92.7,91.1,93.7,92.4,97.9,92.1,78.8,74.6,78.8,89.4,96.8,87.9,84.7,87.1,86.5,86.6,84,83.5,88.5,84.5,85.7,82.3,85.5,92.4,92.5,89,90.5,90.5,90.8,89.2,91.9,91.5,95,90.6,95,92.5,92.6,90.8,91.5,97.9,88.1,89.7,89.6,89.5,328.1,82.4,28.1,25.8,20.5,21.8,8.1,8.6,9.5,8.8,8.2,4.1,6.5,5.7,6.7,2.3,47.9,3.6,2.1,9.8,0.2,2.9,12.9
A00048,시도,2023,경상남도,경남,3251158,30838.5,20.6,2.2,19.3,12803,1.7,101.7,113.8,16.2,49.6,29.6,33.7,21.4,3.1,,10542.5,37.8,,,0,0.1,0.2,1.5,16.3,1.1,0,0.1,0.3,0.2,0.1,0.6,0.1,1.5,1.1,726.9,769.6,87.5,170.6,312.2,726.9,91.2,175,76.6,149.5,15.8,29.5,4.8,11.1,3.1,8.8,6.6,11.2,6.9,11.3,2.7,0.7,5.2,0.1,1.8,1.4,13.5,11.9,404.6,534,77,4.4,4.5,35.1,18.7,9.8,8.9,0.1,16.3,51.1,47.5,15.4,5.8,16.4,3.4,12.1,31.2,12.9,4.7,0.8,1.2,2.8,9.7,0.7,1.3,3.8,2.2,12.3,19.3,1.5,17.2,26.5,7.8,3.5,1.1,76.5,69.9,87.6,75,65.3,53.1,71.4,60.5,46.4,67.5,66.8,51.5,58.5,90,70,56.9,80.7,80.7,50.7,79,59.6,43.1,67.2,61.9,89.6,67.9,68.7,64.6,69.7,69.6,66.7,65.9,77.7,66.6,68.1,63.8,38.7,59.5,85.2,60.2,78.9,61.3,61.3,54.3,67.2,80.6,64.4,69.3,33.6,85.2,67.9,86.3,78.6,80.5,73.2,68.4,78.7,71.7,56.8,78.2,79.8,67.1,64.2,70.5,68,75.3,76.7,57.9,60.3,92,76.4,78.5,79.9,65.5,76,84.5,68.1,50.5,77.7,64.2,93.8,77.4,81.5,75.8,81.6,81.4,78.4,79.2,68.1,76.9,75.7,79.1,47.1,71.8,91.3,72.2,93.5,83.1,71.3,64.6,74.4,86.9,85.6,78.3,39.7,91.3,75,91.6,84.5,75.9,78.9,76,84.9,78.4,76.9,76.9,92.5,75.7,84.9,87.5,85.4,89.9,90.4,88.4,89,90.2,91.4,86.1,92,83.7,95.6,92,88.3,82.6,88,91.1,96.4,88.2,85.3,86.5,85.5,85.6,86,87.2,70.8,85.4,84.5,87.2,81.9,85,93.7,89.9,94.1,95.1,88.1,87.3,88.7,92.6,93.4,88.8,89.1,93.7,90.9,91.5,92.2,95.6,91.8,91.5,91.9,90.6,325.2,86,30.9,24.1,16.8,23.3,6.4,14.3,10.4,6.4,18.2,3.2,5.9,6.1,5.7,2.6,44.3,2.5,1.5,15.3,0.3,2.6,10.4
A00050,시도,2023,제주특별자치도,제주,675252,36494.7,17.9,2.1,21.1,3167,2.2,109.2,100.6,18,49.9,25.8,33.3,24.8,3.1,,1850.3,8.9,,,0,0.1,0.3,0.8,26.9,0.6,0.1,0.3,0.3,0.3,0.1,0.2,0.1,0.8,0.6,454.2,216.7,0,171.6,322.8,454.2,80.1,182,66.3,157.6,14.2,26.8,5.6,11.6,2.5,9.5,3.3,10.8,4.9,12.4,2.5,0.3,2.2,0,2.4,1,4.7,4.6,333.1,479.5,35.4,5.3,1.3,23.3,6.2,10.4,2.4,100,23.3,21.2,100,17,17,34.1,3.9,15.2,19,21.2,5.1,11.7,15.1,13.6,15,12.9,15.1,19,13.9,15.2,15.3,15.2,15.1,34.7,15.1,13.7,13.1,0,68.6,86.1,73.8,63.8,50.4,70.8,58.5,53.6,56.5,51.3,45.1,50.2,71.2,51.3,62.1,75.9,74.4,54.7,64.8,57.3,51.8,64.7,62.8,77.4,55.1,47.9,48.5,51.5,53,56.3,51.5,70.1,60.2,61.4,57.5,32.8,56,69,53.1,44.4,36.1,48.2,45.4,58,63.4,6.7,62.2,52.4,69,33.4,71.8,66.9,74.4,50.3,52.2,59.3,54.9,0,81.5,94.3,82.5,76.2,82.1,82.1,79.6,76.5,64.7,68.8,83.8,73.6,92.5,93,84.3,88.6,88.1,85.1,79.3,90.6,88.3,97.3,79.7,80.1,77.9,84.2,86.2,86.1,82.7,96.1,91.4,92.4,89,52.2,84.7,93.7,84.6,77.8,81.7,73.4,73.6,82.3,89.1,6.7,86.6,79.5,93.7,50.5,90.8,88.5,88.6,68.8,76.3,80.7,79.2,,88.9,93.3,95.1,92.3,91.6,91.2,92.1,96.3,94.5,95.1,96.4,94.3,88.5,94.9,94.3,97.5,90.8,96.5,95.5,95.2,84.8,94.6,92.8,96.5,96.3,98.8,98.8,97.3,97.2,97.5,97.3,96.9,98.5,97.3,93.9,96.4,94.7,100,97.1,95.3,96.3,92.9,94.7,100,89.9,98.1,96.4,94.1,86.3,88.2,97.3,91,88.1,86.4,93.4,312,84.7,25.9,27.3,14.7,18.9,11.3,8.2,13,9.6,3.9,4.3,2.6,4,5.4,3.9,45.7,1.6,1.6,31,0.7,1.9,10.7
A00051,시도,2023,강원특별자치도,강원,1527807,9077.4,24,2.4,18.3,6571,1.5,107.7,115.7,14.4,49.7,33.7,25.4,22.9,3.5,,16830.8,69.5,,,0,0,0.1,0.3,4.7,0.2,0,0,0.1,0.1,0,0.3,0,0.3,0.2,591.5,252.2,104.8,222,354,591.5,105.1,181.7,80.6,146.7,17.3,28.5,6,11.8,3.4,10.2,4.1,10.4,7.4,12,2.4,0,4,0,2.2,0.2,4.9,4.5,387,486.6,28.7,5.4,1.4,27,4.1,9.6,0.9,5.7,28.7,76.2,76.2,27.3,22.2,32.5,6.2,15.1,27.7,26.8,43.2,4.6,7.9,13.2,20.9,12.7,7.9,12.1,8.1,13.9,11.4,13.4,20.5,21.6,15.6,17.7,9,71.3,61.8,68.4,60.5,55.4,45.5,59.5,49.6,44.1,50.1,50.6,37.6,37.9,47.3,54.1,54.4,63.3,47,47.7,50.1,45.7,54.1,63.2,51.4,83.4,49.3,46.1,48.6,52.1,52.1,39.9,40.7,11.9,36.7,33.4,41.1,32.8,51.4,60.2,48.4,65.9,61.1,49.8,45.4,49.5,52.5,68.6,51.1,39.6,60.2,42.4,66.6,62.6,48,51.7,50.8,63.9,49.7,68.9,85.6,79.1,77.8,71.6,72.7,72,71.5,74.1,56.6,56.3,68.7,71.3,82.2,83,74.9,63.6,72.8,64.3,78.1,89.7,67.2,91.8,69.1,59.3,69.3,66,65.7,54.5,55.6,15.1,51.5,48.2,55.9,55.3,77.7,83.2,73.6,92.1,75.9,73.4,73,73.7,77.8,87,71,64.1,83.2,53.2,82.7,82.4,65.8,66.4,67.1,79.7,71.4,79.2,80.2,86.3,84,82.9,84.5,83.1,84.9,86,84,82.2,87,87.9,82.9,84.9,83.5,93,85,83.8,80.3,88.7,79.8,93.8,85.3,87.5,85.9,89.4,89.2,85.2,85.3,73.3,84.9,83,87.4,83,83.9,89.5,84.9,73.3,91.7,84,85.6,84.3,87.5,88.3,86.1,87.6,89.5,87.5,86.8,84,91.5,87.3,87.3,84.1,87.9,328.5,81.1,31.7,26,28,18.1,10,9.1,10.3,7.3,3.4,7.4,3.5,4.4,5.2,1.9,49.3,1.9,0.6,0,0,2.4,8.6
B00001,중진료권,2023,서울특별시,서울서북,1610578,1268859.2,18.7,1.5,25.4,6992,1.6,104.8,103.5,12.3,52.5,26.2,,19.6,2.7,,126.9,0,,,2.4,4.7,7.9,29.1,1255.8,11,0.8,4.7,7.9,7.9,3.9,13.4,5.5,29.1,11,618.3,126.4,309.4,433.6,490,618.3,298.4,458.2,182.1,327.5,42.2,67.1,15.8,22.1,6.4,17.8,11.9,19.7,10.1,18.7,6.5,0.2,5.8,0.1,3.2,0.5,3.1,2.5,743.5,858.2,18.1,4.7,1.5,22.4,5.6,3.3,3.3,0,0,0,0,0,0,0,0,0,0,0,0,0,0,0,0,0,0,0,0,0,0,0,0,0,0,0,0,98.6,90.6,96.1,98.8,96.2,89.9,95.5,89.2,81.4,87.4,89.3,89.3,90.2,92.2,86.4,80.3,89.8,95.5,87.3,86.3,84.7,72.5,78.2,86,95.6,82.2,65.9,78.8,62.8,63.5,81,75.1,98.5,82.5,83.5,80,91,90.1,86.1,82.4,88.9,71.4,88.3,86.1,90.2,88.8,89.4,86.6,92.6,86.1,83.7,84.8,87.9,95.6,83,84.2,80.9,87.5,66.9,32.3,62.2,62.9,66,65.6,65.9,62.4,67.6,65.9,61.1,66.7,58.3,63.1,58.8,62.8,67.6,63,63.3,33.6,39,34.9,84.8,55.1,32.8,48.4,35.1,35.9,53.4,39.3,95.2,59.7,49.8,59.7,69.6,68.4,59.6,57.8,49.4,27,63.6,57,68.8,64.7,60.6,61.7,59.8,59.6,50.1,64.4,65,67.6,56.8,56.4,51.9,64,20.6,8.5,49.1,26.7,26.8,28.8,26.8,31.3,27.7,25.1,30.8,27.8,46.8,43.8,52.2,31.6,49.9,28.4,45.9,18.4,43.8,50.6,68.8,33.8,63.4,38.9,65,66.8,48.4,54.8,42.4,47.7,45.6,55.6,17.6,36.6,42.8,39.6,40,49.4,30.6,31.6,30.1,36.4,36.8,42.1,32.9,42.8,50.3,48.4,60.6,47.2,48.5,49.5,54.6,37.5,,,,,,,,,,,,,,,,,39.4,2.3,1.7,30.5,0.5,3.8,11.7
B00002,중진료권,2023,서울특별시,서울동북,2855095,1670970.5,19.8,1.7,23.5,11935,1.4,98.4,111.1,12.5,51.6,27.9,,20.6,3.4,,170.9,0,,,2.3,5.9,9.4,43.9,1237.2,22.2,1.8,5.3,8.8,10.5,5.3,15.2,7.6,43.9,22.2,449.9,240.8,127.7,230.8,275.6,449.9,129.3,238.7,85.9,188.2,19.4,39.8,5.6,11.3,4.9,11.5,4.1,11.3,7.8,15.8,3.6,0.5,3.4,0,2.5,0.7,5.5,5,387.1,476,33.5,4.1,2.2,27.1,7.6,3.5,3.5,0,0,0,0,0,0,0,0,0,0,0,0,0,0,0,0,0,0,0,0,0,0,0,0,0,0,0,0,99,96.1,96,98.4,96.4,89.7,95.6,88.6,80.2,87.7,87.3,87.6,87.9,90.6,88,84.4,89.7,94.9,86,88.6,78.1,80.2,84.3,89.1,95.5,83.7,70.5,81.6,67.1,67.8,76.2,77.3,63.5,74.2,72.1,77.6,86.5,88.5,88.1,84.9,93.9,89.1,88.2,87,85.8,85.8,89.1,88.8,86.3,88.1,86.9,88.8,89,94.7,84.2,85.2,86.7,88.4,62.6,69.6,63.9,60.8,66.8,66,65.8,65.2,62.5,54.5,56.6,63.4,71.3,75,62.7,65.1,66.7,68,54.3,59.6,74.8,81,83.5,62.9,55.4,63.8,52.8,53.4,53.2,53.6,47.8,52.2,55.9,52.2,51.4,67.6,71,63.1,89.2,77.1,67.4,65,64.3,69,73.4,72.2,48.4,71,65.2,78.8,76.4,65.7,65.1,65,74.4,68.7,61.5,63.1,78.1,54.2,66.2,65.7,67.2,65,63,59,63.8,76.5,61.8,73.1,75.1,64.7,74.5,68.1,57.6,51.1,63.1,43,89.5,65.9,69.3,65.9,70.2,70.3,62,61.2,74.3,60.1,58.4,63,54.8,65.3,71.3,63,57.3,60.1,64.7,61.7,64.6,66.4,74.7,68,68.6,71.3,61.2,79.9,71.3,73.1,59.2,62.3,66.4,65.8,,,,,,,,,,,,,,,,,41.3,1.5,0.8,8.8,0.1,1.5,12
B00003,중진료권,2023,서울특별시,서울서남,1993766,1710614.4,18.4,1.7,24.6,9816,2.8,91.7,105.8,13.3,51.2,26.1,,18.9,2.9,,116.6,0,,,1.7,5.1,14.6,52.3,1392.5,24.9,1.7,5.1,11.2,11.2,5.1,19.7,11.2,52.3,24.9,481.4,334,89.5,200.9,306.9,481.4,128.1,256.5,97.3,216.2,19.7,42.8,6.8,12.3,5.4,14.6,5.2,12.7,9.2,17.4,3.3,0.5,2.1,0,2.6,1.3,7.1,6.6,444.3,552.9,43.2,3,2.5,30,12.8,6.4,6.4,0,0,0,0,0,0,0,0,0,0,0,0,0,0,0,0,0,0,0,0,0,0,0,0,0,0,0,0,98.7,96.2,97,98.6,96.5,87.2,96.2,87.8,78.3,86.9,87.3,86.2,87.1,91.1,88.1,83,90.3,95.1,88,86.1,80.8,64.9,84.7,82,96.6,84.7,77.4,83.9,72.4,72.7,81.8,81.8,81.7,81.4,80.2,83.8,85.7,87.3,88.7,87.4,84.1,89,87.4,86.7,87.5,89.4,93.4,87,93.2,88.7,87.4,90,88.2,94.7,85.4,84.3,84.3,87.1,53.3,78.1,68.6,54.4,59,61.9,57.6,61.9,58.7,58.2,60,61.1,68.3,67.5,68.4,64.6,74.5,60.7,58.2,17.3,53,69.1,78.2,60.5,56,61.9,49.1,49.5,57.1,59.9,20.1,53.7,62.6,53.7,52.1,60.4,61.6,64.9,25.7,68.6,64.2,64.2,57.9,63.2,58.3,66.7,76.7,61.6,67.7,72,69.3,72,66,64.2,66.4,65.4,57.1,57.1,68.3,54.3,57.2,57.7,56.9,55.8,56.8,55.2,56.4,68.8,50.9,65.5,68.8,58.2,67.8,61.1,48.2,53.9,64.3,17.1,82,54.8,51.3,52.3,52.3,52.5,50.2,50.6,38.9,52,51.8,52.1,49.5,61.1,65,55.1,45.3,61.4,54.7,53,53.9,61.4,63.3,57.9,43.1,65,49.3,71.2,62.9,67.1,50.9,47.1,54.9,53,,,,,,,,,,,,,,,,,41.8,2.6,1.3,10.9,0.2,1.6,10.6
B00004,중진료권,2023,서울특별시,서울동남,2926595,1533406.8,17,1.3,25.9,12372,1.4,90.6,96,14.5,51.5,23.9,,17.6,2,,190.9,0,,,2.6,5.2,6.8,59.2,2297,15.2,0.5,5.2,5.8,6.3,4.7,15.7,6.3,59.2,15.2,638.1,180.7,264.6,382.6,407.3,638.1,244.1,497.5,169.5,397.8,40,66.8,15.4,25.6,7.5,23.6,8.7,19.2,11.2,20.6,5.3,0.4,2.6,0.1,3.1,0.7,3.8,3.6,713.3,855.7,27.9,3.8,1.2,28.8,7.8,3.3,3.3,0,0,0,0,0,0,0,0,0,0,0,0,0,0,0,0,0,0,0,0,0,0,0,0,0,0,0,0,98.7,91.4,96.1,98.4,96,89.3,95.3,88.5,80,87.5,87.7,90.9,89.8,91.9,88.3,81.6,90.7,94.5,85.7,86.8,72,78.3,82.8,79.3,94.8,83.3,69.2,80.3,63.5,64.4,76.8,77.6,44.9,73.3,72.3,75.3,89.6,87.5,83.9,82,90.8,85.4,85.8,87.1,85.8,85.4,93.8,85.9,92.6,83.9,88.6,84.1,87.8,94.6,83.6,85.3,85.1,85.5,74.2,34.5,79.2,74.1,69.8,68.6,70,67.7,66.6,74.1,72.9,75.7,70.3,69.7,79.4,61.1,81.3,68,38.7,51.1,48.9,23.4,84.9,60.9,37.7,53.6,36,36.8,44.5,45.3,14,40.1,41.7,40.1,68.2,67.3,60.1,54.5,66.8,62.4,63.1,66.1,65.5,66.6,71.6,66.6,71.6,60.1,72.1,68,69.8,80.9,65.3,68.4,66,64.6,24.3,42,50.5,26.9,28.8,30.5,30,31,26.7,25.2,29.6,38.2,36,45.2,47.3,26.7,44.3,26.6,36.2,42.2,50.5,42,75.3,32.7,48.5,31.6,52.1,52.1,45.7,45.9,30.1,44.8,45,44.3,18,31.2,44.2,36.6,50.9,40.9,26,23.5,27,36.9,54.7,36.2,36,44.2,24.9,57.8,58,42.7,32.7,25.6,45.9,34,,,,,,,,,,,,,,,,,36,1.9,1,0,0,1.8,12.2
B00005,중진료권,2023,부산광역시,부산서부,916755,306177.2,21.2,2.2,19.8,4010,1.4,85,111.8,14.4,50,30.9,,21.5,5.1,,299.4,0,,,0,1,1.3,15.7,179,16,0,0.3,1.3,1.7,0,3.3,1.7,15.7,16,651.5,988.5,0,133.8,160.3,651.5,62.8,158.2,58.2,147.6,12.5,31,3.3,9.9,4.3,12.3,4.7,11.8,8.3,14.3,1.6,0.1,4.4,0.1,2.3,0.9,17.7,15.8,306.8,434.1,92.4,5.1,6.8,48.3,17.9,6.1,6.1,0,0,0.2,0,0,0,0.1,0,0,0.9,0,0,0,0,0,0,0,0,0.4,0,0,0,0,0,0.1,0,0,0,87.9,90.6,94.8,96.6,90.6,83.8,91,84.4,71.4,87.8,87.1,85.1,87.3,92.7,90.6,76,90.8,94.3,84.8,91.3,90,91.9,82.6,88.7,95.9,88.2,88.9,88.8,89.3,89.2,89.6,88.8,94.3,91.8,92.4,90.8,79.5,89,93.1,88.4,10,88.1,88.6,88.6,89,92.7,18.2,87,85.8,93.1,88,93.1,92.6,94.4,90,88.1,89.8,89.6,0,0,62.3,0,18.6,20.1,10.1,41.7,32.2,33.8,43.2,69.1,64,19.2,61.8,15,66.7,56.7,66.3,1.2,23,76.6,66.9,50,64.9,48.7,65.2,65.3,60.7,57.6,77.8,63.4,64.9,63.4,17.3,23.6,55.6,41.2,0,18.4,33.8,25.7,29.6,56.2,0,43.5,2,55.6,54.7,67.5,70.8,65,56.5,54.1,65.3,52.2,,,66.4,,51.8,56.7,54.9,62.3,62.1,56.1,60.9,81.7,63.2,65.8,68.8,49.4,74.6,74.2,51,80.6,64.8,36.3,80.1,61.1,59.8,58.7,58.4,58.1,53.5,51.1,66.5,52,49.7,56.2,43.4,48,71.2,50.3,,54.2,58.3,48.6,64.5,73.1,,63.6,33.5,71.2,61.4,77,71.1,74.3,60,58.5,66.2,66.6,,,,,,,,,,,,,,,,,49.2,2,1,50.8,1.1,2.8,13
B00006,중진료권,2023,부산광역시,부산중부,1427322,1128013.9,24,2,20.7,5459,1,95.7,117.3,13,51.7,32.7,,22.6,4.4,,126.5,0,,,2.4,8.7,15,67.2,1040,53.7,0.8,4.7,14.2,13.4,5.5,16.6,7.1,67.2,53.7,1070.7,1036.4,211.6,501.7,632.9,1070.7,202.3,351.3,150.4,286.1,35,60.7,13,20.7,8.5,16.8,7.4,15.3,11.8,18.7,5.7,0.6,4.1,0,3.9,1.6,19.1,18.2,802.4,961.7,105.7,6.2,6.4,55.1,24,8.7,8.7,0,0,2,0,0,0,0,0,0,0,0,0,0,0,0,0,0,0,0,0,0,0,0,0,0,0,0,0,85.3,84.8,95.4,97.6,90.6,87.2,91.8,88.4,70.9,89.8,88.1,89.5,89.2,93.2,93.1,78.2,93.9,98.8,87.1,90.4,92.7,93.9,88,90.4,97.9,89.8,89.7,90.2,90.3,90.5,91.4,91.7,84.6,92.9,92.8,93,79.1,91.3,94.2,92,35.3,91.4,91,91.1,90.6,93.1,73.7,88.5,95.4,94.2,91.6,91.5,93.5,98.7,92.5,92.4,90.8,92,77.1,66.4,71.9,76.4,71,73.9,69.2,71.9,71.3,70.4,73.1,77.2,72.4,71.9,72.2,73.7,76.1,76.3,53.4,88.9,77.6,24.7,82.1,69.5,65.6,69.7,66.7,66.8,62.5,64.2,30.4,59.6,64.2,59.6,61.3,72.4,79.6,68.5,35.3,85.4,74.6,74.3,78.8,78.8,73.7,69.8,72,79.6,73.9,70.5,76.1,76.8,74.8,75.3,74.1,77.7,39.2,36.5,59,41.7,44.7,47.9,40.7,50,48.3,43.4,47.4,70.8,58.2,46.5,58.2,45.1,61.8,57.8,49.7,44,52.6,52,72,53.8,62.1,54.4,62.1,62.2,55,55.1,51.3,54.4,51.8,59.2,39.7,48.7,63.4,45.8,46.2,47.9,49,46.7,48.6,58.7,60.9,50,47.2,63.4,49.6,63.8,66.6,61.2,54.5,54.7,62,52.3,,,,,,,,,,,,,,,,,52.3,3.2,1.7,0,0,2.4,12.2
B00007,중진료권,2023,부산광역시,부산동부,949285,274871.7,22,1.8,21,3683,1.1,95.2,108.5,14.7,51.8,30.6,,21.2,3.8,,345.4,0,,,0,1.2,1.7,11.3,215.7,13.3,0,0.6,1.7,2.3,0.3,3.2,1.7,11.3,13.3,580.3,878.1,0,225.9,281.1,580.3,94.4,210.3,80.9,186.5,17.6,38.7,6,13.8,5.8,13.1,6.6,13.7,6.8,15.5,2.3,0.5,3.1,0.1,2,0.7,14.7,13.9,370.4,500.3,86.3,4.7,5.8,31.5,13.4,5.1,5.1,0,0,0,0,0,0,0,0,0,8.4,0,0,0,0,0,0,0,0,0,0,0,0,0,0,0,0,0,0,73.7,77,93.6,98.8,87.1,76.3,88.1,78.1,49.9,83.2,80.3,82.3,82.9,92.5,87,64.1,91.5,97,74.5,85.8,86.6,62.9,70.3,81,95.2,84.6,87.1,84.7,88.2,88.4,83.7,84.4,78.1,84.5,82.5,88.4,68.9,82.3,89.7,85.7,33.3,77.3,81.7,80.6,79.1,87.2,40,83,89.1,89.7,84.9,91.9,87.4,96.8,87.1,86.1,85.3,86.6,0,0,68.1,47.3,41.3,42.5,39.4,50.8,49.5,40.7,52.3,71.1,56.5,47.2,67.6,35,73,59.8,56.9,27.3,33.4,64.1,71.7,52.8,56.3,51.7,57.6,58,47.8,48.1,45.6,48.7,61,48.7,39.2,44.1,64.6,49.3,0,19.4,45.8,44.2,37.5,58.1,20,47.3,72.1,64.6,46.4,73.4,60.3,72.3,50.7,48.2,56.3,41.6,,,60.6,48.6,53.3,51.5,55.3,57.3,54.7,47.7,54.2,74.8,57.7,60.3,56.9,52.7,58.7,71.8,55.6,52.7,62.2,42.9,73.4,57.3,57.3,56.2,58.3,58.3,56.4,57.3,49.8,56.9,51.5,65.9,42.1,53.8,71.6,60.1,,58.3,55.9,54.9,54.9,68.3,66.7,57.4,53.1,71.6,55.8,74.9,64.7,58.6,61.8,58.4,62.8,61.4,,,,,,,,,,,,,,,,,45.5,2.2,0.6,0,0,1.4,16.5
B00008,중진료권,2023,대구광역시,대구동북,1258832,350014.8,19.3,1.9,21.4,4952,0.9,100.3,110.9,15.8,51.1,27.4,,21.3,3.6,,359.7,0,,,0.6,1.1,2.2,16.4,331.2,8.6,0.3,0.8,2.2,1.7,0.8,2.8,2.5,16.4,8.6,704.9,465.2,146.6,223.4,291.1,704.9,118.7,271,89.1,232.2,18.4,44.2,7.3,15.7,6.4,16.4,6.1,15.6,6.8,14.5,2.6,0.6,3.6,0,3.2,0.9,8.9,8.3,483.2,623,57.7,4.8,2.8,50.6,13.8,5.6,5.6,0,0,0,0,0,0,0,0,0,0.1,0,0,0,0,0,0,0,0,0.1,0,0,0,0,0,0,0,0,0,88.6,89.6,96.2,96.4,88.8,87.5,89.6,88.3,77.2,89.8,88.6,87.1,88.3,96.4,91.1,84.7,94.3,98.1,83.4,90.5,94.1,84.1,87.6,97.3,97.8,88.8,86,89,88.5,88.6,92.6,92.8,90.3,93.5,93,94.4,77.5,90,94.6,92.8,73.2,89.8,91.4,90,90.1,93,93,91.5,96.5,94.6,89.2,95.1,93.9,98.1,90.4,85.5,89.4,89.1,54.2,58.9,86.3,45,62.3,62.2,63.9,66.5,63.2,54,64.5,88.7,69.4,69.1,80.5,53.8,85.2,72,72.3,22.7,17.4,89.9,83.7,64.5,59.4,61,59.3,59.5,70.8,69.8,80.6,71,71.7,71,50.7,59.6,73,63.8,14.6,50.9,61.2,56.7,69.3,71.4,81.4,72.6,81.1,73,63.6,86,74.1,84.8,71.3,61,72.6,56.7,38.5,41,56.6,36.9,46.7,48.5,46.9,49.8,47,45.7,52.2,52.6,53.5,54.9,53.6,45.8,54.8,57.7,43.9,46.9,56.3,37.2,71.1,52.4,61.5,53.2,61.5,62,48.9,49.2,46.4,49.8,48.2,52.9,37.7,48.2,60.9,49,31.6,42.7,46.7,45,46.8,59.1,55.6,49.7,45.3,60.9,44.1,66.3,62.1,54.2,53.7,49.5,59.5,50,,,,,,,,,,,,,,,,,44.7,3.5,2.5,0,0,3.5,11.1
B00009,중진료권,2023,대구광역시,대구서남,1093140,208024.1,19.5,2.1,20.5,4580,1.5,95.1,119.3,15,50.6,28.6,,22.5,4.7,,525.5,18.1,,,0.6,1,2.1,9.7,148.6,7.6,0.2,0.6,2.1,1.3,0.6,2.1,1.3,9.7,7.6,921.1,708.1,258,340.8,461.3,921.1,160.1,265.8,115.7,216.3,24.6,46.2,10.3,18.2,5.7,11.5,5.9,13.8,9.4,17,4.2,0.4,5.5,0,3.6,0.7,12.5,11.3,656.8,777.2,72.8,6.7,5.2,45.8,15.2,6,6,0,0,0,0,0,0,0.1,0,0,7.8,0,0,0,0,0,0,0,0,0.1,0,0,0,0,0,0.1,0,0,0,91.8,88.8,96.2,93.4,89.4,85.8,90.9,87.8,75.2,89.5,89.2,90.1,90.7,92.1,90.8,83.1,94.5,97.9,83.9,89.8,90.9,87.9,93.7,92.8,97.2,88.3,85.6,89.1,88,88.2,87.6,88.2,77.8,88.5,88.6,88.3,79.8,90.7,94.2,91.9,95.3,93.7,92.1,91.7,89.8,92.4,70.8,90,92.8,94.2,89.2,90.2,93.7,97.6,89.3,87.9,89.3,91,67.3,53.3,78.4,75.4,63.2,68.6,62.2,68.6,70.8,72.5,76.8,55.4,72,71.8,80.5,67.8,84.1,72.2,50.3,80.5,89.1,26.7,76.8,68.7,69,71,72.2,72.7,49.9,52.9,2,52.4,58.2,52.4,59.4,73,81.1,69.4,90.6,73.9,72.8,72.4,67.6,77.7,58.3,66.7,45.1,81.1,65.3,65.2,79.1,83.4,69.3,68.5,72.5,76.7,42.5,32.3,67,30.6,43.2,46.8,42.5,51.2,50.9,47.7,50.3,69.4,51.6,49.3,61.1,42.8,63.7,57.2,49.4,47.3,68.8,60.4,74.6,52.9,57.5,52.1,55.2,55,50,50.1,29.3,50.9,50.4,51.8,41.4,44.9,62.2,50.1,53.7,55.5,49.1,46,53.2,59.1,26.4,54.4,38.7,62.2,48.8,66.2,57.1,62.5,54.8,52.3,59.5,52.8,,,,,,,,,,,,,,,,,47.1,3.3,2.6,22.1,0.4,3.1,12.8
B00010,중진료권,2023,인천광역시,인천서북,693363,130708.8,14.9,1.6,23,3358,2.2,94.7,85.7,18,49.7,22.7,,18.1,2.6,,530.5,13,,,0,0.4,1.1,3.4,60.1,2.8,0,0.6,1.1,0.9,0.2,1.5,0.2,3.4,2.8,424.2,367.3,0,142.9,295.4,424.2,67.8,143.4,60.1,127.9,13.1,25.8,3.5,6.6,3.2,8.2,4.2,12.1,4.8,10.5,1.4,0.4,3.6,0.1,0.7,0.7,6.5,5.9,287.3,358.4,39.1,7.1,3,15,10.2,5.2,5.2,0.2,4.8,4.1,6.4,0.2,1.3,6,0.2,0.9,11.3,3.3,1.3,0.9,0.9,0.9,6.2,1.3,0.9,2.1,1.4,0.9,9.9,0.9,3.6,11.3,0.9,0.9,0.9,97.5,76.7,94.7,89.9,86.2,73.9,88,77.4,71.2,78.4,71.7,65.7,76.4,84.5,79.6,80.7,85.9,87.4,72.8,88.5,77.7,67.5,82.6,75.2,93.5,77.7,74.7,72.3,76.5,76.2,77.1,78.4,73.1,78.6,75.7,86.3,55.9,69.1,86.1,77.6,92.5,77.8,69.1,65.4,69.5,80.5,82.8,81.4,69.2,86.1,79.3,88.3,86.2,85.9,85.8,77.8,85.4,75.3,0,0,48,0,47.3,55.5,54.6,49.9,47.2,38.9,41.1,48.7,52.4,67,52.3,50.5,44.8,72,6.7,26,47.6,54.2,76,49.2,45.9,38.7,52.2,51.7,15.7,20.5,0,13.5,19.1,13.5,24.8,33.7,66,24.6,87.5,46.1,31.8,28.8,40.8,53,65.6,51,2.8,66,44.9,69.2,67.5,41.5,58.3,45.1,62.4,44,,,60.4,,58.2,61.7,60.7,62.1,59.7,65.8,60.3,68.3,63.4,63,61.8,56.9,65.4,66.9,35.4,55.4,58.7,68.4,76.1,58.2,44,52.6,46.4,45.9,40.7,40.7,10,40,37.1,45.5,58.1,57.3,60.3,55.1,48.6,57.5,62,61.9,63,64.3,47.1,62.4,59.1,60.3,62.2,67.2,65.8,65.2,64.6,64.2,65.8,62.9,,,,,,,,,,,,,,,,,49,3.1,1.8,0,0,4.1,13
B00011,중진료권,2023,인천광역시,인천동북,774404,998312.5,17.3,2,22,3328,2.8,93.2,102.2,13.5,50.6,26.8,,20.7,3.7,,77.6,0,,,1.3,5.2,6.4,24.5,649.7,15.5,0,5.2,5.2,6.4,1.3,10.3,3.9,24.5,15.5,498.4,265.8,102,237.3,270.1,498.4,101,193.6,86.4,171.5,18.2,34.6,5.7,11.9,3.5,9.2,3.1,10.3,6.1,12.8,2.5,0.1,3.7,0.1,3.5,1,5.8,5.4,418.4,510.2,34,7.5,2.8,46.5,14.3,9.2,9.2,0,0,0,0,0,0,0,0,0,0,0,0,0,0,0,0,0,0,0,0,0,0,0,0,0,0,0,0,99.1,92.2,93.6,93.2,94.2,87.1,93.8,86.8,84.2,88,85.8,83.7,86.8,87.8,89,88.4,91.7,96.5,87.5,85.9,93.8,86.2,91.3,88,97.4,88.4,70.9,89.1,88,88.1,95.1,94.6,96.3,95.9,96,95.6,78.1,88.7,91.3,90.4,90.9,87.8,87.1,87.8,86.3,89.6,98.3,90.7,93.9,91.3,89.7,92.1,91.4,95.9,90.4,88.6,90.4,87.9,48.4,0,38,11.5,52.6,51.8,54,53.8,52.7,58.1,39.5,27.9,56.6,54.9,33,53,38,41.2,71.5,63.1,70.5,42.1,72.6,53.2,50.9,54.9,48.8,47.8,73.8,67.6,87.2,78.4,76.3,78.4,43.9,58.3,55.8,66,27.3,64.6,56.6,57,58.1,60.8,80.6,59.6,79,55.8,61.4,49,60.9,37.4,56.2,61.9,59.3,57.8,52.8,,77.1,36.4,58.7,59.8,60.9,52.9,56.2,58,64,70.2,63.6,66.1,71.8,58.1,77.5,60.2,37.3,17.1,34.9,55.1,84.7,53.7,56.7,52.9,53.7,53,44.7,43.5,47.1,43.7,42.3,48.1,51.1,54.2,63.6,36.5,66.7,55.9,47.9,47.8,56.3,57.8,81.2,54.5,38.1,63.6,56.1,71.1,71.5,75.9,55.2,53.4,63.2,54.4,,,,,,,,,,,,,,,,,48.4,2.5,0.6,0,0,2.5,15.1
B00012,중진료권,2023,인천광역시,인천중부,644812,186677.2,19.6,1.9,21.4,2911,2.4,98.3,100,14,49.1,27.7,,22,4,,345.4,57.5,,,0.3,0.6,1.7,6.1,97.9,4.9,0.3,0.6,2,2,0.6,2.9,1.2,6.1,4.9,539.1,551,140.8,187.8,338.1,539.1,124.5,214,97.9,178.8,20.6,36,6.8,13,8.8,13.6,6.4,12.3,8.2,15.4,2.9,1.2,3.7,0,1.7,1.4,10.7,9.5,487.6,585.9,55.8,5.4,3.9,27.6,17.8,9.5,9.5,1.7,3.1,3.1,3.2,3.1,3,3.9,2.6,3.7,15.9,3.1,2.6,2.4,3.2,3.6,3.1,2.1,3.2,15.1,2.2,3.6,3.6,3.6,3.5,3.7,3.7,3.7,3.2,96.5,91.2,93.2,85.2,84.5,75.8,87.5,80.3,70.1,80.5,79.2,72.9,79.5,80.2,80.8,75.7,82.4,88.6,81.3,78.9,84.4,79,74.8,70.4,92.4,81.8,85.6,82.7,85.8,85.4,85.5,86.5,79.8,85.8,84.2,89.4,68.7,82.5,84.6,83.7,85.2,90.8,80.3,78,78.3,80.7,91.2,83.8,75,84.6,80,87.5,82.1,87.4,84.9,84.6,80.9,79.4,52.3,61.9,70.3,54.3,43.8,55.7,50,53.3,54.8,50.3,62.3,61.5,53.6,59.8,65.1,56.7,74.9,48.9,27.5,54.8,45.2,56.3,69.1,55,59.8,52.2,58.8,58.9,36.2,42.1,0.5,31.6,43.6,31.6,38.5,54,58.4,39.8,18.5,79.3,50.3,39.4,53.2,55,70.2,53.7,29.1,58.4,51.5,66.9,57.9,74.2,57.8,63.6,56.5,48.8,44.2,44.2,31.4,28,44.4,52.3,48.5,49.6,55,48.8,34.7,36.9,53.6,51.1,32.7,53.3,33.3,50.7,51.6,57.5,50.8,50.5,77,49.2,48.1,50.1,49.8,49.6,49.8,49.8,40,49.9,47.3,53.7,47.1,53.4,52.1,57.3,45.5,54.3,54.4,52.5,54.9,51.1,69.6,50.6,40.8,52.1,49,54.7,54.5,32.7,50.9,53,56.2,49.2,,,,,,,,,,,,,,,,,54.2,5.2,2.4,35,0.7,4.2,16.5
B00013,중진료권,2023,인천광역시,인천남부,884831,778598.8,15.1,1.7,23.1,4050,2.1,91.2,92.6,17.4,50.4,23.2,,17.9,3.3,,113.6,0,,,0.9,0.9,3.5,17.6,537.6,15.8,0.9,1.8,3.5,3.5,0.9,6.2,0.9,17.6,15.8,403.7,393.6,154.5,154.5,226.7,403.7,83.1,202.1,59.7,166.7,13.9,32.7,4.7,12.3,1.5,8.4,2.6,11.4,6.6,14.5,1.8,0.8,2.4,0.2,2.3,1.4,8.6,7.6,340.9,449.8,46.2,3.6,3.3,37,15.6,9.5,9.5,0,0,0,0,0,0,0,0,0,0,0,0,0,0,0,0,0,0,0,0,0,0,0,0,0,0,0,0,99.3,93.9,94.4,88.8,87.4,80.6,89.3,83.2,78.4,84.4,82.4,76.5,81.6,82.2,87.2,86.4,91.3,94.1,84.3,80.8,92.1,79.1,86.1,57.1,96.7,85.4,88.6,88,88.6,88.4,92.3,89.5,98.8,92.2,92.6,90.9,70.7,88.2,87.5,85.8,58.3,77.4,85.7,85.4,79.5,86.1,83.6,89.7,87.1,87.5,85.4,90.5,90.1,93.3,89.6,88.3,87.2,86.6,44.4,57.8,24.4,22.3,38.2,44.3,42.7,44.4,43.9,32.7,13.5,31.9,56.7,50.7,28.7,48.1,2.7,43,72.9,27.2,39.1,18.8,78.2,46.3,51.8,54.8,57.2,56.7,60.2,60.1,60.5,56.2,61.1,56.2,33.8,53.9,47.1,55.9,33.3,19.1,50.3,55.5,45.6,45.2,25.5,54.1,20.8,47.1,47.6,52.2,59,3.4,51.7,47,56.1,51.4,46.4,46.4,62.5,32.4,46.4,53,50.7,51.1,50,50.9,46.3,63.4,54.5,56.7,59.6,48.3,44.3,56.6,41.6,40.3,55.8,45,74.4,49.6,46.1,47.1,46.3,46,43.3,41.8,47.2,43.2,45.5,37.9,41.5,49,60.1,42.1,57.1,39.3,46.5,43.8,50,54.9,82.4,53.1,43.2,60.1,47.2,65.1,63.6,44.2,54.5,51.9,56.9,50.8,,,,,,,,,,,,,,,,,48,3.2,1.3,0,0,2.4,10.7
B00014,중진료권,2023,광주광역시,광주광서,680732,251719.4,13.6,1.8,24,3387,1.6,99.1,85.7,18.6,50.2,20.4,,20.5,3.8,,270.4,0,,,0,0.7,4.4,18.5,184.5,9.6,0,1.1,4.1,2.2,0,1.8,0.7,18.5,9.6,924.4,895.5,0,152.2,479,924.4,95.8,217.6,93.6,204.6,15.9,35.8,4.8,12.6,7.5,16.6,10.1,16,11.6,15.7,2.6,0.4,2.2,0.3,2.4,0.6,14.4,12.9,452.3,621.7,82.3,5.4,4.3,47.9,13.1,3.8,3.8,0,0,0,0,0,0,0,0,0,0.3,0,0,0,0,0,0,0,0,0,0,0,0,0,0,0,0,0,0,79.1,85.5,95.9,92,80.4,77.6,89.4,87.8,68.4,90.5,88.9,82.9,87.6,97.5,92.9,79.5,95.2,98.8,82.9,93.9,91.6,87.7,86.7,87.1,96.4,90.8,91.6,90.8,93.5,93.5,91.7,92.9,87.8,92.7,91.1,96.3,69.8,88.6,96.8,90.7,85.7,86.5,89.7,89.2,91,94.6,20,89.7,95.2,96.8,91.2,96.9,94.9,98.5,95.9,91.7,96.1,90.5,0,0,65.8,0,20.1,54,39.9,61.1,52.5,45.2,55.6,80.2,69.2,52.1,62.7,31.8,70.4,77.5,40.8,34.3,65.8,43.6,75.2,57.4,48.2,48.7,52.7,52.5,36.9,38.9,30.7,34.2,39.2,34.2,20.5,42.3,79.8,43.4,28.6,32.7,51.3,46.9,59.2,71.7,20,58.7,85.6,79.8,67,85.3,74.7,68.3,75.3,66.2,78.3,60.3,,,55.9,,35.8,54.5,57,54,56.5,50.9,52.6,68.3,51.5,59.7,52.8,40.9,50.1,71.2,33.2,39.9,40.9,52.5,64.2,50.2,41.3,42.6,40.7,40.7,33.3,33.1,34,31.9,31.3,33.2,45.5,39.3,63.1,37.6,40,34.6,47.1,40.3,52.3,65.2,100,54.7,28.2,63.1,44.3,68.4,62.5,49.9,53.7,42.1,59.1,52.4,,,,,,,,,,,,,,,,,45.8,3.4,1,0,0,2.4,15.1
B00015,중진료권,2023,광주광역시,광주동남,738505,320337.9,19.1,2.1,21.9,3477,1.1,101.2,100.6,16.4,51,27.1,,22.4,4.7,,230.5,0,,,0.9,1.3,5.6,22.6,239,16,0.9,1.3,4.3,2.2,1.3,3,2.2,22.6,16,1151.5,1136.1,260.9,338.7,618,1151.5,194,315.4,139.6,251.7,33.7,56.3,10.2,19.8,7,13.4,11.5,18,12.5,18.1,4.6,0.1,5.8,0,3.8,1.5,17.9,16.2,728.1,921.7,111.2,6.9,5.6,52,23,7,7,0,0,0,0,0,0,0,0,0,0.1,0,0,0,0,0,0,0,0,0,0,0,0,0,0,0,0,0,0,82,88.4,96.6,90,82.7,82.3,88.6,88.2,76.4,90.8,90.1,85.7,86.6,97.2,92.8,86.9,95.4,99.4,85.5,92.3,93.9,88.8,94.1,86.3,98.2,91.1,91.7,91,92.6,92.8,93.1,92.6,95,93.8,95,91.1,76.1,91.6,96.4,91,66.7,83,90.9,90.3,91.1,94.8,100,90.7,93,96.4,91.3,95.5,95.2,99.1,95,92.6,95.1,91.5,59.1,88.4,81.1,90,56.4,60.7,54.9,63,60.3,55,61.5,73.9,68.9,67.4,75.1,67,77.4,64.3,72.4,57.2,40.5,70.2,78.6,62.3,61,63.8,64.3,64.8,69.8,71.4,63.9,70.8,75.6,70.8,29.2,70.2,71.3,72.7,55.6,62.6,65.1,64.5,64.8,70.3,100,67.3,20.1,71.3,61,73.1,76.5,77.7,62.3,62.1,67.1,60.9,29.7,29.7,54.9,26.2,33.4,41.9,33.4,47.1,43.9,42.4,44.5,61.9,50.4,39.3,49.8,29.3,49.8,59.8,48.1,36.8,58,34,73.8,47.6,48.5,44.8,47.1,47.1,47.4,47.3,47.8,46,45.8,46.4,37,38.4,59.9,41.5,34.5,38.3,42.3,37.6,47.9,59.4,66.7,45.6,32.3,59.9,49.8,67.5,55.7,48.7,52.6,51.8,58.4,50.1,,,,,,,,,,,,,,,,,45.8,4.6,1.2,31,0.6,1.9,16.2
B00016,중진료권,2023,대전광역시,대전서부,831479,305517.1,13.6,1.6,24.6,4440,1.1,92.6,88.6,17.9,50.2,20.7,,19,2.4,,272.2,0,,,0,1.1,1.5,14.3,245.4,7,0.4,1.1,1.5,1.5,0.7,3.7,2.2,14.3,7,641.9,406,0,214,245.2,641.9,122.1,255.2,94.4,213.5,14.9,37.8,5.2,12.5,6.9,14.7,8.9,16.6,10.3,16.6,3.5,0.5,2.6,0,3.8,0.8,8.9,7.8,411.9,532.4,51.1,3.1,2.9,53.3,10.2,4.9,4.9,0,0,0,0,0,0,0,0,0,0.1,0,0,0,0,0,0,0,0,0,0,0,0,0,0,0,0,0,0,64.5,89.6,95.4,87.1,84.2,82.9,83.5,82.3,77.9,85.3,79,72.9,85.1,93.7,88.5,85.5,93.1,96.3,81.6,87.7,91.6,81.6,93,91.4,96.8,84.8,83.2,83.5,85.3,85.2,89.5,84.7,99.6,90.4,91.4,88.1,65.4,85.5,95.4,86.6,70.4,78.9,84.8,81.8,84.5,92.2,94.9,88.5,86.3,95.4,86.1,93.1,91,95.9,89.1,88.2,88.2,86.3,0,40.9,89.1,47.2,51.1,51,51.8,60.9,46.6,38.2,67.8,81.4,70,62.9,85.1,52,91.1,71.4,59.8,26.6,61.9,27.8,66.4,59.6,55.4,52,56.8,57.5,54.7,59,45.6,50.3,51.2,50.3,32.2,52,87.3,61.2,59.3,39.2,53.4,53.5,59.1,81.7,64.7,64,44.5,87.3,75.9,75.1,72.7,90.9,75.7,75.5,73.6,64.4,,38.4,57.4,46.7,45.9,46.3,45.9,46.2,39,42.4,53.2,61.7,40.8,52.7,56.1,35.8,59.4,57,38.6,49.8,49.3,55.2,68.1,46.6,48.1,40.9,46.6,46.6,38.9,35.2,54.4,40.8,45.6,33.4,34.9,39.5,54.9,34.9,38.1,36.1,37,33.3,44.5,56.3,45.6,50.8,33.4,54.9,34.7,60.1,48.3,59.3,38.9,40.9,48.9,44.9,,,,,,,,,,,,,,,,,36.1,2.6,1.1,0,0,1.7,11.4
B00017,중진료권,2023,대전광역시,대전동부,610737,228206.4,21.5,2.5,20.2,2482,1.5,101,115.4,14.1,50,30.3,,24.2,4.8,,267.6,0,,,0.4,1.5,2.2,6.4,165.5,10.5,0.4,1.1,1.9,2.6,0.7,3,0.7,6.4,10.5,703.7,818.4,202.5,427.7,507.6,703.7,160.3,273.6,107.7,212.5,25.2,45.7,7,14.4,3.1,10.2,6.2,12.6,7.7,15.4,4.6,0.5,4.4,0,3.9,1.5,16.2,14.6,609.3,735.5,84.2,7.7,7.2,35.2,24.6,12.4,12.4,0,0,0,0,0,0,0,0,0,0.3,0,0,0,0,0,0,0,0,0.1,0,0,0,0,0,0,0,0,0,77.9,91.7,91.2,86.6,86.9,85.6,86.9,85.7,81,87.3,84.5,79.2,84.1,93.6,90.1,86.1,92.8,95.4,85.5,88.4,94.1,85.4,92.4,93.4,97.3,87.9,89.2,88.7,89.4,89.5,93.2,90.5,98.3,94.4,94.7,93.4,72.6,89.3,95,90.9,81.5,84.6,87.9,85.8,86,90.8,96.4,88.6,93.8,95,87.2,94.4,92,94.9,90.2,87.9,88.9,88.7,76,79.4,29.3,55.5,68.2,68.5,67.3,60,66.4,64.4,36,54.1,49.6,72.6,35.8,65.4,7,68.9,58.6,73.2,72.2,85.7,82.6,64,72.4,69.7,72.9,72.8,67.2,57.9,85.2,73.8,58.4,73.8,57.3,69.5,51.4,57.3,33.3,68.4,63.2,62.1,59.9,56.1,64.5,63.9,75.8,51.4,27.8,69.8,58.9,8.6,39,39.6,50.3,60.2,39.9,39.9,56.9,29.9,45.7,47,46.9,48.6,47.3,42.4,40.7,63.2,47.6,51.5,55.5,47.8,31,58,48.7,36,53.6,33.2,71.4,51.5,57.6,51.7,56.7,56.5,52.2,48.1,58.8,54.2,57.7,43,42.2,48.9,63.4,49.2,75,33.1,47.1,46.3,48.2,57.2,44.9,50.7,48.1,63.4,48.3,62.7,51.2,36.3,48.6,46.2,53.2,49.9,,,,,,,,,,,,,,,,,48.4,2.4,0.8,0,0,2,15
B00018,중진료권,2023,울산광역시,울산서남,427665,53768.6,18.6,1.9,19.3,1717,1.8,87.6,104.4,15.9,48.8,28,,18.9,2.4,,795.4,31.8,,,0,0.1,0.4,1.6,24,1.6,0,0.1,0.3,0.3,0,0.3,0.1,1.6,1.6,388.9,557,0,133,239.7,388.9,42.6,107.1,42.1,100.8,9.1,20.1,1.9,8.4,2.8,6.1,2.3,7,4.2,8.9,1.2,0,3.7,0.2,0.5,1.4,10.8,9.6,258.1,355,61.3,2.6,4.9,12.6,26.7,15.9,15.9,0,0.7,34.6,33,0.6,0,0.7,0,0,13.3,0,0,0,0,0,0,0,0,0.7,0.2,0.2,0.2,0,1.2,25.1,0.7,0.2,0,79.4,82.2,92.9,73.8,82,67.7,84.9,73.1,54.5,76.2,73.7,72.3,71.6,88.8,81.5,62.2,86.1,92,70.7,83.3,64.5,39.6,68,59.7,93.1,77.5,80.6,78.7,83.8,83.7,71.9,71.7,77.7,70.5,71.6,68.9,48.8,73.5,85,73.6,53.4,55.9,77,69.6,81.1,88.5,48.6,80.5,62.1,85,79.9,88.7,88.5,90.4,86.2,78.9,87.4,85.7,0,0,16.7,0,27.8,32.5,28.1,30.4,29.7,19.2,16.8,40,35.7,36.9,16.9,32.6,17.8,42.1,6.4,2.3,20,33.2,43.1,35.3,46.2,43.7,46.7,46.9,36.4,37,11.5,36.2,36.2,36.2,13.2,30.2,27.6,30.9,0,41.2,40.6,34.5,44.6,32.6,0,37.4,13.8,27.6,26.9,28.7,36.4,17.3,50.8,19.8,43,22.2,,,34,,50.5,53.5,50.5,53,57,46.9,31.6,69.3,50.7,53.9,27.2,48.6,28.6,68.1,45.4,35.7,42.9,63.6,67.1,52.7,52.2,53,57,57.1,38.9,38.9,44.4,36,32.3,42.9,32.4,51.8,56.2,52.2,,60.9,53,54,66.2,67,,53.1,52.1,56.2,58.3,68.9,53.6,28.4,57.3,55.1,56,53.6,,,,,,,,,,,,,,,,,39.5,1.1,0,55.1,1.2,1.6,16.8
B00019,중진료권,2023,울산광역시,울산동북,675996,252759.8,14.2,1.6,21.4,3191,1.5,76.2,89,17.9,48.5,22.7,,16.3,1.9,,267.4,0,,,0.4,1.5,2.2,11.2,166.8,9.3,0.4,1.5,1.9,1.9,0.4,2.2,1.9,11.2,9.3,669.7,636.7,144.8,307.8,376.3,669.7,109.9,204.1,89.2,174.3,19.7,32.2,7,12.4,4.9,12.4,6.5,13.2,6.7,12.1,2.5,0.1,2.5,0,2.2,0.1,9,8.1,517.8,626.9,57.2,2.7,5.2,32.4,8.6,1.9,1.9,0,0,80.1,54.8,0,0,0,0,0,0,0,0,0,0,0,0,0,0,0,0,0,0,0,0,0.1,0,0,0,84,87.4,95,81.6,84.2,83.3,85,83.7,71.1,84.5,85.3,81.8,83.9,88.2,87.4,73.2,94.1,96.9,82.2,88,81.3,52.9,83,61.9,97.4,83.5,80.8,81,84.2,84.1,78.3,78.8,41.1,78.2,75.1,83.3,64.6,81.2,93.3,82.7,94.7,69.7,81.1,74.5,82,92,97.5,86.4,80.4,93.3,84.7,92.1,91.4,96.8,86.5,85.4,89.2,89.6,76.8,86.6,79.9,79,70.3,68.7,70.6,71.4,74.5,70.9,70.7,78.5,66.9,69.3,73.7,64,74.3,76.2,77.4,51.4,71,47.3,87.1,70.1,66.7,64,73.5,73.5,52.1,52.3,40,49.3,60.4,49.3,58.2,65.2,84,67.2,94.7,57.6,60.9,57.6,68.2,84.7,97.5,69.4,73.2,84,75.8,86.6,74.3,74.9,64.6,77.9,70.7,79.2,59.4,59.4,59.2,63.1,59.2,57.7,59.2,57.6,55.3,56,57.5,63.9,57.1,58.3,58.2,50.2,58.4,61.8,54.5,46.5,60.1,54.6,66.9,57.1,55.7,55.4,54.9,54.6,54.2,54,71.7,55.3,52.5,58.8,54.6,52.2,61.9,53.6,44.4,61.3,55.2,52.5,55.7,58.6,56.9,58.2,53,61.9,58.2,62.4,58.9,58.7,58.4,57.1,58.6,51.7,,,,,,,,,,,,,,,,,35,3.1,0.9,0,0,1.5,11.8
B00020,중진료권,2023,세종특별자치시,세종,386525,83130.4,11,1.3,25.6,2725,1.3,97.3,83.2,24.4,50.2,16.4,,12.9,1.1,,465,0,,,0,0.2,0.4,1.1,49.3,0.9,0,0.2,0.4,0.2,0.2,1.5,0.4,1.1,0.9,208.5,139.2,0,105.6,157.3,208.5,45,135.6,45,127.3,8.8,24.3,2.1,6.5,3.1,8,5.2,17.6,2.6,8,1.6,0,1.3,0,0.5,0,1.8,1.8,221.7,282.3,8.3,1,1,5.2,1,0.3,0.3,0,0,0.2,0,0,0,0,0,0,2,0,0,0,0,0,0,0,0,0.2,0,0,0,0,0,33.8,0,0,0,44,57.9,90.4,81.3,77.2,62.5,76.6,62.5,55.3,60.7,48.4,43.6,66,82.2,57.6,69.6,82.4,84.2,52.2,64.9,42.4,7.4,38.7,42.6,89.8,60,57.7,59.3,61.5,61.4,39.9,39.8,40.3,35.3,39,27.2,29.8,59.1,62.7,56.3,57.1,66.7,57.1,47.2,44.1,68,39.3,73.2,47.9,62.7,55.7,82.3,66.5,83.1,49.5,55.7,59.1,59.4,0,0,64.3,43.8,46.4,46.6,47,41.6,27.8,30,53.3,71.7,28.9,61.8,72.3,30.4,70.7,46.7,2.7,0,19,14.2,82.6,38,25.7,33.9,29.2,28.8,1.8,2.3,0,1.2,2.7,1.2,17.3,32.2,32.5,24.8,0,7.1,34.8,22.4,22.8,41.5,0,56.8,38.4,32.5,23.6,70.8,37.6,70.6,19,21.9,33,36.9,,,76.3,45.3,62.4,63.2,62.4,64.6,54.7,60.6,64.3,70,66.7,65.8,74.6,53.3,77.9,69.5,51.8,,68.4,57.9,74.6,65.1,68,59.8,66.8,66.2,51.8,51.8,,71.4,90,65.6,48.4,53.5,69.6,52.8,,75,54.4,52,62.5,67,,66.2,58.9,69.6,67.3,69.1,73.9,76.2,69.5,66.2,72.6,63,,,,,,,,,,,,,,,,,41,2.5,1.4,0,0,1.1,10
B00021,중진료권,2023,경기도,수원권,2371255,274313.4,11.9,1.3,24.7,13316,2.3,93.7,85.5,18.8,48.9,18.4,,16,1.3,,864.4,6.7,,,0.1,0.5,1.3,7.8,157.2,4.2,0.1,0.7,1.3,1.3,0.5,2.9,1,7.8,4.2,398.2,296,49,134.7,199.2,398.2,90.3,187.4,70.5,160.4,13.8,29.4,4.7,11.4,5.6,12.6,4.7,14.2,6.5,12.4,2.4,0.3,2.1,0,1.2,1.1,5.5,5.1,319.2,409.8,35.9,2.9,2.2,23,10.4,6.3,6.3,0,0.2,6.9,0.2,0.2,0,1.4,0,0.3,5.6,0.3,0,0,0,0,0.1,0.2,0,0.4,0.4,0.3,1.4,0,0.3,0.6,0.3,0,0,98.5,87.5,95.7,84.8,86.7,73,87.6,75.4,66.7,78.3,74.2,72.5,81.2,84.9,82.5,74.9,88,92.3,75.6,76.5,79.5,74.1,76.2,49.6,93,78.2,77.5,75.9,74.8,74.9,82.2,79.9,94.2,81.3,81.9,79.9,64.1,73.9,85.5,77.4,82.3,78.7,75.8,70.6,76.1,79.8,90.9,80.6,67.9,85.5,82.1,87.3,87,90.9,81.7,78.4,83.2,80.6,57.5,69,83.9,59.7,70.4,72.1,72,74.7,71.1,68.4,76.5,83.3,79.4,79.5,82.6,75.5,86.9,73.6,71.3,52.1,60.8,47.9,90.1,73.6,69.2,70.1,66.4,66.9,74.4,70.7,92.8,73.5,72.8,73.5,59.8,72.3,85.1,72.7,70.9,81.6,72.7,64.6,72.5,77.4,88.5,74.9,67.2,85.1,77.5,86.6,84.2,85,77.5,74.9,79.8,75.3,58.6,58.6,78.9,67.7,67.3,68.9,68.4,69.6,67.5,67.4,69.4,78.3,71.7,72.3,76.6,64,80.9,72.1,62.2,51.7,62.7,72.3,88.8,68,61.8,64.9,62,62.5,61.2,59.1,70.7,60.3,59.8,61.3,63.7,68.9,73.9,66.5,70,67.3,66.7,66.3,71.9,73.8,73.5,73,69.3,73.9,70.1,78.5,74.3,80.6,74,66.5,74.7,71.5,,,,,,,,,,,,,,,,,42.3,2.2,1.1,7.3,0.2,2.1,11.5
B00022,중진료권,2023,경기도,성남권,2716551,216138.1,15.8,1.4,23.5,12808,1.6,96.5,94.4,17.4,50.2,23,,16.6,1.4,,1256.9,3.4,,,0.1,0.4,1,4.4,146.6,3.9,0.2,0.7,1,0.9,0.3,1,0.4,4.4,3.9,374,331.4,49.1,149.9,212.7,374,91.5,202.1,72.9,176.6,15.3,34.1,4.5,9.2,4,10.7,3.5,12.5,6.5,12.7,2.8,0.9,2.8,0.1,2.5,1.5,7.5,6.9,323.6,425.4,45.2,3.7,2.4,23.1,14.6,8.4,8.4,0,0.1,0.4,0.2,0,0,1.2,0,0,0.5,0,0,0,0,0,0,0,0,0.5,0.2,0,1.3,0,0,0.8,0,0.1,0,98.5,93.5,96.4,97.1,92,81.2,92.2,82.4,72.8,82,79.8,78.2,87.1,87.2,82.8,77.1,90.6,94.3,79.1,82,75.5,81.2,74.6,59.8,92.5,79.7,71.8,77.1,68.1,69.2,78.4,79.1,50.5,76,73.3,81.3,76.9,80.7,83.9,79.5,77.3,71,80.1,79.2,76.6,80.9,87.7,84.6,78.5,83.9,80.9,87,86.2,93.9,80.2,79.3,84.3,82.1,41.7,69.5,72.5,46.9,56.7,62,62.9,61.7,60.2,47.2,63.5,65.2,66,65.9,70.8,58.1,73.7,65.8,66.1,71.2,67.3,47.8,84.5,62.1,63.3,63.9,59.6,60.3,69.1,69.7,43.1,66.6,74.6,66.6,53.2,61.8,64.5,64.3,43.3,39,64.6,63.1,58.4,64.4,43.4,68.6,48.9,64.5,62.2,72.1,70.2,73.4,65.3,61.3,71.2,66.5,51,57.3,71.7,57,62.4,66.4,66.3,65.7,61.9,63.2,60.8,77,69.3,75.4,71.3,62.8,75.4,75.1,47.7,63.8,66.5,74.5,88.7,62.3,52.5,57.4,54.1,54.2,46.9,46.8,50.9,45.2,45.1,45.3,47.9,68.8,77.9,54.1,73.9,53.5,63.2,60.6,67.7,71.1,74,67.8,72.4,77.9,65.7,81.8,78.1,73.8,69.9,64.4,72.4,68.9,,,,,,,,,,,,,,,,,36.6,1.7,0.9,7.5,0.2,2,9
B00023,중진료권,2023,경기도,의정부권,862449,73988.8,18.8,2,21.4,3724,1.9,102.1,103,15.8,50.2,27,,22.2,3.1,,1165.6,5.8,,,0,0.2,0.4,2.1,39.2,2.6,0.1,0.2,0.5,0.5,0.2,0.5,0.4,2.1,2.6,487.6,570.4,0,149.6,223.3,487.6,82.3,170.3,70.1,150.2,14,29.6,5.6,10.6,4.1,8.1,2.4,9.5,6.8,13.8,2.7,0.5,4.3,0.2,2.2,1.6,10.4,10.1,322.7,416.6,53.7,5.9,3.9,26.9,14.1,8.3,8.3,0.1,2.2,21.8,18.8,2,2,5.1,0.2,2.1,8.3,1.7,2.8,0,1,0,1.9,0.9,1,1.6,1,2,2,1.9,6.1,5.1,2.1,1.9,0,95.4,88.7,92.7,87.4,84.4,68.5,84.6,69.6,60,71,67.1,65.6,74,79,73,70.3,80.7,85.9,71.4,69.5,69.1,77.1,79.6,60.8,93.7,72.1,75.9,72.8,76.9,76.6,72.8,81.8,20.7,70.1,60.2,85.8,49.4,69.4,76.4,79.4,40.5,58.8,71.3,69.5,71.6,74,58.2,71.9,64.8,76.4,73.5,84.6,77.8,84.6,73.7,74.1,73.1,76,0,79.3,61.2,37.8,61.8,62.3,62.5,63.9,60.5,58.5,61.7,70.4,64.8,73,61.3,66,66.3,61,64.1,71,77.2,51.1,89.1,66.5,75.4,69.8,78.3,77.5,68.7,80.2,2.1,63,84.6,63,39.3,64,66.2,76.4,8.1,41.9,65.5,66.3,66.6,67.2,27.3,65.8,54.5,66.2,69.7,80.8,70.5,64.9,69.2,69.6,66.7,69.9,,70.3,77.2,79.3,71.6,72.2,71.6,72.8,72.8,68.3,74.5,77.2,75.8,74.2,75.5,66.6,81.9,73.5,66.5,59.9,76.8,72.2,88.2,65.7,50.8,60.1,46.9,46.8,62.6,62.5,98.4,60.9,56.9,65,67.8,71.2,73.2,68.2,42.9,62,71.6,70.1,72.9,74.8,100,74,67.4,73.2,72.5,79.1,77.1,82,76.2,75.6,77.7,74.5,,,,,,,,,,,,,,,,,54.8,4.1,2.8,0,0,3.3,11.5
B00024,중진료권,2023,경기도,안양권,1045759,565819.8,16.4,1.4,22.7,5592,1.6,95,97.4,15.7,50.6,25,,16.2,1.5,,184.8,0,,,0.5,1.6,2.7,11.9,364.1,8.1,0.5,2.2,2.7,2.7,0.5,4.3,1.1,11.9,8.1,363.1,208.7,80.7,148.8,189,363.1,78.5,175.9,59.4,150.2,13.3,29.6,2.9,8.8,4,9,2.8,11.3,5.5,11.7,2.4,0.4,2.9,0,1.2,0.6,4.1,4.1,264.3,329.9,24.8,5.3,1.3,20.8,6,3.7,3.7,0,0,0,0,0,0,0,0,0,0,0,0,0,0,0,0,0,0,0,0,0,0,0,0,0,0,0,0,99.2,95.9,96.6,97.8,95.6,83.7,95.1,83.5,73.2,83.9,82.1,80.7,84.2,87.3,86,81.2,90.1,94.2,84.8,79.7,86.4,59.9,77.7,67.5,95.5,82.3,75.4,80.8,74.8,75.3,83.9,81.7,90.8,84,83,86.5,74.9,81.5,89,84,90.7,77.4,82.9,79.5,83.4,82.7,95.5,83.9,69.9,89,86.3,86,88.7,93.2,84.4,77.3,86.3,79,59.7,75.3,73.4,14.1,59.2,59.4,61,61,59.9,42.2,58.4,51.2,68.4,70.4,73.9,65.9,82.3,53.8,73.1,28.3,62.1,49.4,89.5,59.8,54.7,57.1,58.5,59.3,66.9,62,83.1,70.5,70.3,70.5,39.7,59.8,63.3,64.4,81.5,54.3,59.8,48.5,66.4,48,88.9,61.1,32.9,63.3,68.7,47.6,75.5,78.6,66.7,54.3,71.4,54.2,76,76,73.2,73.7,76,75.9,76.3,75.2,70.8,72.9,72.9,80.5,75.4,80.1,70,72,74.1,76.8,75,69.9,76.7,78.5,89.5,73.4,66.1,70.2,65.2,64.8,72.8,67,92.2,77.3,78.4,74.6,62.3,73.9,76.3,73.2,93.6,69,72.3,70.5,77.3,74.2,87.4,77.2,74.6,76.3,72.9,82.5,81,74.7,76.1,71,78.8,72.1,,,,,,,,,,,,,,,,,35.8,1.5,1.2,0,0,2.7,12.2
B00025,중진료권,2023,경기도,부천권,1060165,1152613.1,17.1,1.7,22.5,4899,2.9,89.1,104.9,14.8,50.7,26,,19.7,2.1,,92,0,,,1.1,4.3,8.7,35.9,843.7,23.9,1.1,5.4,6.5,8.7,4.3,14.1,5.4,35.9,23.9,472.9,488.9,84.6,231.6,316.1,472.9,116.5,232.8,90.6,198.4,19.8,40.3,5.7,12.7,4.4,12.8,6.4,13.6,8.7,16.8,2.6,0.5,2.9,0.2,1.9,1.7,10,9,441.6,559.3,59.9,5.2,3.1,23.3,16.5,9.6,9.6,0,0,0,0,0,0,0,0,0,0,0,0,0,0,0,0,0,0,0,0,0,0,0,0,0,0,0,0,98.9,96.6,96.8,97.8,95.7,86.2,95.6,87,80.6,87.2,86.5,80.7,82.3,90.2,89.8,85.7,91.3,92.9,87,88,86.6,72.5,87.5,80.8,96.6,87,86.4,87.9,85.6,85.8,90.5,89.2,95.8,90.1,91.8,86,77.3,88,91.4,88.5,79.7,91.8,86.8,87,82.4,87.4,91.8,89,91.3,91.4,89.9,93.7,91,92.2,89.3,85.5,90.1,86.6,52.6,64.5,73,52.9,64.4,65.9,67,64.1,64.7,56.5,56.1,73.8,70.3,73.9,73.7,64.8,68.1,69.8,22,11,56.1,50.1,85.2,65,68,66.5,71.2,71,47.3,58,1.6,39.2,50.3,39.2,47.8,66.9,74.7,57.8,56.3,78.6,62.4,61.2,60.5,64.6,83.2,63.8,38.8,74.7,69.2,82.9,75.7,64.8,67.6,61.3,73,64.2,56.3,56.3,54.7,41.1,53.8,56.1,54.9,56.1,55,46.8,53.4,49.3,59.3,59.8,56.5,52.4,54.1,57.4,51.2,51.1,59.9,56.3,66.9,54.3,49.6,52.3,48.9,48.5,52.6,52.6,65,49.2,47.8,51.7,47.5,49.1,51.9,56.3,65.5,53.2,55.9,52.7,59.8,51.3,64.3,57.7,57.6,51.9,61.2,58.8,60.7,52.1,58.1,58.4,64.5,61.7,,,,,,,,,,,,,,,,,41.4,1.9,0.8,0,0,2.3,11.1
B00026,중진료권,2023,경기도,평택권,780056,77083.9,14.9,1.7,21.9,4352,2.8,103,96.2,17.1,47.7,22.1,,17.7,2.1,,1012,0,,,0,0.2,0.6,2,37.9,1.7,0,0.2,0.6,0.6,0,0.6,0,2,1.7,372.2,300.6,0,101.4,199.5,372.2,45.6,125.4,45.4,119.1,8.5,20.9,2.7,7.9,1.5,8.6,2.3,9.1,5.3,10,1.4,0.4,1.5,0,0.5,0.4,5.3,5.1,180,241.4,31.8,1.9,2.3,19.7,6.4,2.3,2.3,0,3.8,84.5,2.8,1.4,0.2,3.7,0,0.1,11.8,1.6,0,0,0,0,0.8,0,0,3.1,0.8,0.1,16.3,0.1,0.2,3.7,0.1,0.5,0,97.7,48.8,90.1,60.9,72.2,55.1,74.2,58.6,44.1,59.5,54.2,48.8,29.9,70.3,71.9,53.1,75.9,24,54.2,70.8,43.5,43.4,72.3,46.7,90.9,60,88.8,57.7,67.9,68.3,50.2,52.6,35.7,47.8,49.8,44.1,21.1,56.2,74.8,58.1,51.9,50,57.8,52,60.9,68.2,76,68.1,11.8,74.8,71.7,77.9,78.7,22.2,70.8,66.8,75,69.7,0,0,73.2,0,49,52.2,47.9,52.8,48.3,43.2,18.5,57.5,67.8,56.9,69,45.1,0,60.6,30.7,32.3,70.9,39.7,89.5,53.8,58.1,52.9,66.4,67,35.7,41.8,0.1,31.3,37.1,31.3,13.2,47.7,62.2,50.4,18.5,44.9,52.1,47.3,55.4,61,38,62.8,0.2,62.2,69.9,67.3,73.1,0,67.5,63.4,70.2,65.7,,,83.8,,80.4,80,80.4,78.5,79.7,72.7,83.5,89.5,79,79.1,84,78,,83.7,80.3,54.7,69.2,81.3,90.4,75.9,67.3,72.6,66.2,66.5,76.5,76.5,100,78.8,81.3,75.4,80.9,78.9,78,77.9,83.3,75.8,77.4,77.5,74.3,82.1,100,78.4,100,78,76.2,82.9,77.4,,78.3,75.4,78.8,76.8,,,,,,,,,,,,,,,,,48.4,3.9,1.4,23,0.6,2.1,13.8
B00027,중진료권,2023,경기도,안산권,1149023,387655.3,12.8,1.7,22.7,6281,4.1,92.7,91.3,16.2,48.3,20.9,,19.1,2.5,,296.4,2.8,,,0.3,1,2.7,11.1,217.6,10.1,0.3,1,2.7,2.7,0.3,3.4,1,11.1,10.1,417.3,511.9,72.5,148.6,253.8,417.3,75.8,167.9,63.4,148,13.2,27.8,5,11,2.8,10.6,3.1,11.7,6.2,11.9,2,0.7,1.8,0.1,1.2,1.7,9.7,9,325.5,437.3,60.4,3.3,3.7,22.8,21.2,12.2,12.2,0,0.5,0.7,0.5,0.5,0,0.6,0,0.6,0.7,0.6,0,0.1,0.1,0.1,0.5,0.3,0.5,0.7,0.7,0.6,0.6,0.5,0.6,0.7,0.6,0.5,0.4,98.9,92.7,95.3,89.1,88.4,76.7,90.3,80.7,70.6,81,80.4,80,77.1,82.9,84.6,78.8,88.5,90.2,78.6,79.8,62.4,57.7,74,69.4,94.5,81.9,85.8,82.6,85.2,85.3,79.7,80.5,70.5,80.3,79,82.7,64.7,78.6,86.1,75.1,80.5,74.7,79.2,80.5,81.8,82.4,37.5,86.5,61.2,86.1,85.9,89.6,87.4,88.5,87.6,83,85.8,85.9,56.2,65,54.3,44.1,56.2,64.2,58.7,64.1,65.3,65.2,47.9,55.9,71.7,67.6,52.5,58.9,46.1,64.8,25.2,38.8,58.1,52.7,85.2,66.3,74.4,68.1,74.8,75.7,61.5,67.2,1.5,57.2,66.2,57.2,44.1,57.7,66.2,54.2,71.4,27.2,62.4,64.1,69.6,66.3,0,72.9,33.2,66.2,74.7,75.7,74.8,46.2,76.8,72.2,76.4,76.1,77,77,86.1,75.5,76.9,78.3,79.2,78.2,76.8,79.3,81.3,87.8,77.9,79.4,84.3,73.1,86.7,80.7,62.8,64.3,75.9,76.3,90.8,71.8,56.9,65.8,54.2,53.7,58.1,58,76.7,58.2,57.7,59,78.5,74.4,76.5,73.8,70.5,48,75.3,73.5,80,78.7,,79.7,80.9,76.5,77.1,83.3,78.4,86.3,79.3,76.5,80.1,77.9,,,,,,,,,,,,,,,,,46.4,1.9,0.7,0,0,2.2,16.3
B00028,중진료권,2023,경기도,고양권,1561079,286582,15.7,1.4,23.4,7370,1.9,103.1,92.5,17.2,50.9,23.3,,17.8,1.8,,544.7,0,,,0,1.3,1.5,8.4,166.7,6.4,0.4,1.1,1.5,1.5,0.9,2.6,1.3,8.4,6.4,505.5,356.7,0,257.1,273.7,505.5,117.9,207.7,94.5,177.7,21,35.4,7.3,11.5,6.2,11.9,4.9,14.3,6.6,12.7,3.2,0.3,4.2,0.1,2.9,1.2,6.5,6,448.2,532.7,42.3,5.9,2.8,30.5,11.3,5.3,5.3,0,0,0,0,0,0,0,0,0,0.3,0,0,0,0,0,0,0,0,0.1,0,0,0,0,0,0.4,0,0,0,96.8,91.1,95.9,91.1,92.4,80.6,92,80.3,71.1,81.6,77.8,75,85.9,88.7,82.1,80.7,88.4,91.8,77.9,85.3,85.5,77.8,85,70.6,95.1,81.4,85.6,77.8,79.7,79.9,85.1,85.4,83.9,85.4,83.9,89,68.5,78.8,90.5,82,94.6,86.9,75.6,72.6,72.4,85.4,94.3,83.1,82,90.5,77.6,91.6,85.4,90.9,85,82.8,81.6,80.5,0,77.4,72.3,53,65.1,63.7,62.7,64.7,62.3,59.6,69.6,66.6,66.4,72.3,72.9,62.4,75.7,69.3,52.1,70.5,76.4,41.4,85.2,64.1,61.5,58.2,62.4,62.6,59.5,71.5,9.1,51.5,64.8,51.5,50.7,61.5,75.5,64.5,93.9,81,55.6,52.2,46.1,66.7,92.3,66.2,64.3,75.5,58.8,70.1,71.8,74.6,64.7,67.9,67.5,60.4,,63.4,67.6,56.7,58.1,58,62.6,58.9,54.3,55.5,51.5,70.5,63.4,64.2,64.9,52.6,70,65,45.3,51,43.4,65.3,81,57,50.6,52.1,53.1,53.3,48.8,48.7,52,47.7,46.4,50.1,38.6,57.7,62.9,51.2,56.6,44.9,52.3,48.4,57.3,65,64.1,61.7,60.5,62.9,63.1,71.9,69.5,69.2,64,63.9,67.4,57.9,,,,,,,,,,,,,,,,,37.5,1.2,0.4,0,0,2.3,13.1
B00029,중진료권,2023,경기도,남양주권,1106898,50038.1,18.8,1.8,21.4,4440,1.6,97,108,16.8,50.2,27.1,,19.8,2.3,,2212.1,46.5,,,0,0.1,0.1,1.4,27.3,1.5,0,0.1,0.2,0.3,0,0.4,0,1.4,1.5,339.8,446.2,0,84.1,111.1,339.8,52.3,138.6,44.2,123.6,9.2,24.1,3.7,8.8,0.8,7.3,1.9,10.3,5,11.7,1.5,0.3,2.9,0.2,1.7,1.1,9.1,8.4,160.6,252.3,47.9,2.7,2.8,24.6,10.9,4,4,0,5.5,10.1,12.1,4.9,4.6,15.5,0.7,14.9,24.9,3.3,6,1,1.1,1.9,15.2,6.3,1.6,11.2,8.2,11.3,14.9,6.9,5.9,16.5,14.6,6.1,0.3,96.8,69.3,87.2,87.6,79.8,62,80,63.2,46.9,67.2,62.5,66.5,59.3,77.9,71.2,57.6,76.3,71.5,60.4,75.4,67.3,45.5,62.5,60.3,84.6,66.9,91.7,64.9,65.7,65.3,69.2,69.8,53.2,69.6,67.6,72.8,53.2,67.6,78.8,67.7,64.2,78.7,63.8,61,69.6,74,66.7,69.6,67.7,78.8,69.9,78.4,78.2,70.5,71.8,69.6,78.4,71.4,0,0,36.1,24.4,33.9,37.2,39.4,44.9,42.3,39.9,6.3,52.1,52.3,51.8,39.7,42.5,1.1,59.3,54.5,9.1,37.8,43.2,81.1,49,62.6,50.1,61.5,61.1,58.2,58.6,48.7,56.1,58.7,56.1,20.2,52.9,71.7,50.3,11.1,65.8,44.3,35,56.7,65.2,42.5,48.6,46.4,71.7,51.7,62.4,63.8,2.6,55.7,53.2,66.2,55.5,,,89.3,68.4,76.5,76.7,76.7,75.5,75.6,79.8,84.3,80.4,80.1,77.9,85.9,68.7,74.1,75.2,52.1,63.6,78.8,74.3,90.5,64.4,47.7,60.9,54.5,54.8,55.6,56,47,52.6,48.5,60.1,72.1,75,74.5,69.5,78.3,71,74.1,70.1,78,76,77.1,77.3,79.3,74.5,75.2,82.6,81.7,73.9,77.4,75,78.7,77.4,,,,,,,,,,,,,,,,,44.9,1.3,0,42.7,0.8,1.9,12.4
B00030,중진료권,2023,경기도,파주시,497753,73855.5,15.7,1.7,22.5,2439,2.1,106.4,92.3,18.5,49.3,22.7,,19,2.3,,674,0,,,0,0,0.3,2.2,30.9,3,0,0.1,0.3,0.3,0,0.4,0.3,2.2,3,280.1,703.4,0,0,84.2,280.1,32.9,106.9,31.7,97.6,5.8,15.5,1.4,7.6,2,5.4,3.6,11.5,5.4,12.9,0.8,0,0.8,0.2,0.8,1.2,12.1,10.4,114.5,220.2,74.3,3.2,4.2,20.7,14.3,5.2,5.2,0,0.6,15,1.6,0.2,0.2,9.5,0,1.6,3,0,0,0,0,0.1,1.4,0.9,0,1.9,1.7,1.4,1.6,0.1,1.8,10.2,1.6,0.2,0.1,95.4,78.6,92.4,86.3,82.7,59.4,84.8,65.2,48.4,73.6,67.8,62.9,81.3,85.5,76.6,59.1,86,90.8,57.1,75.3,91.2,64.6,64.5,40.8,77.4,75.8,86.6,75.3,84.3,84.6,88.8,83.9,95.2,88.7,88.8,88.5,55.5,64.8,83.6,77.1,77.8,81.5,71,67.5,57.8,75.8,82.4,78,70.7,83.6,70.7,89.7,83,89,81.1,72.1,80.5,72.5,0,0,46.6,0,0,15.8,7.1,37.7,26.8,14.7,45.6,72.5,52,12.6,46.8,4.4,61.4,50,75.9,0,21.2,21.9,70.2,46,70.5,54.2,74.3,75.3,73.3,58.4,92.6,76.1,70,76.1,5.9,23.5,62.4,40.6,4.8,32.3,43.1,37.1,31.6,53.7,17.6,44.6,0,62.4,46.9,72.9,58.6,57.6,62.7,40.5,65.8,43.2,,,85.5,,,82.9,81.7,74.7,83.2,82.9,84.8,72.6,79.6,82.7,86.3,69.1,91.4,78.9,66.4,,91.9,66.1,88.8,57.9,42.8,53.4,48.5,48,62.1,62.2,62.1,60.4,56.3,74.5,62.5,77.6,73.3,76.7,100,89.4,81.8,81.4,80.4,75.5,88.2,71.5,0,73.3,80.6,77.3,79.1,91.2,72.3,74.1,77.7,79.7,,,,,,,,,,,,,,,,,45.2,2.5,0.8,0,0,1.2,13.4
B00031,중진료권,2023,경기도,이천권,336510,31459.2,19.6,2.2,20.2,1544,2,102.6,102.1,15.7,48.4,28.3,,18.1,2.6,,1069.7,4.7,,,0,0,0.1,0.7,15.3,1,0,0.1,0.2,0.1,0,0.2,0,0.7,1,234.5,553.6,0,0,61.2,234.5,30,117.1,29.7,105.8,5.6,20.8,1.5,7.1,0,8,0.9,7.1,5.6,11.3,0.9,0.9,4.2,0.3,0.9,0.6,9.5,8.6,82.9,179.5,51.1,3.6,4.2,11.6,7.1,2.7,2.7,0,28.8,92.8,81.1,15.9,10.8,95.9,0,11.7,35.2,0,0,0,0,0,73.1,0.1,0,9.7,7.1,11.7,96.3,0.8,6.6,79.6,5.5,3.4,0,95.1,28.5,80.6,33.2,21.9,0.7,41.3,22.7,20.7,33.7,34.6,20.3,0.6,32.4,45.1,33.5,63,0.8,22.4,30.7,16,2,27.5,28.4,85.1,42.5,80.7,41.9,69.7,69.5,28.2,28.9,10.6,29.5,24.9,38.4,5.2,33,52.2,23.1,22.2,32.8,28.9,20.3,26.6,56.5,40.5,37.5,52.7,52.2,29.2,73.6,60.4,1.1,55.2,25.8,56.2,36.9,0,0,67,0,0,22.2,23.1,32.5,33.8,18.8,0,30.1,43.5,37.1,62.2,22.2,0,29.4,9.8,0,21,25.9,82.9,42.5,67,41.1,71.7,71.6,26.7,27.8,0,28.2,39.6,28.2,4.8,31.3,51.7,20.3,25.9,36.2,25.6,17.3,24,54.4,42.9,36,52.9,51.7,28,72.8,58.3,0,55.2,24,54.3,34.8,,,86.9,,,80.4,80.4,80.5,82.4,78.3,,92.8,78.6,79.6,83.4,87,,84.1,75.6,,76.5,75,89.8,68,57.3,62.7,57.5,57.9,64.4,64.4,,59.3,47.3,81.8,73.9,79.6,82.7,75.5,100,80.8,80.8,78.1,82.5,83.8,100,78.6,89.1,82.7,76.4,85.1,80.3,,75.5,75.7,76.4,78.7,,,,,,,,,,,,,,,,,50.2,0.6,0.6,0,0,2.5,11.9
B00032,중진료권,2023,경기도,포천시,143323,17327,24.3,2.6,16.4,485,3.1,103.6,131.8,12,47.1,35.6,,24.4,4,,827.2,28.6,,,0,0,0.2,0.5,7.7,0.5,0,0.1,0.2,0.2,0,0.1,0.1,0.5,0.5,387.2,327.2,0,0,248.4,387.2,73.3,135.4,73.3,131.2,9.8,20.9,4.2,9.1,3.5,8.4,3.5,7.7,7.7,11.9,2.8,0,4.2,0.7,0,1.4,7,6.3,186.3,245.6,29.3,5.6,2.8,14,9.1,4.2,4.2,0,11.1,38.6,56.7,9,7.3,24.4,0.1,6,14.5,9,14.9,0,0.3,2.8,2.5,2.8,1.8,7.3,2.6,6,2.5,2.5,25.1,25.8,2.5,6,0,93.2,74.7,80.8,57.7,63,42.2,72.3,54,35.5,52.5,50.4,52.7,58.5,58.5,55.3,46.2,60.4,64,50.2,46.1,42.6,59.8,58.2,45.9,84.3,53.5,56.6,51.4,49.3,49.6,59.2,59.6,0,57.3,54.4,60.2,32.5,51.7,58.4,48.8,9.1,67.5,51.9,44.2,67.8,60.6,66.7,54.9,49.7,58.4,48.3,72.6,65.4,60.4,59.2,49.6,53.1,54.2,0,0,15.4,0,0,27.7,17,24.3,26.8,20.6,11.7,19.2,37,33.9,17.7,23.4,21.3,20.2,0.2,0,31.3,35.1,71.9,27.1,36.5,26.9,29.6,29,38.3,38.6,0,32.3,33,32.3,4.7,22.5,43.8,10.9,18.2,55.4,27.2,17.7,50,36.8,66.7,31.2,0,43.8,19.8,48.1,50.4,20.2,38.5,25.1,31.6,19.8,,,88.9,,,65.3,78.3,66,64.8,65,81.4,58.9,70,66.5,81.9,64.9,84.4,70.3,50,0,87.5,57.8,84.9,62.1,55,65.5,71.2,71.8,68.9,68.9,,62.7,56.6,70.2,76,71.4,50.3,69.2,100,95.8,71,74.2,76.4,62.2,75,63.3,,50.3,74.6,68.5,68.4,86,74.6,72.5,68.2,71.3,,,,,,,,,,,,,,,,,66.1,4,2,0,0,5.9,17.5
B00033,중진료권,2023,강원특별자치도,춘천권,439246,8136.9,23.3,2.3,19,2026,1.5,111.1,121.6,14.8,49.7,32.6,,21.6,3.7,,5398.2,68.1,,,0,0,0.1,0.2,4.3,0.2,0,0,0.1,0.1,0,0.1,0,0.2,0.2,449.9,337.4,0,236.3,267,449.9,129.5,214.9,93.1,168.2,20.7,32.3,4.6,9.8,3,10.9,5.7,12.3,7.3,13.9,2.7,0.5,6.6,0,2.3,0.5,5.7,5.2,381.1,482.4,35.1,6.4,2,20.5,5.5,1.6,1.6,12.2,17.1,17.1,17.1,16.8,16.4,33,11.6,22.2,36.7,16.7,96.4,4,7.8,21.8,22.9,20.1,7.8,8.9,8,22.2,8.3,12.7,32.1,33.1,12.8,24.8,7.6,48.8,68.3,70.2,74.1,64.8,54.7,63.8,53.9,52.6,51.4,51.9,36,42.9,49.7,38.4,61.4,61.8,54.3,50.5,58.7,51.8,44,68.4,47.2,84.8,52.1,54.6,52.6,61.2,61.3,49.7,50.3,24.2,44.9,41.6,49.1,31.2,46.2,63,50.5,78.6,36.2,44.6,36.5,40.5,52.6,71.8,54.4,54.8,63,20.3,71.5,52.3,55.5,41.5,47.8,53.1,50.7,0,74,72.7,79.5,69.8,68.5,69.7,64.6,65.8,46.6,52.9,64.4,48.6,79.4,76.9,68.2,67.2,69.6,67.8,53.9,81.4,58.9,91.8,64.7,65.3,62.4,72.4,72.5,62.4,63.3,27.3,56.2,63.9,56.2,40.7,60.2,80,67.5,96.1,45.7,53.4,43.7,50.7,64.2,93.7,66.9,71.4,80,26.1,83.4,64.4,68.8,48.5,58.4,62.6,62,,77,86.7,85.1,79.6,79.6,79.6,80.1,81.9,82,86.1,83.7,82.3,77.1,84.8,76.3,92.3,80,81.7,62,77.7,68.1,90.2,79.9,79.1,80.8,82.1,82,82.2,82.1,82.8,80.2,78.1,82.3,84.2,78,81.7,80.4,73.3,87.3,80.3,82.6,81.7,83.1,78.7,80,82.8,81.7,79.7,80.6,77.3,90.8,79.5,77.8,74.5,81.7,,,,,,,,,,,,,,,,,47.8,1.9,1,0,0,2.4,6.2
B00034,중진료권,2023,강원특별자치도,원주권,407862,21854.2,19.7,2.2,20.7,2032,1.5,105.1,102.8,16.1,50.2,28.8,,21.9,3.1,,1866.3,52.8,,,0.1,0.1,0.1,1.1,12.5,0.4,0.1,0.1,0.2,0.1,0.1,0.3,0.1,1.1,0.4,794.6,252.3,209.1,209.1,266.5,794.6,134.6,213.6,93.7,164.5,22.6,34.6,6.6,12.5,3.2,9.8,3.9,12.7,10.5,14.5,3.2,0,3.2,0,3.7,0,4.7,4.2,472.7,579.1,28.7,6.1,1,53,3.9,0.2,0.2,0,0.8,99.8,99.8,0.6,0.6,5.5,0.6,4.9,9.4,0.3,0.6,1.4,1.4,4.5,5.3,2.8,1.6,5.2,2.3,4.9,5.2,1.5,2.8,5.2,4.4,2,1.6,87.9,87.3,80.4,71.4,68.3,64.3,70.6,66.5,60.2,72.1,73.6,57.3,57.4,67.8,79.1,72.9,84.7,48,68.8,69.1,78.3,73.6,78.7,62.6,91.1,70.3,60.4,71,67.3,67.8,70,72.8,9.6,67.2,62.9,73,55.7,79.6,81.4,80.1,80.8,88.1,77.4,74.1,73.7,71.7,89.6,69.1,50,81.4,76.2,79.3,83.9,56.8,77.9,74.4,83.8,67.4,76.4,88.1,79.9,71.4,68.7,70.7,68.3,76.7,78.4,61.4,59.4,69.2,84.4,83,86.4,75.2,48.5,74.6,82.5,77.8,84,69.2,93.8,74.7,63.7,75.9,70.5,71,73.6,76.6,10,70.4,76.6,70.4,60,85.8,87,85.4,88.5,91.5,83.2,79.9,79.1,77.3,89.6,73.4,56,87,79.9,82.7,89.4,57.5,82.9,79.3,88.3,72.2,52.2,52.2,68.4,54.5,52.2,56.3,52.2,61.5,59.3,59.7,53.9,70.4,66.6,59.7,65.9,47.5,67.7,58.2,59.4,61.1,73,63.5,85.9,61.9,65.2,58.5,68.7,68.6,59.5,59.7,41.1,58.1,54,63.6,54.1,56.5,69.6,57.7,39,70.6,56.5,55.8,58.7,59.4,81.1,67.2,58.4,69.6,71.9,75.3,61.6,64.6,71.2,71.4,69.3,64.8,,,,,,,,,,,,,,,,,49.8,1.5,1,0,0,2.9,9.1
B00035,중진료권,2023,강원특별자치도,영월권,112193,2943.6,33.4,3,12.7,265,1.8,106.6,142.8,10.3,48.1,46.1,,25.3,2.9,,3811.4,93.2,,,0,0,0,0.1,0.8,0.1,0,0,0.1,0.1,0,0,0,0.1,0.1,396.6,180,0,0,164,396.6,40.1,90.9,37.4,67.7,6.2,12.5,3.6,11.6,1.8,3.6,4.5,4.5,2.7,4.5,0,0,0.9,0,0.9,0,4.5,2.7,159.5,240.7,15.2,3.6,0.9,8,2.7,0,0,11.4,87.2,100,100,86.4,85.3,98.6,28,59.6,84.1,80.9,43.1,22.8,36.1,59.3,99,53.3,52.9,46.8,53.7,42.9,65.5,48.8,96.7,96.7,65.5,74.6,50.7,55.4,11.3,20.7,7.1,10.5,0.3,28.1,15.8,0.6,14.8,22.5,16.5,0.2,14.1,13.8,9.2,7.9,2.3,18.3,14.1,0.1,14.2,12.4,5.1,46.3,14.7,14,15.2,17.1,16.9,4.8,4.8,0,2.5,0.2,4.8,5,14.6,19.3,12,0,42.7,14.8,16.5,12,17.1,56,16.2,3.2,19.3,8.5,31.4,14.5,1.8,12.6,15.3,15,15.3,0,0,0,0,0,9.4,0,11.5,23.2,7.6,0,5.3,9.1,6.8,0,16.7,0,21.9,0,0,7.6,6.3,27.7,11.6,12,16.9,17.5,18.1,0,0,0,0,0,0,4.1,14.6,16.2,10.9,0,40.5,17.4,21.4,11,14.6,8,15.4,14.2,16.2,1.2,27.7,6.3,0,14.4,15.4,12.3,14,,,,,,86.5,,82.1,80.7,89.7,,93.9,88.1,90.8,,92.7,,93.5,,,100,100,89.1,78.7,68.4,82.1,88.8,88.6,,,,,0,0,94,89.9,95.1,77.7,,98.1,84.1,80.1,86.3,90.5,100,80.2,100,95.1,94.1,93.9,76.9,,77,77.9,92.6,87.8,,,,,,,,,,,,,,,,,57.3,3.5,0,0,0,3.4,3.4
B00036,중진료권,2023,강원특별자치도,강릉시,209439,20122.4,24.7,2.4,18.4,860,1.2,107.4,100.7,13.7,50.5,34.2,,23.8,3.6,,1040.8,28.6,,,0.1,0.2,0.4,0.5,11.6,0.2,0.1,0.2,0.3,0.3,0.1,0.5,0.1,0.5,0.2,775.4,107.4,357.1,569.1,729.1,775.4,144.2,227.3,125.6,203.4,26.3,40.6,12.9,17.7,4.3,15.3,5.3,11.9,9.1,14.3,4.3,0.5,5.7,0,1.9,0,3.3,2.9,666.1,763.5,14.8,5.7,1,18.6,1.4,0,0,0,0.3,100,100,0.2,0.1,0.5,0,0.5,2.9,0.1,0.1,0.5,0.5,0.5,1,0.2,0.5,1.2,0.3,0.5,0.8,0.8,0.7,0.7,0.5,0.7,0.4,82.5,90.1,77.8,76.5,80.8,78.3,80.3,77.6,76.7,71.6,71.8,64.2,57.8,81.2,65.9,82.7,87.8,76.1,77,74.5,13.8,60,81.9,61.8,95.1,67.5,57.7,64.7,50.5,49.6,10.7,10.8,0,9.4,5.8,14.1,63.6,78.1,83.9,63.8,42.9,80.2,69,73.8,78.8,85.9,71.4,75.4,67.6,83.9,30.2,82.4,78.5,71.5,41.9,60.6,73.6,76.8,81.8,90.7,75.9,76.5,80.7,79.7,80.9,73.3,73.5,66.8,58.4,82,66.3,87.2,88.4,79.6,76.7,77.7,14.4,60.5,85.4,61.8,94.7,68.7,35.5,65.6,48.6,47.5,10,10.1,0,8.5,13.9,8.5,65.8,80.3,87.2,66.4,42.9,80.2,70.9,75.7,81.1,89.1,71.4,77.3,71.3,87.2,29.8,83.9,79.4,72,41.4,60.2,73.2,78,40.5,40.5,45.6,39.6,45.2,46.9,45.2,46.9,45.3,41.2,39.8,40.7,57.6,47.5,53.7,44.6,47.7,46.7,79.7,37.7,48.2,41.7,87,48.1,78.3,46.9,70.7,71.5,79.7,79.7,,82.9,83.8,82.6,37.8,48.8,52.7,44.6,33.3,62.1,45.9,42.6,47.4,48.2,55.6,49.4,41.9,52.7,59,55.5,56.7,44.7,52,51.7,58.9,48.4,,,,,,,,,,,,,,,,,45,1.2,0,0,0,1.2,8.4
B00037,중진료권,2023,강원특별자치도,동해권,189978,11365.2,26.4,3,16.6,702,1.4,106.7,122.3,14.2,49.3,36.2,,24.2,4,,1671.6,47.4,,,0,0.1,0.2,0.4,5.7,0.2,0,0.1,0.2,0.2,0,0.3,0.1,0.4,0.2,649,294.2,0,162.1,506.4,649,49.5,120.5,47.9,105.3,6.8,15.3,5.3,11.6,5.8,10.5,1.6,7.4,5.8,9.5,0.5,0,1.6,0,1.6,0.5,6.8,6.8,296.4,387.4,37.9,3.7,2.1,21.6,7.4,3.2,3.2,9.4,65.7,100,100,60.5,22.1,29.9,0.6,3.3,30.9,51.4,22.1,1,1.2,1.7,24.4,5.2,1.2,8.4,0.7,3.3,1.7,24.3,3.3,5.2,25.7,25.9,1,56.2,27.9,73.1,17.2,32,11.2,47.3,30,16.5,33.4,33.7,13.3,11.8,19.3,47.6,31.5,54.6,48.4,24.8,27.7,22.9,43.8,40.2,60.8,87.1,34.9,40.4,36.4,45.6,45.6,28,28.6,0,26.2,24.1,29.9,5.5,29.9,40.1,26.6,20,66.7,33.4,25.4,27,32.2,60,29.6,1.2,40.1,36.4,56.4,58.6,43.2,48.5,46.8,61.2,39.6,0,0,77.6,0,12.7,34.3,21.1,38.6,39.6,15.4,13.3,25.1,54.5,38.3,60.7,26.7,55.3,31.4,26.6,49.2,53,66,91.7,40.7,48.1,42.2,54.7,54.4,33,33.6,0,31.3,33.2,31.3,6.4,35.4,47.2,31.2,20,79.6,37.9,29.6,31.8,37.1,82.5,33.7,1.2,47.2,43.1,62.9,63.2,49,57.5,53,67.7,45.4,,,86.4,,82.9,85.1,87.7,84.6,85,87,89.4,94.6,87.9,85.9,89.9,93.7,95.2,91.8,71.3,79.4,89.9,80.9,92.5,84.7,84.8,83.9,87.1,87.5,74.4,74.4,,70.9,65.5,81.9,88.2,84.2,92.7,92.4,100,98.7,85.7,81.4,84.8,91.1,97.1,86.4,100,92.7,85.8,87.7,84.6,95.2,84.6,84.2,84.5,84.5,,,,,,,,,,,,,,,,,53.7,2.8,0,0,0,1.4,13.6
B00038,중진료권,2023,강원특별자치도,속초권,169089,5557.6,26.2,2.4,16.3,686,1.6,107.1,124.9,13.1,49,36.6,,23.9,4,,3042.5,78.9,,,0,0,0.1,0.1,2.7,0.1,0,0,0.1,0.1,0,0,0,0.1,0.1,306.3,210.5,0,0,281.5,306.3,27.2,91.1,26,76.9,3.5,14.2,1.8,8.3,2.4,7.1,1.8,5.3,3,6.5,0.6,0,1.8,0,0.6,0,3.5,3.5,102.9,205.8,28.4,3.5,1.2,10.1,1.2,0,0,1.2,81,100,100,75.4,75.4,95.9,4.9,23.5,38.8,86.6,86.6,10.6,22.1,10.7,24,24.6,10.7,32.2,21.7,23.5,22.7,23.8,26.4,25.7,23.5,11,22.8,62.9,19.9,23,17.6,22.4,3.8,43.9,27.3,8.7,25.2,28.4,15.9,7.2,4.8,49.9,18.2,3.8,8.8,33.6,25.8,6.8,57.9,63.7,45.2,69.8,27.9,39,29.6,43.6,44.5,4.6,4.7,0,5.4,4,7.8,8.8,22.5,42.2,13.1,16.7,2.3,29.9,22.5,29.8,33.4,35.7,31.9,2.9,42.2,23.1,44,54.6,9.5,39.3,32.4,55.8,24,0,0,9.8,0,0,28.5,9.3,26.4,30.6,15.8,6.1,4.2,56.5,22.1,3.8,37.4,10.4,26.7,7.3,62.6,69.4,44.4,87.8,29.8,44.1,31.8,48.4,49.3,4.9,5.1,0,6.1,9.2,6.1,6.5,22.8,48.7,11.4,16.7,0,31.3,22.5,30.3,34.4,42.9,34.4,0.2,48.7,24.8,49.1,60.3,10.9,43.1,36.3,63.5,25,,,100,,,89.1,90.7,89.2,92.6,87.4,87.9,93.9,90.6,87.9,89.7,94.5,96.3,91.5,92.7,60.3,82.7,98.2,96.6,88.8,87.8,89.2,90.5,90.3,92.7,92.7,,91.9,83.3,100,93.5,91.7,95,92.6,100,,92.2,92.5,89,91.9,100,88.3,100,95,85.9,90.7,91.3,96.8,90.5,92,88.4,89.7,,,,,,,,,,,,,,,,,49.5,2.9,0,0,0,2.9,11.5
B00039,중진료권,2023,충청북도,청주권,1100023,32366.1,18.5,2.1,20.9,5458,1.8,105.4,108.7,16.6,49.3,26.6,,19.9,2.5,,3398.7,32.7,,,0,0.2,0.3,1.1,19.4,0.6,0,0.1,0.3,0.3,0.1,0.5,0.1,1.1,0.6,598.7,365.8,73.1,278.4,334.1,598.7,84.1,172.5,68.7,146.5,12.8,25.8,4.9,10.1,3.6,9.3,5.2,11.1,5.8,10.9,2,0.5,3.5,0.2,2.5,0.6,6.7,6.1,307.4,399.7,40.1,4.9,2.1,31.8,10.1,5.6,5.6,0,4.8,5.9,4.9,4.1,3.6,12.4,0.3,4.3,18.2,1,0.8,0.1,0.2,0.2,10.8,2.2,0.2,4.4,1.7,4.3,7.8,0.2,8.2,14.6,4.3,3.5,0.2,69.7,75.6,89.9,71.3,74.1,65.9,74,66,58.4,68.7,64.4,55.5,62.6,79.8,70.3,69.6,81.6,77.6,67.4,72.7,74.5,67.2,67.4,62.9,91.8,68.1,66.1,67.7,68.3,68.3,73.6,73.3,76.1,75.6,75.9,75.3,42.9,72.3,79.5,74.4,61.4,64.6,68.6,65,63.1,78.2,73.2,71.5,40.7,79.5,63.5,82.8,79.4,75.8,70.5,66.9,76,71.2,56.8,71.1,84.6,55.6,68.7,68.4,67.7,71.5,67,57.2,64.7,82.7,72.1,79.8,84.7,71,82.5,75.1,81.4,71.9,67.8,67.5,91.1,70.8,67.9,70.7,68.7,68.6,78.4,77.8,83.8,78.4,79.2,78.4,44.9,76.7,83.6,79.8,63.6,63.8,72.2,69.1,64.2,82,81,73.8,37.9,83.6,66.8,85.5,82.6,80,72.2,68.9,77.8,73.9,80.4,80.4,84.1,84.7,81.4,80.3,81.2,79.7,78.9,74,85.6,88.2,77.5,80.2,84.1,74.7,88.6,83.8,72.9,78.9,68.8,43.6,91.8,78.8,75.5,75.9,77.4,77.5,74.8,74.2,81,76.1,73.5,79.4,81.2,79.1,81.6,76.6,71.8,73.5,77.3,75.6,77,79.5,88.8,79.7,79.8,81.6,77.2,85.4,76.3,88.9,77.6,77.6,77.9,78.8,,,,,,,,,,,,,,,,,46.4,2.6,1.6,17.5,0.4,4.2,16.3
B00040,중진료권,2023,충청북도,충주권,335551,14306.8,25.4,2.8,16.6,1196,2.3,110,123.9,13.3,48.5,35.8,,21.8,3.9,,2345.4,26.4,,,0,0,0.1,0.4,7.9,0.4,0,0,0.1,0.1,0,0.2,0,0.4,0.4,391.6,456.3,0,89.7,177.3,391.6,42.9,133.5,42,120.1,8.9,21.5,3.3,10.7,1.8,7.7,0.9,6,3.6,12.2,0.6,0,6.6,0,0.6,0.3,8,6.9,195.8,310.2,45.6,6.3,3,10.4,3.9,0.3,0.3,0,88.2,94.2,92.8,79.1,0.9,30.1,0.8,13.3,40.8,2.1,0.8,0.3,0.4,0.4,29.7,6.6,0.4,16.1,11.4,13.3,30.8,0.9,37.1,98.7,3.5,1,0.3,57,7,47,9.4,41.4,30.4,47.5,36.4,27.5,39.3,38.2,43.7,7.2,38.7,41.5,38.3,41.1,15.3,33.9,36.9,4.1,20.8,68.9,47.3,87.9,44.7,59.8,39.4,62.4,63,14.4,14.8,0,14.1,10.8,19.3,16.6,31.8,49.8,36.5,53.8,20.2,25.5,21.5,60.6,42.6,17.6,54.9,14.9,49.8,19.8,59.7,50.1,5,40.6,40.4,61.4,45.4,0,0,30,0,31.8,36.5,31.8,38.8,38.1,39.8,7.7,39.4,39.1,43.4,40.1,33.4,15.9,37.1,3.4,23.8,65.8,47.7,81.6,44.4,60,38.3,62.7,63.5,14,14.4,0,12.8,16.5,12.8,17.8,31.2,47.4,37.1,53.8,21,24.1,18.7,62.1,40,29.4,55.5,17.1,47.4,16.3,56.4,45.6,5,37.9,39.6,56.6,43.8,,,83.3,,80.6,83.1,80.6,78.9,82.3,84.4,92.4,90.7,82.6,81.4,85.6,86.6,90.5,81.8,80.6,92.8,82.9,70.6,93,79.5,80.6,79.2,80.3,80.3,81.3,81.3,,76.7,66.2,91.2,61.8,83.1,84.2,83.3,58.3,81.3,76,80.2,77.8,81,83.3,78.2,85.5,84.2,72.9,79.2,81.7,100,53.3,71.1,76.5,80.2,,,,,,,,,,,,,,,,,60.9,2.3,1.5,0,0,0.8,6.9
B00041,중진료권,2023,충청북도,제천권,157895,9495,27.7,3,16.2,541,1.8,104.5,115.5,13.2,49.6,38.5,,24.5,3.9,,1662.9,62.9,,,0,0,0.1,0.2,5.4,0.4,0,0.1,0.1,0.1,0,0.1,0,0.2,0.4,347.1,478.2,0,0,288.2,347.1,42.4,113.4,42.4,103.9,8.2,18.4,2.5,8.2,0.6,7,1.9,7,4.4,10.1,1.3,0.6,3.8,0,0,0.6,7,5.7,215.3,328.7,51.9,1.9,4.4,8.9,12.7,5.7,5.7,0,23.5,100,100,22.7,18.3,98.4,1.2,13.2,17.5,21.2,2.3,12.7,13.1,13.1,97.7,10.5,13.2,17.3,10.1,13.2,24.1,13.2,98.6,99.6,14.2,15.4,3.4,45,46.5,82.4,55.2,28.1,0.3,64.1,46.5,34.5,41.9,40.3,41.2,0.1,43.1,40.4,57.7,45.7,0,37.1,56.6,0.9,0,55.8,31.5,84.9,44.5,75.9,37.1,59.8,60.5,26.6,27.2,0,29.7,35.6,22.7,10.2,34.2,53.1,30.9,36.4,67.9,27.3,22.3,26.8,63.6,76.5,55.5,0,53.1,35.1,69.9,56.4,0,43.7,34.6,47.6,42.3,0,0,64.7,0,0,52.5,40.3,47.1,46.6,47.2,0.1,48.4,45.6,68.8,44.9,43.4,0,60.5,0,0,63.9,33.9,92.5,49.2,56.4,40,63.5,63.7,29.9,30.5,0,33.8,23.3,33.8,11.4,40.2,64.1,35,36.4,76.1,30.2,24.3,30.6,70.6,85.3,61.7,0,64.1,39.8,76.5,64.2,0,45.9,38.5,54.3,46.7,,,81.5,,,75.9,80.5,75.9,75,75.8,100,82.3,76.4,76.2,77.4,72.7,,83,,,71.2,79.2,82.3,74,68.7,71.9,68.2,68.5,72.6,72.6,,74.1,72.8,77.1,83.7,71.8,78.3,72.8,100,70.8,81.2,79,76,80.3,65.9,78.6,0,78.3,71.4,75.9,74.7,,80.6,74.4,74.4,76.2,,,,,,,,,,,,,,,,,47.5,7.1,5.3,0,0,7.1,12.2
B00042,중진료권,2023,충청남도,천안권,1001755,84970,13.5,1.7,23.4,5529,2.2,102.1,85.9,18.6,48.5,20.4,,18.2,2.1,,1179,7.1,,,0.2,0.3,0.4,3.1,43.2,2.2,0.1,0.3,0.4,0.4,0.2,1.2,0.4,3.1,2.2,563.2,452,190.6,275.6,305,563.2,107.6,196.7,81.6,159.8,16.5,29.2,6.3,11.9,4.3,11.4,6.1,11.5,7.5,12.3,2.2,0.5,3.4,0.2,2.3,1,8.7,8.2,377.7,471.7,42.1,4.9,3.3,29,9.8,4.6,4.6,0,0,73.9,0.2,0,0,0.1,0,0,1.1,0,0,0,0,0,0.1,0,0,0.4,0,0,0.1,0,0.1,0.7,0,0.1,0,93.4,76.8,95.3,84.1,82.2,80,81,78.7,72.6,80.7,77.5,76.9,79.4,86.6,80,78.8,91.8,94.1,74.7,86.8,81.6,66,74.6,67.7,96.2,80.4,79.5,77.9,81.5,81.3,79.3,78.4,86.1,78.5,78.4,78.6,63.4,84.6,89.3,84.3,87.2,92.6,76.5,74.9,82.4,84.5,94.6,83.5,51.6,89.3,78.5,87.3,88.2,93,82.5,75.2,83.9,83.3,81.8,76.9,91.8,82.9,79.1,77.7,78.9,79.7,77.2,77.4,79.2,84.9,77.1,83.7,89.8,74.1,94.3,86.6,81.9,67.1,71.4,66.5,93.5,79.7,80.1,77.9,81.7,81.6,79.6,78.7,86.1,79.3,80.2,79.3,65.2,84.7,88.1,84,91.5,93.8,75.7,74.7,81.5,83.7,94.6,81.5,56,88.1,74.4,84.4,85.7,93.4,80.5,72.8,81.5,80.7,58.8,50.7,76.8,58.8,63.2,63.6,63.2,66.4,62.7,63.2,71.4,74.8,70.2,66.7,76.7,52.3,78.9,65.9,62.2,59,71.9,66.9,89.6,66.9,68.9,63.9,69.8,70,63,60.2,91.5,62.8,66.2,57.6,56.8,62.8,69.5,61,64.2,66.1,60.1,58.3,68.5,62.7,73.2,69.8,48.5,69.5,71.5,73.3,70.6,77.4,73.2,67.5,72.3,69.1,,,,,,,,,,,,,,,,,44.3,2.6,1.3,18.5,0.4,2.2,13.7
B00043,중진료권,2023,충청남도,공주권,148771,16085.8,24.9,2.7,18.4,491,1.9,114.8,104.9,15,50.1,34.4,,21.9,3,,924.9,29.2,,,0,0,0.1,0.2,9.3,1,0,0,0.1,0.1,0,0.3,0,0.2,1,250,1072.1,0,0,182.8,250,28.2,124.4,22.9,109.6,4,21.5,2,8.1,1.3,8.1,1.3,7.4,1.3,8.1,0.7,0.7,5.4,0,0.7,1.3,20.2,17.5,224.5,386.5,101.5,6,10.8,8.1,22.2,10.1,10.1,0,10.9,38.1,18.8,0,0,7.1,0,0.3,28.8,4.8,0,0.2,0.3,0.3,2.5,2.8,0.3,5.2,0.1,0.3,13.1,0.2,0.6,53.4,0.3,2.3,0.2,57.3,62.4,90.7,86.3,67.6,40.4,71.8,49.4,25.5,47.6,48.6,39.6,46,70.9,39.8,39.1,70.3,64.8,39.8,57.1,40.5,30.9,50,22.8,83.3,58.5,63,59.3,76.7,76.6,51,51.5,3.6,58.2,59,56.3,29.6,37.3,64.1,40.3,0,58.9,43.4,39.3,45.5,60,69.8,52.4,36.5,64.1,26.2,72,48,64.4,39.4,41,46.2,49.5,0,0,18.5,0,0,16.2,0,13.4,24.7,8.6,0.4,0,10.2,8.5,12.6,14.8,0,16.7,21.6,0,17.3,4.4,52.9,35.1,67.4,39.8,68.1,68,38.1,38.5,0,43.4,36.8,43.4,1.1,7.2,33.5,6.9,0,54,11.5,7.7,17.1,16.9,67.4,4.7,0,33.5,4,27.9,10.7,0,11.4,9.7,9.6,13.1,,,58.8,,,76.7,,76.7,80.4,75.9,100,,60.8,78.1,63.9,80.8,,73.9,68.3,,85.7,87.5,95,54.4,50.1,53.9,52,53.5,54.7,54.7,,53.9,54.2,53,72,68.4,80.9,74.9,,60.4,82,76.3,80.2,82.9,70.7,76.3,,80.9,70.2,82.5,74.4,,68.9,80.2,78,79,,,,,,,,,,,,,,,,,48.2,0,0,195.7,3.7,2,5.8
B00044,중진료권,2023,충청남도,서산권,407097,20728.5,23,2.2,17.3,1801,2.3,117.6,100.8,16.1,47.5,31.8,,19,2,,1964,16.7,,,0,0,0.2,0.5,9.8,0.3,0,0.1,0.2,0.2,0,0.2,0,0.5,0.3,291.1,205.4,0,0,205.4,291.1,33.9,98.5,32.4,85.7,6.4,14.5,2,8.4,0.7,5.4,1.5,5.6,4.2,7.6,0.5,0,0.5,0,0.7,0,3.7,2.9,125.3,186.4,21.4,2.9,1.2,17.2,1,0,0,11.6,93.7,100,99.8,93,25.8,93.3,2.3,7.2,14.7,31.3,7.8,3.1,3.1,3.4,87.7,3.2,6.2,9.6,3.9,7.2,93.6,6.7,7.2,93.2,7,7.2,2.7,46.7,0,47.7,1.9,4,0.3,47.9,43.1,37.5,40.3,29.7,28.1,1.3,10.6,47.4,57.3,58.5,0,29.6,51.1,13.8,0,37.8,52.6,86.7,40.9,65.2,32.5,50.6,50.9,9.8,10.7,0.8,6.9,5.1,9.8,8.9,35.6,42.8,30.7,53.6,20.3,29.4,22.6,58.7,43.1,60.2,53.1,0.2,42.8,34.5,68.6,58.4,0,46.9,47,63.8,47.3,0,0,45,0,0,47.2,44.1,43.9,33.5,30.9,1.6,10.8,50.5,67.2,61.9,33.4,0,53.7,15.9,0.3,42.8,54.1,91.4,44,44.5,34.8,52.9,53.3,10.6,11.6,0.8,6.7,10.9,6.7,9.6,41.2,48.8,33.9,60.7,22.3,32.8,25.3,61.8,46.2,86.7,57.7,0.2,48.8,36.2,72.8,61.5,0,49.6,50.1,67.6,51.9,,,94.4,,,87.2,86.6,86.6,91.3,86.6,95.5,94.8,86.6,85.9,90.9,90.6,,88.9,90.2,6.3,83.3,78.4,95.7,86.5,86,86.4,86.4,86.1,90.2,90.1,100,92.4,90,93.8,89.5,88.3,91.8,86.9,94.4,90.5,88.1,89.3,83.9,88,89.1,85.8,100,91.8,86.8,86.4,85,,86.7,85.1,84.7,83.9,,,,,,,,,,,,,,,,,39.3,3.3,2.8,0,0,3.3,10.9
B00045,중진료권,2023,충청남도,논산권,270678,12742.3,35.1,3.6,13.5,711,2.4,125.9,153.9,11.6,50,46,,25.8,4.7,,2124.2,17.6,,,0,0,0,0.3,8,0.9,0,0,0.1,0,0,0.1,0,0.3,0.9,323.3,1288.6,0,187.3,187.3,323.3,36.6,141.5,35.5,118.2,5.9,18.8,3,14.4,1.5,7,0.7,4.8,3.3,8.5,0.7,1.8,5.2,0,0.4,1.1,23.3,19.2,105.3,293,124.9,2.6,10,8.1,18.1,3.7,3.7,0,22.4,54.5,54.5,18,1.5,23.2,0.4,12.7,40.3,7.2,1.3,0.1,1.9,11.1,16.9,20.2,0.8,19.4,7,12.7,73,5.6,13.2,37.3,11.8,14.1,1.7,59.5,51.9,67.1,56,64.3,40.2,65.1,41.8,34.3,40.7,39.4,36.2,49.1,23.1,29.3,41.8,30.8,5.2,33,46.6,15.1,53.9,67.3,39.3,78.8,52.4,75,53.3,71.6,71.8,36.7,39.1,2,36,43,28.2,14.1,35,48,32.3,16.7,13.7,34.6,30.9,39.5,64,18.5,45.8,24.6,48,18.6,65.2,37.4,5.2,38.3,48.6,53.3,47.4,0,0,13.9,0,36.6,33.1,34.6,32.1,30.3,26.9,46,18.1,20.8,41.6,18.4,24.6,0,38.4,3.9,55,61.3,31.4,69.1,44.7,63.2,44.9,65.9,66.4,25.6,27.3,0.5,22.3,18.7,22.3,6.2,23.3,32,22.1,16.7,8.2,26.1,20.9,25.6,57.1,0,34.3,20.3,32,10.4,54.8,26.4,0,26.7,39.5,44.2,39.8,,,100,,84.3,84.3,84.3,85.3,86.5,90.5,92.5,95,88.7,84.7,94.2,88.9,,84.9,96,55.3,80.3,79.5,80.1,72.4,65,69.4,65.5,65.7,81,81,100,75.7,72,82.3,92.7,88.7,89.6,88.7,100,93.8,88.4,87,88.6,86.1,,85.6,89.1,89.6,89.1,85.8,85.3,,90.1,81.6,86.7,84,,,,,,,,,,,,,,,,,57.8,5.9,2.9,0,0,5.9,20.2
B00046,중진료권,2023,충청남도,홍성권,301818,14683.2,30.8,3.1,15.3,960,2.1,123.4,136.2,13.2,49.7,41.1,,23,3.4,,2055.5,12,,,0,0,0.1,0.4,7.5,0.3,0,0,0.1,0.2,0,0.1,0,0.4,0.3,407.5,357.5,0,133.2,268.7,407.5,40.4,111,39.8,97.1,5.3,14.9,4.3,14.6,2.3,6.3,2,5,4.3,8.9,0.3,0,4,0,0.3,0.3,4.6,4.6,132.9,216.4,27.8,7.6,3,11.3,3.3,0.3,0.3,0.5,86.4,100,99.4,82.3,1.3,34.3,0.5,2.4,51.5,2.7,1.1,0.8,1.2,1.9,4.2,2.8,1.1,4.8,1.6,2.4,35,1.2,32,35.3,2.3,29.3,1.1,56.9,0.2,28.6,10.3,33.8,25.4,40.9,32.6,21.5,32.2,37.9,16.4,11.5,21.8,36.2,36.3,20.3,17.5,33.7,37.6,6.5,20.4,58.8,29.6,88,36.7,58,34.1,53.1,53.7,19,19.1,0,19.5,15.3,24.6,8.1,24.7,49.7,17.6,56,16.7,29.2,20.1,31.3,46.6,62.6,37.8,0.5,49.7,16,58.2,47.8,16.6,44.6,36.8,55.6,43.2,0,0,16.1,0,26.6,33.3,26.3,32.6,38.7,16.2,11.2,22.2,36.5,43.4,18.8,34.5,18.5,38.1,6.7,20.8,64.6,29.6,83.5,35.3,41.4,31,46.8,47.3,15.3,15.3,0,16.2,19.6,16.2,8.4,25.1,49.3,17.7,68,14.5,30,20.1,30.5,47.3,58.9,38.6,0.8,49.3,15.6,58.1,48.2,17.4,45.8,37.9,56.5,43.8,,,94.7,,86.2,86.9,86.2,87,89.8,88.1,91.2,91,86.6,86.9,90,90,91.5,88.4,93.8,47.2,82,87.5,95.9,85.9,83.9,85.7,83.7,83.7,95,95,,93.6,88.1,98.7,84.2,89.9,90.8,90.5,81,54,88.3,86.5,83.7,89.6,94,87,100,90.8,80.3,88.1,84.8,93.7,83.7,83.1,84.7,87.5,,,,,,,,,,,,,,,,,52.9,1,0,0,0,2,15.4
B00047,중진료권,2023,전라북도,전주권,869700,29042.5,20.9,2.3,20.7,3707,1.5,112.2,119.7,16.2,50.5,29.1,,23.9,4.2,,2994.6,59.1,,,0,0.1,0.2,1.4,21.9,1.4,0,0.1,0.3,0.1,0.1,0.4,0.1,1.4,1.4,758.9,1091.1,133,282.6,362,758.9,120.5,247,89.1,203.3,18.3,40.5,6.7,15.8,4.1,12.3,6.4,14.4,7.6,14,2.6,0.2,5.5,0.3,3.1,1.4,19.4,17,432,601.6,102.1,7.2,6.3,30.5,22.2,8.9,8.9,0,3.5,4,4,3.5,3.1,6.1,2,5.4,12.1,3.2,2.7,0.4,1,2,5.5,2.1,1.5,2.6,2.4,5.7,5,4.5,5.9,6.1,6,4.5,3.9,74.4,82.8,90.6,92.3,80.6,74.6,81.3,75.2,71,77.7,77,71.7,67.9,86.1,78.7,76.1,88.6,88.2,68.1,84,66.7,71.4,71.3,63.3,90.1,80.1,65.3,79.4,83.6,83.6,72.7,73.4,32.6,75.2,78.7,70.4,54.8,76.3,85.3,73.3,84.8,69.5,74,70.3,79.3,83.3,50,82.3,70.7,85.3,74.1,89.1,84,89.2,83.4,76.6,85.3,76.4,63.4,74.5,90.1,89.8,78.1,78.2,79.2,80.3,80.4,74.9,70.2,87.1,82.5,83.6,90.3,72.3,92,84.8,72.3,70.6,71.6,64.9,92,83,87,82.2,87.3,87.3,76.4,77.2,33.9,78.5,74.3,78.5,58.4,80,87.4,77.9,84.8,60.4,76.7,73.7,81.2,85.7,53.1,85.2,75,87.4,78.4,88.8,86.5,93.4,85.3,80.3,87.1,78.6,58.8,58.8,74,66.8,67.9,69.4,69.3,71.9,72.3,66.6,69.4,78,70.8,71.6,73.2,60.7,70.8,77.4,66.6,67.9,75.3,73.5,88.5,72.4,73.1,71.2,73.5,73.6,68.9,68.8,80.2,69.6,69.8,69.4,61.8,68,75.2,68.1,65,55.9,68.4,64.6,70.2,72.1,81,71.4,64.4,75.2,69.7,82.1,74.9,69.9,78.5,73.9,77.1,71.5,,,,,,,,,,,,,,,,,42.3,1.1,0.3,0,0,1.9,13.8
B00048,중진료권,2023,전라북도,군산시,259980,65318.5,21.9,2.4,19.1,971,1.9,103.6,131.3,16.2,49.3,30.5,,24.3,4.3,,398,3.7,,,0,0.3,0.5,2.3,41.5,2.3,0,0.5,0.5,0.5,0,1.3,0,2.3,2.3,563.1,918.5,0,128.5,236.6,563.1,46.2,149.6,43.1,135,8.8,23.5,1.9,11.9,1.9,11.2,1.9,11.5,4.2,9.6,1.9,0.4,0,0,2.3,0.8,16.2,12.7,251.9,412.3,80.8,2.3,6.2,37.7,23.1,11.5,11.5,0.1,1.2,18.4,18.4,1.2,0.3,1.1,0.3,0.9,1.2,0.3,0.6,0.9,0.9,0.9,0.8,0.4,0.9,1,0.8,0.9,0.9,0.9,0.9,26.2,0.9,0.9,0.9,68.5,70.1,80.6,84.7,63,38.9,73.8,57.8,51.4,65.6,66.1,44.9,26.3,29.5,66.9,58.8,66.4,8.7,53,69.3,80.6,32.5,76.4,52.8,94.1,73.4,68.7,74.9,89.4,89.8,78.1,78.1,80,78.3,74.2,83.8,25,60.4,86.9,75,0,72.1,58.6,52.1,68.6,80.6,84.1,69.9,14.2,86.9,57.2,86.3,79.6,7,79.7,77.1,75.6,65.9,0,0,56.9,0,24.9,48.7,49.8,59.4,60.3,37.6,12.3,7.6,62.1,56.5,62.9,43.2,7.2,65,80,0,70.7,40.9,91.2,68,81.2,69.2,85.2,86,75.5,75.6,73.3,75.3,81.3,75.3,13,51.8,83.7,70.3,0,38.8,50.5,42.5,64.7,77.2,90.9,64.3,0.6,83.7,55.8,81.4,74.8,5,75.8,76.4,73.1,60,,,89.1,,83.2,73.7,73.7,78.5,80,73.3,81.9,92.4,81.1,73.1,81.9,70.6,83.3,82.2,81.3,,72.4,80,80,78,77.5,77.1,78.8,78.6,78.4,78.3,95.7,79.2,83.1,75.2,77.9,72.6,76.7,78.1,0,91.8,78.6,74.3,75.7,79.5,78.4,77.2,66.7,76.7,82.8,76.4,76.3,83.3,81.2,81.2,79.5,79.6,,,,,,,,,,,,,,,,,52.5,2,2,101.4,2,5.1,27.6
B00049,중진료권,2023,전라북도,익산시,270036,53304.5,23,2.9,19.1,915,1.9,109.4,134.7,14.9,50.2,32.1,,25.2,5.2,,506.6,0,,,0.2,0.2,0.4,1.6,34.7,2.2,0.2,0.4,0.4,0.4,0.2,1.2,0.2,1.6,2.2,543.6,938,293.7,293.7,401.4,543.6,134.4,241.4,87,179.6,21.8,41.5,6.7,14.4,2.6,10,4.8,10.4,7.8,15.6,2.6,0.4,1.5,0,1.9,1.9,16.7,13.7,548.4,706.6,91.5,3,5.6,14.8,33.7,18.9,18.9,0,0,4.7,4.7,0,0,0,0,0,1.4,0,0,0,0,0,0,0,0,1.3,0,0,0.2,0,0,0,0,0,0,84.2,92.2,86.6,82.8,78.8,70.7,83,76.8,72.4,76,69.3,69.5,54.3,85.3,76.6,82.5,78.6,25,71.5,82.7,44.4,76,86.6,79.9,93.8,79.4,84.3,82.5,85.6,86.2,73.3,77,2.5,72,64.6,82.4,55.6,73,84.3,70.8,50,93.6,73.1,73.1,82.7,85.6,50,78.1,49.4,84.3,58.7,92.5,86,30.4,81.5,67.5,79.2,77,75.8,84.2,68.3,67.5,65.6,72.7,74.7,69.8,62.3,64.7,51,83.7,61.2,85.4,70.8,66.3,10,75.4,35,69.7,78.7,77.1,88.1,71.1,73,74.6,74,74.3,65.5,68.9,2.2,64.1,70.9,64.1,51.4,67.7,77.2,64.2,0,91.3,67.8,67.8,77.6,76.5,50,70.5,35.6,77.2,50.8,88.6,80.2,14.8,72.7,58.3,65.7,71,53.1,53.1,71.8,53.7,53.1,60.9,60.9,63.5,59.8,64.6,51.6,75.1,61.5,62.2,76,46,61.5,73.4,54.1,49.2,50,56.5,89.8,67.8,74.7,69,74.2,74.5,71,71,50,70.2,70.3,70.1,54.3,54.2,66.3,52.9,,52.3,59.3,54.7,70.8,73.2,100,61.3,50,66.3,71.7,75.6,67.6,45.9,67.8,70.3,68.6,66.4,,,,,,,,,,,,,,,,,55,2.2,0,0,0,1.1,14.1
B00050,중진료권,2023,전라북도,정읍권,204557,11391,34.2,3.5,13.9,580,2.4,130.1,178.5,12.1,50.2,44.3,,28.3,5.1,,1795.8,16.2,,,0,0,0.2,0.7,7,0.6,0,0.1,0.2,0.1,0,0.1,0,0.7,0.6,850.6,1029.5,0,0,389.6,850.6,52.3,149.1,49.9,126.6,10.8,22,5.4,12.7,2.9,9.3,2.4,6.4,5.4,11.2,0.5,0,1.5,1,0.5,1.5,16.1,14.7,250.3,393.5,87.5,2.9,5.4,23.5,9.8,3.4,3.4,0.5,55.4,60.9,60.9,33.7,12.4,94.6,0.5,1.9,46.1,13.8,4,1.4,1.4,1.6,6.3,2.4,1.4,9.6,3.4,4.4,11.4,1.5,27.6,13.5,7.9,1.7,1.5,68.2,19.4,70.5,38.9,25.2,0.9,61.3,47.3,32.9,51.8,54.5,51.1,11.5,38.9,56.7,44.9,7.6,5.8,16.4,61.8,5.7,60.6,38.3,60.3,84.6,53.4,47.9,53.4,63.8,64,35.2,35.3,2.8,35.2,38.4,31.4,19.6,41.2,56.6,42.2,0,19.6,51.8,46.1,55.5,64.6,18.2,59,1.1,56.6,59.5,75.4,62.1,5.4,65.6,68.3,78.8,59.6,0,0,3.8,0,0,47,36.9,51.9,53.8,53.1,10,38,57.4,50.5,4.7,16,0.7,62,4.1,63.7,39.1,60.6,84.1,53.2,55.4,53.2,64.2,64.3,33.8,34,2.8,33.5,30.7,33.5,20.9,40.5,56.4,42.7,0,6.5,51.4,46.9,55.6,63.8,18.2,60.1,0.2,56.4,60.7,75,62.8,0.7,66.5,68.8,79.1,59.5,,,80,,,89.4,87.1,87.8,89.7,79.5,90.9,91.1,90.5,87.7,93.1,93.8,100,89.7,96.8,87.8,84.9,84.9,95.5,86.7,84.9,87.4,85.4,85.7,90.1,90.1,100,92.4,92.1,92.9,76.9,91.2,91.8,92.2,,94.7,90.2,90.6,87.6,90.8,100,87.2,100,91.8,85.5,86.9,88.7,100,86.6,87,87,87.6,,,,,,,,,,,,,,,,,59.4,3.3,3.3,0,0,3.3,9.9
B00051,중진료권,2023,전라북도,남원권,150484,6327.2,34.7,3.6,13.7,420,2.6,134,174,12.3,50.3,45.3,,27.7,5.1,,2378.4,36.1,,,0,0,0,0.3,3.9,0.3,0,0,0.2,0,0,0,0,0.3,0.3,340.9,903.1,0,0,132.9,340.9,43.9,136.9,43.2,113.6,6,19.3,2,10,1.3,3.3,4,7.3,2,6.6,1.3,0,4,0,1.3,0.7,11.3,8.6,146.9,301,69.8,6,4,9.3,8.6,2,2,0,67.9,70.9,70.9,66.2,57.5,90,3.2,22.6,47.4,8,57.9,0.3,1.5,8,22.2,7.6,4.5,9.7,17.2,22.7,24.7,13,79.9,47.1,21.6,19.9,12.4,69.8,22.2,42.6,28.7,27.9,6.1,42.7,22.2,14.5,26,23.5,13.3,12.3,21.6,28.8,21.6,14,17.1,13.5,30.6,6.4,23.6,43.5,17.6,72.1,33.1,46.1,34.9,46.7,46.6,21.1,22.1,0,20.2,18.5,21.8,6.9,18.4,28.4,18.9,7.7,47.9,24,19.5,25,24.2,69,26.6,3.3,28.4,21.8,38.3,38.8,14.2,38.4,40,48.5,23.3,0,0,1.5,0,0,16,17.7,17.6,13.2,4.6,6.8,9.3,21.2,26.4,6.2,6.7,9.9,18.5,0,0.5,13.6,12.6,63,26.5,38.2,28.7,42.6,42.6,16,16.7,0,16,16,16,3.6,8.9,15.5,10.7,0,33.3,14.9,10.8,13.2,11.1,78.6,18.8,0,15.5,12.7,23.1,31.2,8.4,32.7,30.7,40.5,14.9,,,100,,,86.1,86.1,87.9,91.3,89,83.1,90.5,89.2,85.4,86.7,86.5,89.3,96.6,,100,90.9,71.4,89.8,80.4,76.5,81.3,82.4,82,94,94,,96.5,93.7,99.4,89.8,91.2,90.3,89.3,,92.3,91.1,90.4,92.2,92.7,89.2,87.3,,90.3,86.7,89.9,82.3,89.3,89.6,88.9,85.5,90.1,,,,,,,,,,,,,,,,,42.6,2,0,0,0,0,6.1
B00052,중진료권,2023,전라남도,목포권,454419,17456.4,25.2,2.8,17.7,1727,2.1,116.6,130.3,15.4,49.5,34.1,,27.1,4.2,,2603.2,43.6,,,0,0.2,0.2,1.2,9.5,0.8,0,0.1,0.3,0.2,0,0.1,0.1,1.2,0.8,969.4,956.4,0,363.5,489.2,969.4,73.7,168.6,72.4,142.6,11.7,25.3,5.9,13,4.8,8.4,6.8,9.9,7,12.3,1.5,0,3.1,0,1.1,1.5,14.1,13.2,370.1,541.8,79,3.5,5.9,23.5,15.4,3.5,3.5,12.3,14.9,95.3,95.3,94.8,10.6,21.7,8.6,14.7,32.4,89.2,13.8,4.8,6.5,7.9,17.7,5.7,13.4,9.1,11.8,16.2,18.5,7.9,13.7,13.8,13.7,9.8,7.9,54.9,56.2,73.3,3.3,54.4,49.8,56.8,50.8,37.2,57.8,56.3,54.4,41.6,74.4,53.9,50.9,65,68.4,49.4,70.3,26.4,72.6,81.3,57,82.3,57.8,57.9,53.7,60,60.4,43,44.4,1.5,42.6,46.1,37.9,15.6,44.6,68.7,42.8,30,61.5,52,45.9,63.7,73.3,66.7,55.1,4.9,68.7,59.7,74.5,64.2,68.2,62.4,58.6,67.4,61.1,0,65.2,73.7,0,60.4,58.5,49.9,65,63.8,59.9,45.9,80.6,60,66.2,71.4,63.9,75.7,76.9,25.6,85.2,92.1,65.1,90.5,65.1,65.2,61.6,67.8,68.5,48.2,49.8,1.5,48.9,46.7,48.9,18,53.8,78.9,49.4,40,67.2,59.4,54.1,70.7,80.9,78.8,63.1,2,78.9,64.6,79.7,72.3,75.5,66.7,64.3,72.8,68.8,,83.3,78.7,,84.7,85.9,84.3,85.7,86.3,83.4,81.2,87.7,89.4,83.7,79.7,81.4,82,86.2,85,69.3,80.5,87.6,94.5,85.2,84.4,85.1,84.5,84.8,85.1,85.1,100,83.7,82.3,86,89.8,85.6,85.1,86.4,80,91.3,87.5,85.3,88,87,92.9,86.4,100,85.1,89.6,87.2,87.8,81.9,90.4,90.3,89.1,82,,,,,,,,,,,,,,,,,55.4,4.6,1.1,0,0,1.1,13.5
B00053,중진료권,2023,전라남도,여수시,271696,53031,22.5,2.3,18.5,1141,1.6,101.6,127.1,15.4,49.1,31.6,,21.7,3,,512.3,29.6,,,0,0.2,0.6,2,31.8,2.1,0,0.2,0.6,0.6,0,1,0.6,2,2.1,692.3,884.8,0,141.3,355.5,692.3,72.9,162.3,68.8,143.5,13.3,24.3,5.2,10.3,6.3,10.3,3.7,7.4,8.1,12.1,0.7,0,1.5,0,0,1.1,12.9,11.8,381.3,501.3,73.2,1.1,5.5,21,19.9,7.7,7.7,5.4,4.8,100,100,5,2.2,4,2,2.9,5.7,4.6,2,2.9,2.9,2.9,2.9,1.3,2.9,4.6,2,2.9,2.9,2.9,49.6,71.6,3,2.9,2.9,21.7,39.1,83.6,76,52,45.7,70.1,64.3,41.7,67.3,66.4,50.8,65.8,85,79.7,65.7,60.6,66.5,62.1,78.7,24.7,19,36.5,71.1,91.8,69,73,68.5,77.6,78.3,54,54.7,13.2,54.8,52.2,57.8,25.5,58.9,79.7,61.9,100,55.7,64,54.8,63.9,80.6,0,72.7,0.6,79.7,64,87.9,85.1,62.9,80.5,72.5,85.6,65.5,0,0,39.7,0,41.6,62.7,41.7,65,66.5,48.6,56.7,80.7,80.6,67.2,39.9,60.7,47.1,78.8,0,10.3,30.1,67,90.4,68.1,75.2,68.6,80.9,81.8,44.9,45.7,0,44.7,52.5,44.7,24.5,56.3,79.2,55.1,100,54.6,61.8,52.4,60.1,80.1,0,69.5,0.6,79.2,60,88,86,40,78.3,71.1,86.5,62.1,,,95.1,,93.6,92.2,89.2,85,93.4,89.3,93,96.3,66.4,89.1,94,93.2,95.9,94.7,,90.7,90.4,83.4,97.6,85.1,85.4,86.4,89.6,89.8,90.7,90.7,,94.3,91.6,96.6,92.1,90.1,94.4,90.6,100,93,86.1,82.8,89.5,94.5,,89.7,60,94.4,55.7,90.4,92,95.4,54.5,77.7,88.8,91.4,,,,,,,,,,,,,,,,,39.4,3.6,0,0,0,0.9,13.2
B00054,중진료권,2023,전라남도,순천권,553916,16833.1,22.8,2.3,18.3,2301,1.8,120.7,114.8,15.8,49.6,31.9,,22.4,2.9,,3290.6,40.2,,,0,0,0.3,1.2,8.3,0.5,0,0,0.3,0.2,0.1,0.2,0.1,1.2,0.5,1074.2,681.3,0,93.7,427.5,1074.2,73.5,151.3,69.5,135,12.5,24,3.4,10.7,4.5,9.9,4.3,8.5,9.4,11.2,2,0.4,2.2,0.2,2.2,0.4,10.5,9.9,435.8,581.3,71.7,5.8,4.9,48.7,12.6,4.3,4.3,2.5,12.5,99.6,99.6,10.8,10.4,20,0.3,4.8,29.7,10.4,10.6,1,1.1,2.9,19.2,1.9,1,3.4,4.5,8.1,8.7,1,14.6,10.4,2.4,1.7,1.3,51.7,65.5,83.7,81.4,45.5,40.7,61.5,56.4,35.4,62.8,60.2,45.5,60.7,82.2,65.1,58.1,82.8,82,47.1,72.9,49,55.3,67.7,56.7,87,61.6,59.1,58.3,60.6,60.6,44.9,45.5,22.5,47.1,45.3,50,19.6,51.7,70.1,56.5,20,19.6,57.4,53.7,69.2,75.7,59.1,68.8,6.4,70.1,61,82.6,73.9,82.1,75.3,66.5,78.4,69.2,0,70.1,86.6,84.9,46.8,62.2,46.8,69.5,65.9,51.2,65.1,86.1,72,73,88,58.1,87.5,77.4,58.9,69.3,89.8,57.3,92.3,68.5,66.4,66.2,68.5,68.6,53.3,54.1,22.5,55.3,60.8,55.3,21.9,60.5,77.1,66.9,20,23.6,65.7,62.1,76.9,82.3,63.6,76.2,7.1,77.1,70.4,88.3,81.5,87.3,81.5,73.4,83.7,77.3,,80.7,75.8,75.1,80.7,83.8,80.7,83.3,85.5,80.5,73,88.5,87.2,84.5,72.8,80.5,75.6,90.6,72.4,60.5,77.8,83.3,90.1,83.3,83.2,82,84.3,84.4,75,75.2,64.5,75.4,73.5,77.9,80.7,81,88,77.1,66.7,59.3,80.9,81,83.3,89,87.5,82.8,91.4,88,76.8,89.2,88.4,75.3,87.3,81.9,87.4,83.4,,,,,,,,,,,,,,,,,41.4,2.8,1.6,0,0,2,10.5
B00055,중진료권,2023,전라남도,나주권,205536,10578.5,27.7,3,17.2,844,2.3,128.7,128.7,14.3,49.9,37.1,,24.3,3.8,,1943,42.4,,,0.1,0.1,0.2,0.5,5.8,1,0,0.1,0.2,0.2,0.1,0.1,0,0.5,1,995,2201.6,332.8,332.8,511.8,995,187.3,302.1,135.7,228.7,32.6,50.1,14.1,24.8,3.4,10.7,7.3,12.6,7.8,12.2,1.5,0,16.1,1,1,1.9,37.5,35,612.1,882.1,188.8,15.1,12.6,17,28.7,10.2,10.2,0,1.7,6.5,6.5,3,1.2,25.8,0,3.9,62.4,1.5,0.8,0.5,0.6,0.8,14.4,1.4,0.6,4.6,12.1,5.5,14.8,0.6,12.6,1.9,1.1,4,1.4,81,78.1,95.6,95.2,68.2,38.5,78.2,54.1,22.3,62.6,65.9,52.1,61.3,82.9,69.5,32,64.6,65.5,35.7,71.5,42.6,48.1,57.8,54.4,86.7,66.4,71.3,66.4,70.9,70.4,50,49.9,51.3,49.4,48.5,50.8,41,60,75.1,50,20,34.4,66.2,60.7,66.1,72.9,66.7,63.2,46.7,75.1,54.8,85.9,73.9,65,71.8,66.6,74.9,64.7,27.8,0,0,0,19.2,33.2,19.7,41.7,55.8,35.7,8.9,49.5,46,24.7,0,5.6,0,58.3,0,21.1,41.1,30.2,66.3,49.2,59.3,51.2,58.6,58.4,25.1,27.7,0.4,22.8,29.5,22.8,50.6,38.6,56.1,21.8,0,20.3,50.6,42.1,49.1,60,0,38.8,0.5,56.1,22,69.5,51.8,0,42.7,44.3,51.1,50.2,9,,,,9,22.3,9,34.5,30.1,18.3,10,71.7,65,23.5,,9.4,,32.9,10,24.2,38.7,82.1,88.9,36.8,39.4,37.8,44.9,46.2,29.9,29.8,100,38.5,32.8,46.7,9.7,46.6,68.5,63,,59.1,36.7,35.6,38.9,38.3,,49.3,100,68.5,77.2,79.8,75.8,,72.9,69.1,79,32.9,,,,,,,,,,,,,,,,,43.3,2,0,0,0,1,8.9
B00056,중진료권,2023,전라남도,해남권,178984,6977.2,36.8,3.5,12.5,556,2.4,131.7,168.6,11.7,50.4,47.4,,30.3,4.7,,2565.3,27.6,,,0,0,0.1,0.4,4.1,0.1,0,0,0.2,0.1,0,0.1,0,0.4,0.1,883.3,320.1,0,271.5,540.3,883.3,61.5,152.5,59.2,111.2,8.4,18.4,5.6,13.4,3.9,7.3,4.5,6.7,6.7,8.9,1.1,0,4.5,0,2.2,0,3.9,3.9,229.6,344.2,30.7,6.1,1.7,29.1,1.7,0,0,40.3,76.7,99.9,99.9,98.4,18.5,46,13.6,32,100,98,67.5,14.9,15.3,15.8,27.8,15.1,15.4,27.9,31.7,44.7,33.7,15.3,33,45.7,36.4,15.7,16.2,36.4,9.8,20.9,0,36.5,24.8,46.2,35.6,0,36.9,41.2,23.6,10,47.2,40.8,26.4,7.4,6.1,22.2,43.4,17,23.2,44.4,45.5,68.5,32,22.4,29.5,27.7,27.7,10.4,10.9,1.5,8.9,7.6,10.7,11.7,26.6,50.2,30.2,33.3,30.6,38.7,29.7,44.8,48.5,70.8,30.7,6,50.2,40.1,62.5,48.6,6.4,44.5,38.1,53.8,36.4,0,0,3.3,0,34.6,45.9,0,45.4,50.3,27.4,12.2,54.7,51.2,41.4,7.4,28.1,5.3,51.9,21.7,30.1,63.5,56.9,80.1,39.1,27,36.2,35,34.9,12.4,13.1,1.5,10.8,13.2,10.8,14.4,33.4,60.5,40.2,66.7,44.2,48.2,38.1,54.2,58.6,79.2,36.9,7,60.5,54.1,75,58.5,5.6,53.8,46.8,64.4,45.3,,,100,,87.9,90.7,,91.1,92.5,91.3,92.8,93.8,91.3,92.5,91.1,92,97.1,93.1,85.2,90.6,81.2,90.2,93.6,90.8,89.7,90,90.2,90.4,85.2,85.2,80,81.6,81.6,81.5,91.7,92.1,93.3,88.8,100,94.2,91.8,91.3,91.8,94.3,100,91.1,100,93.3,89.5,93.3,92,97.2,90.9,91.2,91.2,90.8,,,,,,,,,,,,,,,,,57.8,2.9,2.9,0,0,0,12.8
B00057,중진료권,2023,전라남도,영광권,139666,9645.7,32.8,3.3,14.1,517,2.5,127.6,155.2,12.3,49.4,43.1,,24.9,4.2,,1448,16.7,,,0,0,0.1,0.3,5,0.6,0,0,0.3,0.1,0,0.1,0.1,0.3,0.6,635.1,1018.9,0,0,358,635.1,50.8,141.8,49.4,116,7.9,24.3,5,12.9,2.9,5,2.1,5,3.6,6.4,2.1,0,9.3,0.7,0,0,15,14.3,227.7,382.3,85.2,7.9,7.9,11.5,10,0.7,0.7,0.4,37.7,38.8,38.8,38.3,17.1,41,0.4,0.9,59.6,16.7,13.4,0.5,0.5,0.5,1,0.5,0.5,3.3,1,1,1.2,0.5,20.6,21.4,16.5,0.9,0.5,75.8,47.8,77.9,36.5,53.4,33,72.1,58.1,17.6,60.2,62.7,57.7,42.8,56,62.5,34.2,53.8,52.7,47.8,62.4,53.8,79.7,64.5,63.4,86.8,60.1,59.8,60.6,64.9,64.9,46.4,45.7,54.9,49.9,52.3,46.2,29.3,58.4,68.3,63.3,50,87.5,62.5,55.8,68.7,69.7,0,61.4,39.4,68.3,60.4,71.2,70.5,50.6,69.7,69.8,75.5,61.6,0,0,6.7,0,0,28.6,0,30.1,39.8,33.1,5.4,11.9,25.4,19.3,9.3,18.6,7.4,26,0,71.4,56.1,36,59.6,29.8,29.1,30.8,34.8,34.8,3.3,3.6,0,2.8,0.3,2.8,11,27.1,32,31.9,0,82.1,35.8,26.8,44.9,41.3,0,31.5,0.1,32,22.3,32.9,32.3,5.9,30.5,40.5,42.1,33.1,,,100,,,80.4,,78,78.4,76.5,83.2,89.5,78.5,75.9,85.7,77.5,89.3,80.8,,61.7,40.5,93.5,73.6,60.7,41.7,61.3,63.6,64.2,89.8,89.8,,81.8,100,14.3,77.2,76.7,78.7,71.7,,80.9,79.2,76.8,79.2,79,,79,100,78.7,77.9,77.9,79,92.7,84.1,80.8,80.7,76.5,,,,,,,,,,,,,,,,,56.1,5.5,0,0,0,1.4,5.5
B00058,중진료권,2023,경상북도,포항권,582834,19853.5,23.2,2.3,17.8,2219,1.2,97.4,124.5,15,49.4,32.9,,21.7,3.9,,2935.7,41.9,,,0,0.1,0.2,0.6,10.8,1.1,0,0.1,0.2,0.2,0,0.3,0.1,0.6,1.1,506.7,1055.9,0,217.6,362.9,506.7,79.6,169.7,76.7,156.8,15.8,29.7,5.7,16.3,5.8,10,3.1,8.2,6.2,11.8,2.4,0,2.7,0,1.2,1.5,18.2,16.8,412.6,605.1,117.2,3.4,6.9,18.5,23.7,5.8,5.8,13.7,14.6,100,100,100,14.5,16.9,12.8,16.5,20,14.4,12.2,1.3,3.2,9.4,9.9,1.4,3.2,12.2,5.9,16.5,9.5,3.2,16.9,16.7,16.6,16.9,2.8,39.7,69.5,79.4,0,64.7,61.4,67.6,64.1,58.3,63,55.9,51.2,54.3,68.8,67.8,71.4,75.1,81.6,59.3,68.1,14.5,46,75.7,52.8,92.3,67.6,75.2,66.8,75.7,75.5,65.6,57.6,94.2,70.6,73.4,64.7,30.1,60.4,70.7,64.9,40,53.9,56.7,48,53.7,62.7,44.1,69.4,39.5,70.7,66.4,84.2,74.2,79.7,70.5,69.5,74,68,0,75.3,79.8,0,69,72.5,69.5,70.9,64.4,58.5,55.3,72.9,80.3,83,79,73.6,86.7,73.1,15.5,48.2,84.2,56.9,95.6,76.6,86,77.4,87.1,86.8,73.8,68,94.9,78.5,74.7,78.5,33.5,72.3,81.1,77.3,60,62.4,65.9,57.7,60.4,72.4,55.9,77.3,37,81.1,77.5,90,86.5,84.7,78.4,80.8,80.8,77.4,,82.1,83.1,,83.2,82.4,83.2,82.8,85.1,81.5,79.8,88.6,83.5,82.6,79.4,79.9,84,85.8,81.8,82.7,85.6,84.2,92.9,82.6,82.4,82.3,82.7,82.6,83.2,83.1,83.6,84.5,84,85.7,84.6,83.3,85.7,76.7,100,85.8,83.2,82.5,85.2,82,95,81.6,91.9,85.7,78.2,84.2,84.8,83.9,83.8,81.5,83.8,83.7,,,,,,,,,,,,,,,,,45.4,3.9,1.7,0,0,2.1,10.6
B00059,중진료권,2023,경상북도,경주권,655222,19550.6,25.2,2.4,17.4,2683,1.7,108.2,131,13.3,49.7,35,,23.3,3.7,,3351.4,30.3,,,0,0.1,0.1,0.7,10.5,0.9,0,0,0.1,0.1,0,0.1,0.1,0.7,0.9,432.4,791.6,0,108.5,184.7,432.4,47.9,133.2,43.5,118,7,23.5,2.6,9.2,2.1,6.4,3.1,7,4.4,10.8,1.4,0.9,6.3,0.2,1.2,1.2,13,11.1,207.4,324,73.3,4.1,5,24.4,15.7,5.8,5.8,0,4.1,48.4,48,36.6,0.3,15.9,0,4,52.3,0.9,0.3,0.7,2,2.7,3.6,1.3,2.3,6.2,3,3.8,5.3,2.3,15.4,18,15.3,4.4,2,81.8,59,85.5,63.7,67.4,42.9,70.4,47.4,25.4,52.3,48.9,33.6,46.2,75.8,59.4,38.1,63.5,65.6,41.6,64.9,47.8,56.4,63,41.1,86.6,57.3,66.5,57,68.6,68.6,55.2,55.6,51.5,54.4,54.1,55.1,25.9,45.7,69.5,50.5,10.7,28.4,46.7,43,48.4,68.5,37.8,55.8,46,69.5,48.3,76.3,67.5,64.3,62,54.4,65.2,56,0,0,20.3,0,23.8,26.3,19.6,32.5,33.1,12.5,19.2,44.2,40.8,33.1,16.5,19.9,15.9,46.6,38.9,52.1,63.4,12.8,76.3,42.8,61.8,46.3,64,64,47.6,48.1,42.9,46.5,49.6,46.5,13.7,26.3,49,31,0,23.2,30.2,26.7,30.3,54.4,0,35,30.7,49,21.5,53.9,50.9,15.3,39.4,34.5,49.4,40.1,,,97.5,,75.9,78,78.1,76.9,83,75.4,59.5,85.2,86.3,83,92.1,85.7,95.3,84.5,60.8,56,65.2,72.5,93.2,73.6,70.8,74,76,76.1,65.3,66.4,55.5,62.7,62.5,63,52.8,83.6,84.6,75.4,,53,82.4,77.9,82.4,82.4,,79.9,61,84.6,77.8,84.1,85.6,95.9,71.2,67.9,81.4,78.7,,,,,,,,,,,,,,,,,46.1,2.9,1.5,0,0,1.5,14.1
B00060,중진료권,2023,경상북도,안동권,242701,5840.6,33.6,3.5,14.4,795,1.7,122.3,144.2,11.7,50.5,44.3,,25.5,4.7,,4155.4,63.2,,,0,0,0.1,0.2,2.6,0.3,0,0,0.1,0.1,0,0,0,0.2,0.3,1022.7,1178.8,0,685.6,787,1022.7,89.8,167.3,89,145,13.2,20.2,6.2,14.4,3.3,8.7,3.7,7,4.9,7.8,2.1,0.4,9.9,0,3.3,1.6,16.9,14.8,476.3,663,111.2,7,7,35,20.2,8.2,8.2,8,13.5,96.2,96.2,12.9,12.5,31.7,11.9,28.9,43.4,15,12.5,4.6,10.6,28.9,29.8,14.6,22.4,24.9,17.4,28.9,28.7,20.5,28.8,32.1,29.3,32.1,18.1,48.5,64.1,49.5,0,59.6,49.2,58.9,48.4,43.8,44.9,36.2,31.1,36.1,66.8,35.7,47.6,46.7,49.2,43.1,64.2,23.9,65.8,66.8,28.5,73,48.5,55.2,47.3,57.2,57,42.2,42.6,0,42.8,44,40.6,22.4,37.2,53.7,38.8,63.6,48.3,40.4,35.9,38.7,47.3,46.9,45.3,18.9,53.7,37,68.8,45.6,48.4,43.6,44.3,50.9,45.3,0,74.3,52.4,0,65.7,63.9,66.6,58.6,51,42.7,43.3,76.8,49.6,72.8,53.5,63.4,56.9,77.8,32.5,78.8,79.9,35.5,87.5,61.3,66.3,60.2,68.5,68,53.8,54.3,0,54.6,48.7,54.6,29.4,54.6,75.6,56.3,72.7,59.2,55.2,51.9,53,66.1,61.2,58.1,26.2,75.6,45.7,82.1,64.7,55.9,54.9,58.6,67.3,59.9,,52.1,61.4,,59.6,61,59.6,60.3,55.6,53.9,58.1,61.9,68.5,62,62.5,53.1,61.6,69.3,41.7,60.7,50.4,66.1,90.3,65.4,75.9,66.2,78.1,78.4,58.3,58.3,0,56.6,58.4,53,56.2,51.1,57.9,46.6,47.1,80.6,57.2,52.8,58.8,60.5,85.7,61.1,65,57.9,74.4,70.4,67,61.6,58,69.7,69.3,59.1,,,,,,,,,,,,,,,,,55.7,3.4,2.3,0,0,3.4,16.7
B00061,중진료권,2023,경상북도,구미권,748815,20285.9,18.9,2.1,19.7,3094,1.7,108.3,111.8,16.4,48.5,27.6,,22.5,3,,3691.3,38.2,,,0,0.1,0.1,0.4,9.7,0.6,0,0.1,0.2,0.1,0,0.2,0.1,0.4,0.6,328.4,455.1,0,91.9,198.4,328.4,47.5,121.9,44.7,109.9,7.9,19.6,1.7,7.7,1.6,7.9,2.5,9.5,3.7,9.6,1.3,0,4.9,0.1,1.1,0.5,8.1,7.9,232.1,332.1,45.3,4.1,4.1,17.6,7.9,1.9,1.9,0,2.8,20,18.8,1.2,1.2,8.7,0.1,4.3,13.2,0.4,0.3,0.9,1,2.5,4.2,0.5,1.3,9.2,1.5,4.3,4.1,2.5,4.5,19.7,3.2,4.3,1,79.2,67.1,78.8,64.1,72.1,53.7,75.8,58.2,45.8,56.1,50,41.8,44,45.1,58.3,55.9,65,41.1,60.5,66.4,44.2,55.1,71.6,47.1,85.2,58,63.2,54.7,64.1,64.3,48.8,51.2,4.7,48.6,47,51.8,24.9,59,64.5,50.8,71.2,32.7,45.2,45.3,50.6,65.2,81,63.6,18.7,64.5,52.5,72.3,70.6,40.3,63.2,65,72.1,54.3,0,57.8,55.3,0,45,51.1,49.9,48.7,41.7,33,32.4,23.7,51.4,60.3,60.3,58.3,27.6,61.8,39.1,61.7,77,40.6,76.2,51.7,59.8,47.6,60.7,60.7,46.5,48.8,2.9,45.7,48.3,45.7,9.4,52.5,59.9,43.7,75,20.4,33.9,34.6,41,60.2,82.3,55.8,9,59.9,47.7,66.9,64.5,26.3,58.9,61.3,68.2,45.2,,86.1,88.2,,85.9,85.6,85.3,83.5,82.2,85.3,86.5,89.8,84.7,85.3,83.4,80.2,88.4,86.5,77.5,65.2,66.7,86.3,95.8,77.4,66.7,73.5,69,69.3,75.8,75.8,88.9,80.7,84.9,74.1,85.1,82.4,83.7,80.8,86.7,84.3,80.5,79.4,83.9,83.9,87.1,84.4,86.6,83.7,86.2,85,85.1,88.1,84.2,83.1,83.8,80.8,,,,,,,,,,,,,,,,,45.7,4.7,3.5,31.6,0.7,5.4,12.8
B00062,중진료권,2023,경상북도,영주권,185127,7304.4,32.7,3.2,14.5,595,1.8,123.4,144.3,13.5,50.3,43,,24.5,4.3,,2534.4,39.6,,,0,0,0,0.3,3.2,0.3,0,0,0.1,0.1,0,0.1,0,0.3,0.3,582.3,894,0,0,81,582.3,37.3,114.5,36.7,90.2,4.9,18.4,2.7,8.1,2.7,6.5,1.6,4.9,4.3,7.6,2.2,0.5,3.2,0,0.5,1.6,15.7,13.5,137.7,303,109.7,5.9,7,19.4,22.7,7,7,14.1,23.9,100,100,22.2,17.9,76.4,1,9.3,97.5,23.6,17.9,2.4,2.4,8.8,14.5,3.8,2.4,12.6,3.3,9.2,5.5,11.2,9.1,74.7,76.5,76.7,2.5,23.9,51.1,37.3,0,44.8,12.8,47.7,18.7,1.3,28.6,28.4,16.3,16.8,38.5,46.2,13.1,23.9,32,14.7,36.1,31,11.8,12.1,23.2,81.6,42.4,64.3,43.7,65.5,65.8,47.4,47.9,0,48.7,49.7,47.3,9.3,20,32.5,22.9,28.6,17.1,23.2,22.4,28.1,40.2,18.8,35.7,1.2,32.5,13.8,55.5,51.2,30.3,37.9,36.8,61.8,34.3,0,0,3.4,0,0,7.5,0,22,23.6,10.4,7.8,12.4,48,13,11.8,8.1,12.5,14.9,24.5,0,3.8,16.6,77.6,39.2,67.2,42.4,66.9,67,46.7,47.1,0,45.8,45.5,45.8,6.1,14.8,22.7,15.4,0,1.4,19.2,17,24.7,35.5,0,30.7,0.2,22.7,12.9,46.4,50.7,11.9,34.8,35.1,66.7,32.3,,,100,,,92.8,,86.3,77.7,95.1,99.2,95.1,92,91,98.6,92.1,98.5,93.7,82.6,,100,88.2,94,80.4,77.5,77.2,78.7,79,81,81,,81.2,79.3,84.4,92.3,81.2,93.7,81.5,,50,82.8,71.5,88.6,91.4,,88.9,20,93.7,88.6,92.5,91.4,98.5,88.8,88.1,91.4,90.6,,,,,,,,,,,,,,,,,54,1.6,0,0,0,1.6,10.8
B00063,중진료권,2023,경상북도,상주권,162613,7504.9,34.5,3.2,13.7,483,2,123.1,155.9,12.2,50.8,45.5,,25.7,3.7,,2166.8,37.9,,,0,0,0.1,0.2,4.1,0.2,0,0,0.2,0.1,0,0.1,0,0.2,0.2,795.1,478.4,0,434.8,686.3,795.1,56,131.6,54.1,111.9,7.4,18.4,6.1,14.1,2.5,5.5,1.2,4.3,3.7,6.8,1.2,0,6.8,0,1.8,0,6.1,6.1,317.9,415.1,33.2,6.8,4.9,22.8,3.7,1.2,1.2,1.8,64,100,100,62.8,5.4,16.8,0.6,7.7,27.9,55.5,3.6,6.2,6.7,6.8,19.9,5,6.7,15.5,13.3,7.7,17.3,7,7.3,17.1,7.6,12.2,6.9,43.8,7.4,21.4,0,34.2,28.7,47.8,40.9,24.5,37.7,45.4,26.5,7.5,13.3,33.5,39,6.2,10.9,35.1,34.3,40.4,41.4,56,16.3,82.4,37.8,38.3,34.2,46.1,47,32.2,33.2,0.9,28.1,24.1,33,15.4,37.5,53.9,41.3,66.7,64.4,34.3,26.4,43,39.1,81.4,41.5,0.7,53.9,9.5,61.7,44.9,9.9,24,34.8,38.7,39.4,0,0,5.4,0,30.9,43.9,30.4,40.2,48.4,28.5,7.8,13,35.6,48.5,6.2,34.9,10.2,36.1,42.6,51.8,59.2,15.1,90.5,39.6,38.2,35.1,48.5,49.1,32.2,33.1,0.9,28.1,31.3,28.1,15.8,38.2,57.7,43,66.7,70.3,36.6,27.4,46.1,41.3,89.9,42.9,0.2,57.7,9.4,64.2,46.8,9.5,23.3,35.6,40.8,42.3,,,100,,64.6,74.3,64.6,75.6,77.9,71,84.1,92.5,76.6,80,85.7,78.4,90,74.4,80.6,45.9,54.4,72.2,89.1,77.8,84.5,78.9,84.5,85.6,80.6,80.6,100,78,71.6,85.6,84.1,88.9,76,80.5,66.7,88.3,76.5,75.3,82.8,76.9,90.6,76.3,100,76,80.4,84.2,73.6,89.7,73.5,80.1,76.3,63.3,,,,,,,,,,,,,,,,,52.2,2,2,0,0,0,13.6
B00064,중진료권,2023,경상남도,창원권,1151799,52800.4,19.9,2,19.4,4745,1.5,94.3,117,15.7,49.4,29.2,,20.2,2.8,,2181.4,18.8,,,0,0.2,0.5,2.8,30.1,2.1,0,0.2,0.5,0.5,0.2,0.6,0.3,2.8,2.1,860.3,919.2,65.1,226.9,368.7,860.3,99.9,193.1,87.8,170.2,18.5,34.2,5.6,12.9,4.1,10.2,6.3,10.2,7.9,12.2,3.1,1,4.6,0.1,2.7,1.9,15.5,13.6,456.7,607.6,99.8,4.4,4.9,46.5,26.3,13.8,13.8,0,1.2,45.5,35.9,0.8,0.8,6.2,0.3,3.5,10.4,0.8,0.7,0.1,0.3,1.1,3.2,0.3,0.1,1.5,1.5,5.4,3.2,0.5,5.2,7.1,0.6,0.6,0.4,78.8,80.7,92.5,85.5,77.9,68.3,80,71,61.2,75.7,72.3,63.7,71,92.5,77.1,68.6,87.7,89.3,64.4,82.2,74.4,39.4,72.2,73.6,92,77,79.6,74,79.6,79.5,80.6,80.9,50.8,80.4,79.6,81.6,49.2,67.9,89.6,73.6,92,75.5,67.9,61.5,70.6,84.6,77.8,79.1,46.6,89.6,74.9,89.4,84.4,89.9,79.8,77.4,83.3,77.8,56,75.2,84.3,74.8,73.6,75.7,74.7,78.1,76.1,66.4,72,89.1,78.1,82.2,86.1,72.1,86.3,82,77.7,42.5,77,77.7,94.9,79.4,82,76.8,81,80.8,83.7,84.1,51.9,83,84.3,83,52.6,72.9,88.3,78.7,98,85.2,70.7,65.3,72.9,82.5,93.4,82.3,50.3,88.3,76.6,88,85.8,87.4,80.9,79.9,83.5,78.6,77.3,77.3,79,71.8,74.2,76.7,74.2,79.6,77.2,72.8,74.7,88.3,82.6,77,79.7,68.9,80.1,81.6,75.5,70.5,80.2,72.3,90.1,79,78,77.7,78.5,78.6,75.8,75.8,77.4,75.5,75.8,75,71.7,75.6,87.1,76.5,72.5,81.9,78.1,74.9,76.4,84.9,79.2,79.1,77.3,87.1,80.8,88.6,85.9,80.7,83,79.6,84.4,78.8,,,,,,,,,,,,,,,,,41.4,2.5,1.9,0,0,3.4,10.9
B00065,중진료권,2023,경상남도,진주권,566242,19262.8,25,2.5,17.9,2180,1.5,114.1,128.4,14.9,50.4,34.2,,23.4,3.6,,2939.6,41,,,0,0,0.1,0.8,10.6,0.5,0,0.1,0.3,0.1,0,0.2,0.1,0.8,0.5,709.8,637.4,158.1,158.1,289.6,709.8,118.3,206.1,91.5,165.1,18.5,33.2,7.6,13.6,3.4,9.7,5.7,10.9,7.2,11.5,3.7,1.6,6.7,0.2,1.8,1.4,11.3,10.4,511.6,655.9,59.7,4.2,3.7,27.7,13.6,5.1,5.1,0,8.8,100,100,8.6,8.3,25,4.6,21,29.8,7.6,4.2,2.8,4.1,10.1,24.4,2.6,4.1,9.9,5.1,21,24.3,4.1,21.5,25.4,17.4,10.3,2.7,73,76,85.5,71.3,52.2,40.9,64.5,52.6,47.8,60.3,62.9,52.1,56.7,77.3,59.5,56.2,79.2,77.3,41.1,69.9,47.4,63.5,56.7,57.6,87,57.4,51.7,53.9,51.4,50.9,52.4,53,14.8,49.9,52.4,46.3,39.1,54.9,78.2,56.4,0,63.3,57.9,52.1,61.2,71.3,0,63.1,44.9,78.2,55.8,79.1,70.8,75.1,60.3,57.5,69.3,65.2,68.7,83,87.9,72.8,56.5,67.7,70,74,76.9,65.1,66.7,84.3,72.8,81.3,88.1,57.6,83.3,80.2,62.4,78.7,68.2,72.2,94.9,70.8,64.6,68,62.1,61.5,66.6,67.3,14.8,65.3,61.6,65.3,52.4,73.1,89.9,73.3,0,82.8,75.3,68.4,74.3,83.4,0,77.5,57.4,89.9,68.6,89.2,82.8,80.8,72,70.6,80.9,77.8,71.1,71.1,85.8,74.5,71.1,77.2,76.3,80.8,81.6,80.3,76.6,85.8,79.9,78.4,82,72.2,86.7,84.5,80.3,67.5,74.7,71.8,92.6,81.3,82.4,79.6,82.4,82.8,81.9,82,75,82.8,84.3,80.5,74.2,77.3,87.4,80,,76.9,75.8,78.5,80.6,85.5,,82.3,78.5,87.4,81.1,86.5,83.6,86.3,79.9,82.4,81.7,83,,,,,,,,,,,,,,,,,46.6,1.3,0.9,43.7,1,1.7,13.8
B00066,중진료권,2023,경상남도,통영권,404057,34778.1,19.8,2.2,18.8,1259,1.9,97.8,103.9,17.8,48.5,28.6,,22.6,3.2,,1161.8,45.5,,,0,0.1,0.3,1.5,16.7,0.6,0,0,0.4,0.2,0,0.3,0,1.5,0.6,579.6,352.9,0,95.3,260.4,579.6,45.3,112.6,44.3,100.5,8.7,16.8,2.5,6.9,1.5,5.7,4.5,7.9,5.4,9.2,1,0.2,3.5,0,0.2,0.2,5.9,5.4,232.6,318.5,37.6,2.7,1.7,25.2,6.2,2,2,0.7,79,100,100,75.8,1.9,22.2,0.6,3.5,99.6,68.3,1.8,1,1,1.5,21.9,0.4,1.5,3.6,1.3,19.2,98,1.5,37.5,98.3,3.4,1.6,1.8,64.5,15.8,76.1,11.4,32.9,26.2,51.8,45.8,0.4,54.2,57.7,28.5,5.2,87.4,58.5,38.3,57.4,0,24.9,77.5,31.4,0.4,52,34.6,86.4,52.4,47.2,45.9,53.5,53.4,33,29.1,54.2,37.9,44.7,23.3,12.8,35.6,83.8,39.8,0,22.3,48.2,38.8,55.1,78.8,12.5,50.3,3.7,83.8,53.6,86.1,73.8,0,62.5,58.4,72.2,57.6,0,0,67.5,0,26.4,46.4,0,54.6,57.9,28.1,5,87.5,58.9,40.8,57.7,24.7,0,77.4,39.4,0.4,52,33.4,86,53,48,46.4,54.2,54.2,37.1,30.5,73.1,45.3,31.2,45.3,12.5,35.2,83.3,41.3,6.7,13.7,48.8,39.6,55.5,79.3,12.5,51.2,2.5,83.3,53.9,85.7,74.2,0,62.8,59.3,71.7,58.2,,,94.8,,93.2,93.6,,93.6,93.8,92.2,91.5,96,92.8,92.3,92.8,93.6,,95.5,93.1,100,86.5,95.7,96.9,92.8,90.2,91.5,90.3,90.2,93,90.3,99.8,93.9,96.4,86,95.1,92.6,94.8,92.5,100,90.5,93.3,93.2,92.7,94.8,100,93,89.5,94.8,90.4,93.8,92.5,,94,91.3,91.8,93.9,,,,,,,,,,,,,,,,,49.5,3.2,1.6,0,0,4,10.3
B00067,중진료권,2023,경상남도,김해권,990865,56687.5,17,2,21,4301,1.9,93.8,97.3,17.7,49.8,25.3,,20.7,2.9,,1747.9,15,,,0.1,0.1,0.5,2.6,27.7,2.6,0.1,0.2,0.5,0.4,0.1,0.4,0.2,2.6,2.6,684.7,870.2,121.1,166.7,324,684.7,92.1,170,74.5,145,15.3,28.8,3.6,9.2,2.5,8.4,8.7,14.4,6.6,11,2.5,0.3,6,0,1.8,1.4,16.2,14.1,392,504.7,79.1,5.8,5.7,33.7,19.5,9.3,9.3,0,1.3,1.9,1.9,1.1,0.6,9,0.3,8.4,17.8,0.5,0.6,0.1,0.1,0.1,0.1,0,0.1,1.2,0.1,0.2,0.2,0.1,8.9,9.3,8.8,0.1,0,83.5,83.5,94.3,90.4,77.6,56.8,83,66.9,46,74.7,74.3,54.3,65,93.8,80.1,57.3,86.3,87.6,57.5,85,70,52,84.7,71.5,92.4,75.7,78,74.5,80.2,80.4,76.1,73.2,92.4,75.2,76.4,72.4,42.7,71.7,90.1,64.7,59.6,55.3,71.4,64.7,78.5,87.5,25.9,75.4,30.1,90.1,80.1,90.4,85.2,86.7,82.9,76.2,86,80.5,41.7,60.5,52.4,33.4,35.8,50.8,43.1,61.2,63.1,32.7,33.8,86.1,69,55.2,55.7,42.1,53,77.1,50.7,27.6,76.4,30.3,81.5,64.6,71.6,65.5,73.8,74.1,63,61.8,69.9,60.3,60.6,60.3,25.1,61.2,84.8,49.3,0,39.7,60.7,52.4,65.7,82.1,0,60.6,11.9,84.8,69.2,85.3,75.8,50.9,71.4,61.4,78.3,69,39.1,39.1,81.1,33.1,50.2,63.8,54.5,73.6,74.6,63.9,66.6,77.2,81,59.6,83.8,53.4,89.6,83.3,67.2,49,72.9,82.3,91.4,68.5,60.9,64.6,60.7,60.7,62.9,63,62.5,62.7,63.8,60.2,42.6,62.7,84.8,67.3,,69.6,71.6,65.3,74.7,82.1,,69.6,45.4,84.8,78.7,78.9,83.1,90.2,82.5,77.7,83.4,79.2,,,,,,,,,,,,,,,,,42.7,2.7,1.1,22.4,0.5,1.8,8.5
B00068,중진료권,2023,경상남도,거창권,138195,5501.8,36.5,3.3,12.6,318,1.9,132.4,174,11.6,51.1,47.7,,25.8,4.3,,2511.8,63.1,,,0,0,0,0.2,2.7,0.2,0,0,0.1,0,0,0,0,0.2,0.2,419,560.8,0,0,0,419,34.7,116.5,33.3,89.7,5.8,16.6,2.2,11.6,2.2,4.3,3.6,5.8,4.3,11.6,1.4,0,2.9,0,0,0,8,7.2,125.9,261.9,57.9,0,4.3,9.4,8,0,0,0,92.6,99.8,95.3,86.2,85.6,99.4,54.4,97.2,100,57.7,76.4,3.9,4.4,10.7,33,5.6,6.9,15.6,24,97.2,33,9.8,97.7,99.3,33.9,28.6,6.8,68.6,6.6,14.3,2,4.1,0.3,5.8,0.6,0,26.4,35.6,11.1,14.6,47.6,34.4,13.9,1.6,1.8,0.6,43.2,0.6,0,19.1,21.5,76.6,31.5,39.4,31,41.5,41.8,0.5,0.5,0,0.6,0.6,0.6,10,20.5,54.6,13.5,42.9,13.8,21.7,21.2,25.9,48.1,59,23.3,0.3,54.6,12.4,62.5,36.9,3.1,36.2,29.2,46.9,25.8,0,0,0,0,0,0,0,29,37.2,9.3,15.1,50,42.6,18.5,1.3,0,2.2,43.9,0,0,22.6,25.1,80.4,33.2,39.8,32.2,42.1,42.5,0,0,0,0,0,0,10.6,21.4,56.5,15.4,42.9,3.4,24.6,23.2,28.4,51,69.2,26.9,0,56.5,12.9,62.9,45,4,42.5,35.8,57.5,29.5,,,,,,,,90.4,90.3,82.9,90.5,94.3,89.7,89.4,80,,100,93.7,,,96.9,82.8,89.5,88.6,86.6,87.5,90.2,90.6,,,,,0,0,92.3,89.2,91,92,100,100,88.8,88.2,87.6,92,87.1,89.6,,91,87.3,92.4,89.1,90,88.2,87.7,89.5,90.3,,,,,,,,,,,,,,,,,49.6,2.9,2.9,0,0,2.9,5.7
B00069,중진료권,2023,제주특별자치도,제주시,491654,50232,16.5,2.1,22,2432,2.1,107.3,93,18.6,50.1,24,,24.7,3,,978.8,11.5,,,0,0.2,0.5,1,38.7,1.1,0.1,0.4,0.5,0.5,0.2,1,0.1,1,1.1,517.8,297.6,0,235.7,386.9,517.8,98.2,209.1,79.5,180.2,17.1,31.3,6.7,13.6,3.1,11,4.1,12.4,5.1,13.4,3.3,0.4,3.1,0,2.2,1.4,6.5,6.3,396.2,564.6,48.6,6.5,1.8,21.6,8.5,3.3,3.3,100,4.4,4.5,100,3.7,3.7,9.8,2.4,8.9,11.8,4.5,3.7,8.4,8.9,8.5,8.6,6.6,8.9,11.8,8.2,8.9,8.9,8.9,8.9,10.4,8.9,8.5,6.8,0,79.4,93.3,79.3,74.4,67.6,78.5,71.6,66.4,68.2,64.4,56.4,61.2,82.5,62.5,74.7,88.1,78.9,68.7,78.1,43.1,68,80.7,79,85.1,68,67.1,65.5,70.9,72.8,58.3,64.7,2.6,60.8,60.2,62.1,45.3,70.8,83.1,66.2,61.5,59.2,62.3,60.2,73,79.2,7.1,72.6,71.3,83.1,45.9,81.9,76.6,80.4,57.2,65,70.2,68.2,0,83.7,95.2,80.5,78.2,82.4,81.9,78.6,76.9,64.7,68.3,86.6,73.4,92,93.5,82.9,84.1,88.4,51.5,77.2,91,91.1,97.5,79.2,81.8,78.5,85.6,87.7,70.7,78.5,2.6,72.8,75.4,72.8,52.5,84.3,94.5,78.4,84.6,83.5,73.7,73,82.9,90.8,7.1,83.7,81.2,94.5,53.4,91.3,87.9,85.3,67.1,77.2,81.2,78.9,,68.9,78.9,78.4,70.2,73.3,72.1,73.2,73.6,73.4,75.5,85.5,73,72.4,81.1,70.8,81.8,74.4,72.8,70.5,75.7,67.5,84.3,72.5,69.5,70.8,72,72.3,74,74,88,73,72.9,73.3,69.6,71.9,79.2,70.6,78.6,58.9,72.1,70.9,72.7,76.3,100,72.3,72.9,79.2,70.9,74.7,73.7,81.5,72.8,70,71.6,72.9,,,,,,,,,,,,,,,,,47.1,1.2,1.2,39.7,0.9,1.6,7.9
B00070,중진료권,2023,제주특별자치도,서귀포시,183598,21066.7,21.8,2.3,18.9,735,2.3,113.2,120.9,16.6,49.7,30.6,,25,3.2,,871.5,5.9,,,0,0,0.1,0.5,13.5,0,0,0.1,0.1,0.1,0,0.1,0.1,0.5,0,283.8,0,0,0,151.4,283.8,31.6,109.5,31,97,6.5,14.7,2.7,6,1.1,5.4,1.1,6.5,4.4,9.8,0.5,0,0,0,2.7,0,0,0,163.9,251.6,0,2.2,0,27.8,0,0,0,100,74,66,100,52.7,52.7,99.5,7.8,32.3,38.4,66,9,20.5,31.8,27.2,32.2,31.8,31.8,38.4,31.8,32.3,32.4,32.3,31.9,100,31.8,27.6,30,0,35.2,61.7,43.8,33.4,0.8,52.1,26.6,24.3,30.7,24.2,19.3,22.8,26.1,30,32.1,35.6,69.4,25.5,26.3,69.7,0.9,22.4,23.6,60.4,26.1,2.2,9.5,3.8,4.1,53.6,23,90.5,59.6,62.5,51.2,5.7,22.2,26.9,27.3,0,12.1,17.3,12.9,16,14.4,0,41.1,3.3,26.9,8.5,40.9,46.6,66.9,38.2,18.1,32.8,23.3,0,0,33.6,0,0,28.3,30.1,32.9,25.9,20.6,24.4,27.4,31.6,40.3,37.3,28.1,73.5,27,77.6,0,25.3,22.5,64.7,27.7,0,9.3,2,2.1,59.6,27.6,98.4,66.7,55.7,66.7,5.8,24.2,28.6,30.7,0,24.2,18.1,13.9,16.3,14.6,0,44.6,1.8,28.6,9.6,43.2,49.3,71,40.6,19.8,34.9,25,,,95.6,,,83.4,83.4,82.1,93.4,88.3,90.9,91.6,89.4,79.7,91.6,88.8,95,79.4,75.2,,87.3,75.5,86.5,82.1,,78.5,92.2,92.1,75.2,69.8,77.2,76.2,76.3,75.8,95.9,85.7,93.1,66.1,,100,82.9,78.1,91.8,86,,78.4,90,93.1,91.1,81.5,81.6,95.3,87.2,84.6,77.6,86.8,,,,,,,,,,,,,,,,,42.8,2.8,2.8,0,0,2.8,20.8
C11110,시군구,2023,서울특별시,종로구,139417,583012.2,20.4,1.5,24.1,498,1.7,109.7,107.5,11.2,51.7,28.6,46.7,20.6,2.7,F,23.9,0,100,F,8.4,8.4,16.7,29.3,869.8,4.2,4.2,8.4,16.7,12.5,8.4,12.5,8.4,29.3,4.2,2362.7,68.9,1809.7,1809.7,2170.5,2362.7,1534.2,1810.4,868.6,1125.4,186.5,215.2,69.6,81.1,26.5,47.3,63.1,69.6,44.5,55.2,34.4,0,35.9,0,16.5,0,1.4,0.7,3374.1,3623.7,8.6,17.9,0.7,76,5,41.6,0,0,0,0,0,0,0,0,0,0,0,0,0,0,0,0,0,0,0,0,0,0,0,0,0,0,0,0,0,98.8,95.1,95.6,96.2,95.6,89.6,94.7,88.3,80.9,86.4,88.3,88.1,87.2,91.5,84.9,78.8,82.9,94.3,85,83.6,79.6,73.5,82.8,92.5,93.1,78.7,,73.6,54.4,54.3,69.2,66.8,99.5,74.4,74.2,74.7,90.2,88.3,83.9,83.3,100,70.2,85.9,85.8,87.9,84.4,66.7,86.1,91.8,83.9,81.5,78.1,86,94.3,76.2,83.8,76.5,86.2,47.4,44.3,31.9,52.8,34.4,35.5,34.3,30.4,35.1,32.1,33.9,41.2,21.5,27.3,22.9,30.1,38.2,28.4,27,34.1,9.5,18.9,41.1,22.5,1.6,15,6,5.4,15.3,16.6,0,13.8,17.7,7.7,43,40.9,25.4,33.9,13.3,6.4,31.4,23.2,34.9,24.3,0,32.8,36.7,25.4,14,21.3,25.6,39.5,11.4,30.2,11.8,32.7,3.3,2.2,5.3,3.4,3.3,3.7,3.3,3.8,3.5,3.3,3.4,2.4,5.3,6.1,5.6,4.3,4.7,3.4,8.6,3.4,4.2,14.5,21.3,3.8,4.4,4.7,7,7.5,8.6,8.8,0,8.6,11.2,4.6,2.3,5.9,6.7,6.6,20,2.4,4.2,5.2,5.1,8.3,0,5.8,5.2,6.7,6,6.5,10.3,4.7,4.9,7.6,6.9,6.7,261.7,79.8,33.5,15.7,12.8,20.3,4.6,9.8,7.5,3.8,11.3,2.5,2.3,2.8,1.2,2.4,,2.5,2.5,0,0,2.5,2.5
C11140,시군구,2023,서울특별시,중구,121312,1217998.4,21,1.6,24.6,590,2.1,104.3,112.4,9.7,51.6,29.1,55.8,21.1,3.3,F,10,0,100,F,0,10,10,40.2,2821.3,0,0,10,10,10,0,20.1,0,40.2,0,608.3,0,0,411.3,411.3,608.3,234.1,697.4,148.4,565.5,32.1,111.3,27.2,37.9,4.9,47.8,3.3,12.4,10.7,33.8,5.8,0,3.3,0,0.8,0,0,0,586.1,906.8,0,6.6,0,14.8,0,0.8,0,0,0,0,0,0,0,0,0,0,0,0,0,0,0,0,0,0,0,0,0,0,0,0,0,0,0,0,0,98.9,95.7,96.6,100,96.7,91.5,95.6,90.2,85.7,88,89.4,92.4,90.3,93.5,86.9,84.1,91.2,93.9,85.8,85.4,68.3,78.1,88,80.8,92.8,79.8,,71.8,53.2,54.2,68.3,66.9,100,63.1,57.5,72.5,93.5,90.1,87.1,76.3,88.9,74.6,88.3,83.8,89.5,81.8,95.5,86,90,87.1,86.6,78.3,88.9,94.4,85.3,82.6,83.3,87.1,0,0,5.7,0,16.8,17.7,16.6,20.5,24.2,35.2,6.9,0.5,32.2,23.8,10.2,20,0.9,16,0,11.5,38.3,21.2,48.6,14.9,0,7.6,1.2,1.3,0,0,0,0,0,0,17.5,16.4,22.4,11,55.6,26.8,14.9,12.4,29.7,12.1,54.5,21.7,12.7,22.4,27.2,23.8,33.1,0.8,33.6,19.3,27.3,33.3,,,23.8,,21.3,19,21.3,15.7,20.5,6.4,15.7,13,28.6,20.4,38.7,16.2,11.1,12.7,0,14.9,19.2,22,21.9,15.7,,17.9,27.7,28.7,0,0,0,0,0,0,12.1,23.7,20.4,25.4,14.3,30.2,19.1,21.3,26.2,18.7,19,16,26.6,20.4,32.7,18.3,25.1,12,19.8,27.4,24.7,8,264,65.3,28.7,20.6,13.3,18.2,3.5,12.8,14.7,3.9,10.4,3.5,3.6,3.8,2.8,3.9,,0,0,0,0,0,16.6
C11170,시군구,2023,서울특별시,용산구,213151,974735.3,18.4,1.2,25.5,1125,2.2,108.3,108.6,11.6,52,26,41.7,18.9,3,F,21.9,0,100,F,0,4.6,4.6,9.1,727.1,0,0,4.6,4.6,4.6,4.6,9.1,4.6,9.1,0,362.7,0,0,340.1,340.1,362.7,175.5,285.2,105.6,208.8,31,50.7,6.1,10.3,5.2,12.7,6.1,14.1,6.1,10.8,3.3,0,2.3,0,1.9,0,0,0,461.6,515.1,0,3.3,0,8,0,3.3,0,0,0,0,0,0,0,0,0,0,0,0,0,0,0,0,0,0,0,0,0,0,0,0,0,0,0,0,0,98.5,90.6,96.8,100,96.6,90.7,95.7,89.7,82.8,86.8,87.3,92.1,92.3,94.2,87,81.3,91.3,96.5,87.2,86.1,68.2,77.7,73,89.8,94.8,79.7,,74.4,50.4,51.3,67.6,65.7,97.7,61.5,55.5,73.7,90.2,89.1,82.4,72.5,100,68.8,84.8,86,86.9,83.5,94.7,82.3,93,82.4,86,82.4,89.4,96.6,79.3,80.4,80.8,85,0,0,9.1,19.8,28.2,26,27.9,22.6,22.6,16.7,15,20.4,22.4,32.6,9.6,17.6,11,24.9,12.7,15.7,11.8,13.6,38.3,17,0,6,0.8,0.8,6.7,7.1,0.5,4.3,2.5,7.9,15.6,15.5,27.3,11.9,52.6,15.6,14.4,9.8,10.1,7.5,73.7,15.1,22.4,27.3,8.6,29.9,25.1,10.1,13.6,8,14.1,12.3,,,26.6,22.4,18.5,18.5,18.5,19.1,19.8,6.9,16.8,25.6,26.4,24.2,30,19.2,29.9,27.5,21.4,22.7,14.8,14.5,42.3,19.1,,11.5,22.4,25.9,21.4,21.4,25,17.3,10.3,31.1,14.6,21.2,25,20.2,18.2,24,12.4,7.3,21.9,31.3,24.7,23.2,17.2,25,18.2,31.9,33,29.1,27.4,15.8,30,20.5,250.2,69.3,29.7,17.7,10,15.8,7.8,9.7,9.2,5,9.1,2.7,3.1,3.2,3.2,2.4,,4,3,0,0,4.9,10.8
C11200,시군구,2023,서울특별시,성동구,277361,1648980.6,17.8,1.3,25.1,1437,1.7,99.3,105.6,12.5,51.5,25.5,34.5,18.7,2.3,F,16.8,0,100,F,5.9,5.9,5.9,35.7,1456.6,17.8,5.9,5.9,5.9,11.9,5.9,5.9,5.9,35.7,17.8,438.1,181.7,310.8,310.8,310.8,438.1,156.5,287.4,93,217,21.6,41.1,5.4,10.5,2.5,9.4,5,13.7,7.6,14.8,4.7,0,1.4,0,1.8,0.4,4.7,4.3,495.7,566.4,29.2,0.7,1.4,16.2,6.1,3.6,1.8,0,0,0,0,0,0,0,0,0,0,0,0,0,0,0,0,0,0,0,0,0,0,0,0,0,0,0,0,99.1,97.6,96.7,97.1,96.9,93.2,96,91.9,89.9,90.7,90.4,92.8,92.8,91.8,89.1,89.4,94.1,96.6,88,92.3,82.2,72.5,93.2,86.5,95.4,85.3,,80.9,62.4,63.6,78.1,77.4,83.6,77,78.4,75.3,93.8,94,84.9,83.5,100,91.7,90.3,91.5,90.6,85.9,90,90.8,95.5,84.9,89,80.2,88.6,96.7,87,88.1,91.8,91.4,47.8,72.3,1.2,23.5,36.5,34.2,36.4,30.8,27.3,19.8,14.9,12.9,27.9,50,2.1,29,1.7,53.5,14.6,14.5,16.9,62.5,39.6,26.8,13.4,22.7,14.9,15.6,12.2,13.9,0.4,12.1,11.9,12.3,21.9,55.1,23.1,25.9,0,56.1,30,30.6,40.6,29.5,0,42.7,18.6,23.1,22.3,25.5,40,3.3,28.8,27.5,62.3,34.8,28.3,28.3,21.4,10.3,28.3,28.3,28.3,27.6,24.5,18.9,19.2,27.1,27.3,34.3,21.4,21.6,26.3,34.1,24.7,17.3,22.2,4.5,55.8,26.3,19.3,22,20.9,22.5,23.1,23,100,21.9,20.2,24.2,21.9,31,27.4,25.4,0,26.3,23.7,23,24.7,22.8,0,30.5,26,27.4,25.6,36.7,35,20.6,27.8,26.3,36.5,30.5,247.9,75.2,20,18.7,14.3,18.5,7.7,10,6.7,3.6,14.3,3.2,3.1,1.9,3,3.8,,0.7,0,0,0,0.7,13.3
C11215,시군구,2023,서울특별시,광진구,335554,1966580,16.8,1.3,26.8,1450,1.6,94.3,94,11.6,51.9,24.3,26.1,20.1,2.1,F,17.1,0,100,F,5.9,5.9,11.7,35.2,1723,11.7,0,5.9,11.7,11.7,5.9,11.7,5.9,35.2,11.7,387.1,145.7,254.5,254.5,319.5,387.1,150.5,278.6,93,213.7,23.5,46.2,5.4,13.4,4.5,14.6,2.7,9.5,7.7,17,2.7,0,6.3,0,2.4,0.3,2.7,2.7,409.2,496.8,15.8,5.1,3.6,22.6,5.1,7.7,2.1,0,0,0,0,0,0,0,0,0,0,0,0,0,0,0,0,0,0,0,0,0,0,0,0,0,0,0,0,99.1,90.1,95.3,98.2,95.5,90.8,94.6,89.5,86.3,88.6,88.9,92.6,89.5,92.2,89.6,86.3,89.8,94.3,89.6,86.3,73.6,79.4,82.8,90.7,95.6,84.3,,84.9,65.8,66.8,75.8,79.7,11.8,74.2,76.6,69.9,91.8,90.8,86.8,83.1,76.9,84.7,89.1,90.1,84.6,89.2,87.1,88.8,95.1,86.8,89,75.3,89.3,94.6,87.3,90.4,86,89.5,53,0,45.8,38.5,44.5,44.2,44.2,38.7,43.9,41.3,32.1,30,37.7,47.7,41.2,53.5,14.7,32,24.8,23.8,29.8,20.4,65.1,35.9,26.6,44.7,24.7,25.8,21.2,22.4,0.4,17.2,12.3,25.8,40.3,53.5,48.6,31,0,5.9,44.1,46.3,41.2,56.3,6.5,44.7,31.9,48.6,25.3,35,44.8,16.2,37.3,43.7,29.7,47.8,32.7,,56.1,23.8,32.7,32.4,32.7,32.7,30.7,25.8,30.8,36.1,34.5,41,50.9,32.9,33,33.3,21.3,30.1,41.1,56.4,70,34,42.7,36,43.3,43.2,28.9,28.9,100,27.5,25,30,23.4,37.6,30.4,29.7,0,17.9,34.2,31.1,36.3,30.5,100,35.2,34.4,30.4,45.5,43.2,37.9,29.5,38.8,43.3,35.5,37.8,247.2,73.8,23.9,23.4,10.1,14.7,7.5,7.5,6.5,6.7,8.7,4.1,2.7,2.4,0.8,1.8,,2.4,1.6,0,0,1.6,6.5
C11230,시군구,2023,서울특별시,동대문구,341149,2399768.6,19.6,1.5,24.4,1453,1.5,99.9,111.5,12,50.9,27.2,23.8,20.7,3.1,F,14.2,0,100,F,7,14.1,28.1,119.6,1885.2,49.2,0,14.1,28.1,28.1,14.1,56.3,21.1,119.6,49.2,855.1,387.8,256.2,378.7,509.7,855.1,226.3,348.8,144.2,256.8,32,58.9,7.3,12.6,10,18.5,6.2,13.2,13.5,23.7,6.4,1.2,8.2,0,4.7,1.8,9.4,8.5,633.7,772.1,58,8.5,2.9,54.5,14.1,14.7,7,0,0,0,0,0,0,0,0,0,0,0,0,0,0,0,0,0,0,0,0,0,0,0,0,0,0,0,0,99.1,96.3,95.7,98.9,96.7,93.4,96,92.3,87.7,90.8,91.6,92.7,91.6,94,89.6,88.5,90,95.7,89.6,92.4,75.8,78.5,83,93.4,97.2,85.8,,83.2,67.6,67.7,76.7,78.5,63.6,73.3,69.2,80.9,93.6,92.6,90.1,86.6,100,94.4,91.4,92.1,91.7,88.6,82.1,91.7,91.7,90.1,90.4,88.3,89,95.3,88,89.1,87.3,91,29.7,0,42.2,12,38.3,39.6,38.3,38.9,40.2,23.9,34.9,36.8,48.8,41.6,41.2,36.4,56.2,41.7,31.5,54.5,61.5,25.4,70.6,37.6,33.3,37.8,35.3,36,30.5,26.9,56.2,30.3,29.4,31.9,25.5,38.3,43.1,37.2,42.9,59.6,39.8,38.7,42.1,39.2,35.9,39.3,38.7,43.1,50,55.5,54.5,53.7,46.9,48.6,42.1,42.3,22.9,,49.5,11.8,27.2,27.9,27.2,27.4,25.3,28.4,28.3,38.2,30.4,33.9,41.1,25.9,43.2,33.4,18.4,12.4,18.3,36.5,47.4,27.6,28.7,25.8,30.8,30.8,19.4,19.8,18.1,18,16.1,22.7,21.4,27.8,31.3,19.1,16.7,26.8,24.4,23.9,25,29,25,28.1,27.9,31.3,30,37.4,39.7,41.5,28.3,29.6,34.5,28.4,298.7,81,30.6,20.8,15.1,17.4,7.9,11.3,9.2,6.5,9.5,4.2,4.8,2.2,3.9,1.4,,0.7,0.7,0,0,1.5,12.4
C11260,시군구,2023,서울특별시,중랑구,382155,2066022.7,20.6,1.9,22.5,1869,1.5,92.2,118.1,11.3,51,29.7,21.6,22.7,4.1,F,18.5,0,100,F,0,5.4,16.2,86.5,1411,10.8,5.4,5.4,16.2,16.2,5.4,21.6,10.8,86.5,10.8,545.1,82.2,0,171.4,279.2,545.1,97.9,193.6,75.9,167.7,15.7,36.4,5,8.4,4.7,10.5,2.9,10.2,8.4,17.8,3.7,0,3.4,0.3,2.6,0.5,1.8,1.6,388.8,446.4,9.7,8.6,0.8,38.5,8.6,11.8,3.9,0,0,0,0,0,0,0,0,0,0,0,0,0,0,0,0,0,0,0,0,0,0,0,0,0,0,0,0,98.9,96.4,97.2,98.4,96.7,92.3,96.2,91.9,83.8,90.7,90.6,91.1,90.4,91.7,92.3,88.3,91.7,96.6,88.9,91.1,82,78.7,91.3,89.1,96,86.6,,83.4,66.4,68,82.1,82.7,77.5,80.1,80.2,79.8,89.3,92,91.3,88.2,94.7,96.1,89.7,89.6,88.6,89.6,96.1,90.6,90.5,91.3,91.4,90.2,92.4,96.3,88.5,90.5,91,90.3,0,59.7,35.8,9.2,23.2,29.5,23.7,31.9,27.8,19.6,20.8,19.9,46.8,41,34.1,28.8,39.3,34.8,30.5,15.5,43.4,17.3,57.1,27,9.4,17.7,10,10.3,31,35.3,0,25.6,21.3,34,6.6,21.8,38.3,37.4,84,27.2,28.2,18.1,27,34.4,63.6,30.5,9.5,38.3,46.1,42.9,51.2,38.7,47.2,43.1,52.6,35.9,,41.3,53.2,46.9,41.3,41.4,41.3,39,40.2,45.6,52,49.6,41.3,42.7,60,33.1,60.6,35,27.6,21.6,39.6,19.1,79,39.3,42.4,36.1,44.3,46.6,32.2,32.3,0,26.3,24.2,29.5,30,37.9,37.7,34.6,26.1,40,34.6,34.9,42.2,38.1,47.1,39.3,44.4,37.7,38.3,50.7,56.3,60.3,31.1,39.2,43.6,39.7,293.6,86.1,20.4,24,15.7,20.1,9.3,13.4,9.8,6.8,12.3,3.5,3.2,3.3,1.8,1.6,,0,0,0,0,1.7,13.4
C11290,시군구,2023,서울특별시,성북구,425602,1731643.9,18.9,1.4,24.4,1746,1.3,102.3,108.5,13.9,52,26.2,20.7,19.7,2.6,F,24.6,0,100,F,4.1,4.1,4.1,28.5,1041.6,32.5,4.1,4.1,4.1,4.1,4.1,12.2,4.1,28.5,32.5,351.7,381.8,248.1,248.1,248.1,351.7,142.9,234,97,180.7,23,39.5,7.5,11.5,3.3,10.1,7.3,13.9,6.1,12.5,3.8,1.2,2.3,0,1.9,1.2,8.5,8,412.8,504.9,51.2,1.4,2.8,15.7,11.3,0.5,5.4,0,0,0,0,0,0,0,0,0,0,0,0,0,0,0,0,0,0,0,0,0,0,0,0,0,0,0,0,99.2,97.5,96.5,99.5,96.5,92.4,95.6,91.1,83.8,90,90.6,90.7,90.5,94.6,86.6,85.2,91.1,96,88.5,90,80.8,83.6,73.8,85.8,95.1,85.8,,84.1,67,66.8,78.3,77.5,90.3,75.6,75.6,75.6,93.5,89.8,90,84.9,84,79.7,91.7,90.4,89.3,90,72.2,90.4,88.1,90,87.3,88.4,87.8,96.4,82.4,82.9,83.3,89.2,56.2,69,27.4,33,44.5,42.2,44.6,39.2,38.1,31.5,23.2,54.9,27.2,48.7,32.6,36.7,3.4,44.4,5.4,28.7,21.7,13.2,47.3,39.2,38.9,41,34.5,34.4,20.3,21.6,0.5,13.6,11.2,18.4,34.6,33.4,50,18.6,0,47.5,35.7,45,33.6,50.7,0,49.3,21.4,50,33,48.7,34.1,4.8,23.5,24.1,32.2,34,28.8,28.8,52.5,22.2,28.8,28.8,28.8,30,25.8,22.9,23.5,34.2,30.6,37.2,47.1,27.4,23.9,33.6,25.9,23.9,30,36.1,52.5,30,30.1,28.5,35.2,35.4,29,29,20,26.3,28.3,24.2,20.7,24.7,35,31.1,0,26.5,26.9,25.3,34.3,34,0,32.7,25.9,35,24,39.9,42.5,23.9,30.6,29.4,37.8,34.2,262.1,81.3,23.8,19.5,10.3,15.3,5.7,12.1,7.6,5.1,10.4,3.2,3.9,2.5,3.2,2.1,,0.6,0,0,0,0,14
C11305,시군구,2023,서울특별시,강북구,288113,1220796.7,23.8,2.2,21.1,911,1.6,101.3,126.2,10.7,51.6,32.7,17.2,25.3,5.2,F,23.6,0,100,F,0,0,4.2,42.4,978.8,16.9,0,0,0,8.5,0,4.2,4.2,42.4,16.9,378.7,254.8,0,0,69.8,378.7,38.9,157.2,34,146.5,6.9,29.5,4.5,12.5,4.9,9.7,0.7,6.6,3.8,12.8,1.4,0.3,0.3,0,3.8,0.3,5.9,5.2,118.7,205.1,31.9,4.5,2.4,38.2,5.6,20.1,2.8,0,0,0,0,0,0,0,0,0,0,0,0,0,0,0,0,0,0,0,0,0,0,0,0,0,0,0,0,99.1,97.1,94.5,99,96.7,89.3,95.8,88.1,79.4,87.3,87,85.7,87.9,91.4,87.6,81.5,88.6,97.6,85.6,87.8,77.9,79.1,81.3,91.8,95.4,83.5,,82.2,71.3,71.6,70.5,70.1,90.6,70.7,69.4,72.6,85.1,86.8,88.9,84.8,92.2,90.7,88.1,86.3,85.5,83.7,88.9,89.5,80.2,88.9,84.8,92,90.6,97,79.6,80,83.2,89.6,0,0,60.7,0,0,2.7,0,13.3,7.4,19.2,30.7,17.1,35.2,0.1,56.2,4.1,73.8,5.8,24.2,0.3,4.2,2.7,58.6,16.5,26.8,21.6,31.3,31.8,17.2,17.3,13.2,16.4,14.7,19,3,4.5,6.2,20,0,17.9,16.8,15.6,17.7,12,0,11.7,0.4,6.2,32.4,11.6,49.2,71,23.7,33.5,42.9,19.4,,,26.4,,,62.7,,32.1,43.8,36.9,30.1,26.7,39,21.3,27.2,57.8,26.7,40.7,15.1,14.3,54.5,30.8,60,33.8,37,35.3,39.6,39.8,15.5,15.7,8,12.3,10.1,16.3,28.9,23.8,49.2,23,0,75.8,35.1,32.1,40.7,43.9,0,32.2,33.3,49.2,32.5,56.9,37.4,26.7,35.5,33.7,45.3,29.6,301.9,83.9,24,21,12.9,17.9,11.5,12.2,13.5,5.7,10.9,3.3,4.4,4,2.7,2.4,,3.6,0,0,0,0,14.3
C11320,시군구,2023,서울특별시,도봉구,306948,1486358.3,22.9,1.8,20.8,996,1.3,98.3,115.8,11.9,51.5,32.1,20,21.3,3.2,F,20.7,0,100,F,0,4.8,4.8,24.2,852.3,29.1,0,4.8,4.8,4.8,4.8,9.7,4.8,24.2,29.1,310.5,283.8,0,119.9,119.9,310.5,59.9,141.1,48.9,125.4,10.4,27.4,2,8.8,2.9,6.5,2.3,9.1,7.2,12.4,2.6,1,2.9,0,1.6,0.7,5.5,5.2,211.4,287.7,41.7,2.9,2.6,29,5.5,16.9,3.3,0,0,0,0,0,0,0,0,0,0,0,0,0,0,0,0,0,0,0,0,0,0,0,0,0,0,0,0,98.8,94.3,96,99.2,96.5,83.4,95.4,82,65.3,82,79.3,76.3,79.9,88.7,85.6,76.7,86.6,93.2,78.3,82.6,71.1,78.6,82,89.7,94.6,79.4,,77.1,68.4,69.3,69.9,76.4,5.3,64.1,52.1,81.5,73.6,76.5,86.3,83.6,93.8,86.6,82.1,76.8,76.8,77.7,92.5,85.3,70.2,86.3,80.9,91.7,88.5,92.9,79,77.5,81.4,86.7,0,0,41.5,0,29.7,28.5,30.1,30.7,19.1,11,16.4,36.1,48.2,40.3,42.1,17.1,50.6,32,29,0,17.7,74.3,36,32.5,38.6,32.1,39.9,40.5,31.2,34.3,0,27.6,26.6,29,4,22.5,41.4,30.5,58.3,2.4,28.8,21.2,31,27.5,60,41.3,5.2,41.4,33.5,60.9,43.6,48.4,36.9,31.1,33.2,52.2,,,39.9,,41.8,41.8,41.8,40.5,39.9,42,37.1,42.1,43.8,41.7,36,36.8,37,40.4,28.9,,44.5,27.5,64.3,40.6,40.8,38.9,43.1,43.4,35,35.1,0,29.9,27.7,33.3,39.2,36.6,39.4,33.2,21.9,25,40.2,32.6,37.6,43.1,42.1,40.6,44.8,39.4,46.1,44.7,56.7,37,40.2,42.6,51.1,42,270,81.4,17.5,24,13.8,18.7,8.1,12.3,8.2,5.4,11.6,3.1,3.8,2.9,2.7,2.3,,1,1,0,0,2.1,13.2
C11350,시군구,2023,서울특별시,노원구,498213,1405827.7,19.3,2.3,23.1,2073,1,99.4,110.9,14.8,52,27.2,16.5,18,4.2,F,35.4,0,100,F,0,8.5,8.5,22.6,1080.7,16.9,0,5.6,8.5,8.5,5.6,14.1,8.5,22.6,16.9,359.1,203.5,0,301.7,301.7,359.1,140.9,254.9,88.3,192.9,19.5,38.3,6.4,12.4,5.8,12,4.2,12.4,7.6,15.5,3.2,0,2.2,0,1.4,0.4,5,4.4,382.8,479.7,29.9,1.4,1.6,10.8,4,1.6,1.4,0,0,0,0,0,0,0,0,0,0,0,0,0,0,0,0,0,0,0,0,0,0,0,0,0,0,0,0,98,92.9,95.4,97.8,96,84.5,95,83.1,69.3,82.6,80.4,80.7,81.9,82.8,84,80.1,85.4,91.2,80.8,84.6,80.1,85.4,86.6,86.5,94.8,79.4,,77.5,67,67.8,75.4,75.2,79.7,75.7,73,80.5,75.7,82.5,84.9,83.7,98.6,80.6,84.7,77.8,79,78.2,87,83.3,77.2,84.9,80.6,90.1,85.7,90.5,79.9,79.4,85.2,80.8,0,0,54.8,50.5,47.5,45.5,44,42.3,39,42.5,46.1,31,49.3,53.7,51.7,41.3,54.1,38.2,13.1,37.7,44.1,30.9,69.4,39.9,33,35.3,33.2,34.2,14.5,15,2.4,10.9,8.9,14.4,37,37.5,31.7,36.4,24.7,10.8,50.6,18.9,37.1,18,62.3,38.7,45.1,31.7,36.7,60.5,55.7,51.7,42.7,35.8,56.6,32.5,,,65,32.3,42.1,42.1,47.5,42.3,38.9,36,41.1,53.4,35.5,51.5,56.7,42.2,62.3,47.8,43.8,36.5,49,54.2,62.8,43.2,46.7,49.5,50.5,50.8,40.8,40.8,40,40.8,38.6,43.6,28.4,49,45.8,48.2,51.4,28.8,50.3,45,44.6,47.5,46.2,47.1,42.4,45.8,41.4,57.6,47.1,58.6,44.3,41.1,48.8,43.5,270.6,77.4,19.6,18.7,21.2,15.6,14,8,5,5.8,1.7,10.2,4,3.2,2.8,4.7,,3.3,2.4,47.8,0.9,3.3,9.9
C11380,시군구,2023,서울특별시,은평구,466770,1571079,20,1.7,23.9,1808,1.5,99.4,107.2,12.8,52.5,28,18.1,20.7,3.4,F,29.7,0,100,F,0,3.4,6.7,40.4,1124.2,16.8,0,3.4,6.7,10.1,3.4,13.5,6.7,40.4,16.8,415,193.9,0,166.5,209.3,415,87.8,190,72.2,167.7,15.2,34.9,6,10.7,3,8.6,2.6,10.9,5.8,13.1,2.6,0.6,2.6,0.2,2.1,0.4,4.5,3.4,373.8,450.1,27.9,4.7,2.6,29.4,4.3,11.6,1.7,0,0,0,0,0,0,0,0,0,0,0,0,0,0,0,0,0,0,0,0,0,0,0,0,0,0,0,0,98.4,87.6,95.1,99.3,96.5,89.9,96,89,80.1,87.5,89.6,86.6,88.7,92.8,85.2,81.7,88.3,94.3,87,88.4,88.7,63,68,89.9,95.8,83.8,,81.8,67.9,69.1,86.3,79.4,98,86.9,87.9,84.4,90.5,90.2,86.2,83.2,69.2,76.8,89.1,85.7,90.7,91,85.7,88.2,91.4,86.2,81.3,90.8,86.9,94,85.3,84.4,79.6,88.1,0,0,60.1,53.6,48.4,47.4,48.6,50.7,46.5,42.1,43.9,59,53.7,60.9,63.4,48.1,60.5,51.2,70,2.4,23,40.3,74.2,48.3,39.6,45.4,39.8,41,60.2,40.7,92.7,65.7,69.3,57.2,33.9,49.1,45.7,46.9,0,21,48.9,48.1,49.8,55.4,0,53.9,49,45.7,53.7,76.5,53.1,57.6,61,54.8,47.8,54.3,,,41,41.2,46.1,47.3,46.1,45.1,48.3,52.5,40.5,42.5,54,49.8,47,46.9,41.2,38.2,33,44.4,46.3,50.8,74.8,45.6,48.3,50.2,49.7,49.9,34.1,47.6,28.3,31.3,28.2,46.3,41.1,50.8,47.4,47.8,0,59.8,50,47.3,51,45.8,0,48.9,49.2,47.4,52.2,49,62.5,41.3,49.8,51.5,52.7,47.7,261.1,71.3,27.4,18.3,19.7,16.1,18.4,5.9,7.3,7.5,2.6,6.2,3.5,3.1,2,1.7,,2.3,2.3,0,0,5.7,10.8
C11410,시군구,2023,서울특별시,서대문구,306231,1737350.7,18.8,1.4,25.1,1307,1.5,107.4,103.4,12.9,52.5,26.2,25.2,19.2,2.2,F,17.6,0,100,F,5.7,5.7,11.3,39.7,1174.4,28.4,0,5.7,11.3,11.3,5.7,17,11.3,39.7,28.4,958.1,232.8,803.3,803.3,870.3,958.1,511.1,604.1,309.2,397.7,78.4,91.1,26.1,31.3,11.4,16,24.5,30.4,13.1,18.6,9.5,0,7.5,0,4.2,0.7,4.9,4.2,1214.8,1306.5,30,4.2,1.6,18.9,4.2,7.5,1.3,0,0,0,0,0,0,0,0,0,0,0,0,0,0,0,0,0,0,0,0,0,0,0,0,0,0,0,0,98.7,84.3,95,98.2,95.5,88.8,95.2,89.1,81,87.5,90,90.1,90.3,90.5,87.8,78.2,91,96.5,87.9,85.1,88.1,81.6,83.2,74.4,97.4,83,,80.2,69.3,69.9,84.1,77.4,100,85.9,89.2,72.7,89.8,90.8,87.7,83.5,80,68.6,89.4,86.2,91.4,90.2,91.7,86.3,92.4,87.7,83.4,80.3,87.8,96.9,83.4,86.6,81,89,49.6,0,29.1,32.7,35.9,36.2,35.9,30.5,41.1,30,38.4,35.3,28.6,30.6,35.7,37.8,42.9,35.2,4.7,19.3,16.1,5.6,38.4,30.7,31.3,34,31.7,32.4,11.1,15.7,0.3,5.6,4,11.9,43.9,34.3,33.2,26.3,0,21,38,39.4,45.7,52.7,0,23.5,39.7,33.2,19.5,25.1,28.6,44.5,25.5,22.6,27.4,25.1,6.5,,16.2,6.5,6.5,7.9,6.5,8.5,7.6,7.5,9.9,8.1,18.3,14.9,18.6,9.3,20.7,7.8,6.1,6.7,18,13.9,42,10.7,36,12.7,36.4,37.2,14.2,16.5,0.7,9.6,7.9,13.5,4.4,9.1,11.3,9.2,0,28.6,8.7,8.5,7.1,9.7,0,11.4,10.3,11.3,14.5,15.1,28.1,18.4,16.9,17.9,32.7,10.3,257.1,72.8,22.6,16.2,17.8,17.5,18.3,5.3,9.5,6.7,2.4,6.4,3.2,2.6,1.7,1.8,,3.1,1.5,76.9,1.3,4.6,11.4
C11440,시군구,2023,서울특별시,마포구,363697,1524681.5,15.8,1.3,28.3,1664,1.4,106.3,91.2,13,53.3,22.2,33,17.9,2,F,23.9,0,100,F,0,0,0,21,1697.8,12.6,0,0,0,0,0,12.6,0,21,12.6,77.5,88.5,0,0,0,77.5,9.3,182.6,9.1,157.5,1.1,26.4,0.8,8,0,12.9,0,8.8,2.2,11.5,0.5,0,0,0.3,0,1.1,3.3,3,30.2,129.2,15.9,0,1.6,6.9,13.7,0,11.3,0,0,0,0,0,0,0,0,0,0,0,0,0,0,0,0,0,0,0,0,0,0,0,0,0,0,0,0,98.5,89.5,97.4,97.9,95.9,89.9,95.1,89.2,80.9,87.9,90,90,91.2,91.1,87.2,77.2,91,96,89,85.7,83.8,69.4,83.3,87.7,96.1,83.1,,80.9,65.6,65.8,82.1,78.6,98.2,85.1,86.1,83.1,92.7,90.8,87.6,88.1,86.7,65.6,89.3,87.8,91.4,90,81,87.1,96.1,87.6,85.9,78.9,89.1,96.1,81.2,83.8,83.3,87.3,0,0,17,0,0,0,0,4.7,0.9,5.2,0,0,16.6,0,13.3,0,0,0.5,0,0,1.4,4.9,66.5,7.6,16.4,12.2,11.2,11.8,12.5,11.9,15.5,9.8,9.3,10.8,0.5,1.2,0.7,0.6,0,3.5,5.1,5.5,4.7,0.8,0,5.8,0,0.7,22.4,3.5,34.1,0,13.6,10.8,29.9,6.7,,,62.4,,,,,35.3,61.4,17.5,,,40.3,,57.7,,,35.3,,,75,66.7,46,38,40.7,44.7,51.6,51.3,25.4,48.8,9.5,18.3,14.7,33.2,7.1,44.7,55.9,59.2,0,70,32.3,44.3,22.3,22.8,0,36.9,0,55.9,45.6,54.4,38.6,0,36.4,40.6,29.5,37.3,236.9,68.7,19.1,18.4,15.6,14.7,16.9,6.6,5.6,6,1.6,5.5,2.1,3,3,3.6,,1.3,0.6,63.7,1,1.9,14.4
C11470,시군구,2023,서울특별시,양천구,436028,2505038.5,17.5,1.4,23.4,1471,1.6,87.8,97.2,16.8,51.2,25.2,25.3,17.7,2.4,F,17.4,0,100,F,5.7,5.7,17.2,46,1821.2,17.2,5.7,5.7,17.2,17.2,5.7,28.7,17.2,46,17.2,381.6,165.1,161.2,161.2,278.2,381.6,117,219.7,78.2,171.3,17,33,6.9,11,5,11.2,3.9,11.5,6.4,14.2,3.4,0.2,0.7,0,1.6,0.5,3.2,2.5,367.4,428.4,18.6,2.5,0.9,17,6.7,3.9,4.1,0,0,0,0,0,0,0,0,0,0,0,0,0,0,0,0,0,0,0,0,0,0,0,0,0,0,0,0,98.9,96.9,98.2,97.9,96.4,86,96.2,87,79.4,86.3,86.1,87.1,86.8,89.2,87.1,84.3,90,94.8,88,85.7,83.5,67.3,83.9,82.3,97.2,83.9,,83.1,70.4,69.8,82.3,81.3,99.7,82,83.3,80.2,84.9,86.7,87,86.1,83.3,87.4,87.1,85.1,87.7,88.9,98.4,86.3,93.5,87,85.5,90.3,87.8,94.2,84.9,82.6,82.6,88,41.5,59.7,38.7,15.7,28.3,34.5,28.5,31.8,29.4,33.7,29.1,17.2,34.8,46,37.9,37.2,35.1,29.9,31.6,10.8,51.8,6.3,48.3,30,23.5,28.8,18.9,19.2,27.8,29.4,0,30.9,25.8,38.1,24.3,34.5,31.7,31.3,50,41.2,32.3,25.6,26.2,30.4,72.6,35.7,8.9,31.7,21.8,42,39.1,33.4,27.9,26.7,31,29.7,27.6,27.6,40.7,19.9,27.6,31.7,27.6,31.5,33.6,24.3,29,40,31.3,35.2,41.7,31.7,43,33.5,29.4,31.2,30,31.3,64.8,31.7,32.8,30,34.3,34.5,30.6,30.7,0,31.2,26.4,37.7,20.3,32,37.8,30.3,50,35.3,29.9,29.1,30.1,29.4,51.1,31.9,35.3,37.8,33,42.8,47.2,42.1,36.3,32.6,44.9,26.2,245.9,68.6,23.3,19.9,19.9,16.6,14.6,4.4,4.8,5.6,3.9,6.7,4.8,2.1,0.9,4.2,,2.8,1.4,0,0,2.8,8.9
C11500,시군구,2023,서울특별시,강서구,563058,1358338.9,18.1,2.1,25.8,2833,1.5,90.2,99.3,13,52.1,25.7,21.1,19.3,3.7,F,41.5,0,100,F,0,4.8,9.6,53.1,1109.7,12.1,0,2.4,4.8,4.8,2.4,12.1,7.2,53.1,12.1,477,181.9,0,197.5,246,477,85.8,217.4,84,203.2,15.1,38,4.8,11.2,6,15.8,4.6,12.3,11.2,19,2.7,0.4,1.2,0,2.7,0.5,3.9,3.7,441.2,539,20.1,1.6,1.2,35,6.7,9.8,3,0,0,0,0,0,0,0,0,0,0,0,0,0,0,0,0,0,0,0,0,0,0,0,0,0,0,0,0,98.1,92.6,96.4,97.4,95.9,87.1,95.4,87,75.6,86.3,85.4,85.3,86.1,87.5,89.1,82.2,89.7,95.2,88.5,86.4,86.7,60.9,82.4,83.3,96.3,83.7,,83.3,71.5,71.3,83.6,83.5,84.3,84.1,84.9,81.6,84.5,89,86.9,90.6,69.6,92.1,88.3,87,88,87.9,94.7,87.3,93.2,86.9,86.9,88.7,89.5,94.3,86.3,84.7,84.3,87.8,0,0,69.6,37.9,44.5,42.9,39.5,45.2,34.3,45.1,48.6,53,63.6,49.7,67.2,44.7,74,51.3,37.6,9.6,14.8,10.5,73.9,41.3,28.4,40.5,32.8,33.7,29.3,33.4,1.5,23.1,19,34.5,26.7,44.5,41.1,47.5,4.3,47.2,49.2,47.4,44.5,45.4,0,49,50.9,41.1,64.9,56.4,65.3,70.6,57.7,57.9,60.9,56.4,,,45.4,32.8,50.1,47.6,50,44,49.6,47.7,41.1,47.3,36.7,57.7,46.8,46.7,43.6,50,41,57,62.7,50,76.7,44.9,50.5,43.9,53.3,54,41.2,41.8,12.9,46.7,49.1,43.4,42.6,51.2,55.3,49,100,40.3,45.4,41.8,39.6,51.3,0,49.9,42.2,55.3,31.7,56.8,49.8,43.4,34.5,30.3,38.7,43.2,260.5,69.6,24.7,16.5,17,17,15.6,6.5,7.4,6.8,4.7,7.3,6.3,3.1,2,3.9,,2.3,1.1,0,0,1.5,10.5
C11530,시군구,2023,서울특별시,구로구,392405,1950041.2,20,1.7,23.4,2080,4.2,91.1,114.8,12.9,51,27.9,22.1,19.3,2.4,F,20.1,0,100,F,5,5,9.9,49.7,1441.1,39.8,5,5,9.9,9.9,5,29.8,19.9,49.7,39.8,477.8,585.6,275.5,275.5,327,477.8,164.1,286.2,114.2,230.4,24.5,49.7,9.2,14.3,8.4,17.8,8.9,15.8,7.1,15.8,4.1,0.8,3.3,0,2.3,2.8,12.5,11.7,508.4,628.7,73.4,2.8,4.3,19.1,20.9,6.6,11.2,0,0,0,0,0,0,0,0,0,0,0,0,0,0,0,0,0,0,0,0,0,0,0,0,0,0,0,0,99.3,98.1,97.6,99,96.8,86,96.5,87,78.4,86.3,87.8,82.3,86.6,92.8,85.4,82.9,90.9,94.9,86.8,85.1,76.9,60.3,85.7,73.4,96.5,85.2,,85.9,74.9,75.2,84.6,85.3,74.3,84.5,81,91.7,84.9,86.1,90.4,88.4,83.3,91.3,87.5,88.1,82.3,90.7,96.7,87,91.2,90.4,85.3,91.5,86,94.9,83.9,82.3,82,85,65.6,79.6,50.2,38.5,47.4,44.5,44.8,42.5,50.8,35.7,52.9,57.4,24.9,44.8,56.3,38.9,72.1,49.1,20.2,19.7,41.1,20.3,53.3,42.8,43.8,47.1,32,32.9,38,40.5,0,33.3,28.4,43.7,53,43.8,49.1,26.2,10,30.8,46.6,54.3,33.1,54,0,48.7,22.5,49.1,27.3,59.7,32.9,70.3,26.5,29,29.4,34.3,32.5,32.5,41.9,31.6,32.5,35.2,32.5,35.3,33.3,37.1,33.3,37.1,35.5,41,42.8,34,43.7,36.2,23.7,20,34.9,43.3,59.4,32.6,25.9,30.2,24.9,25.4,27.7,27.7,0,27.3,26.2,29.1,30.1,34.5,38.2,31.2,37.5,35.2,33.8,31.6,43,39.2,0,35.7,35.6,38.2,33.4,42.5,42.2,43,35.7,36.2,42.1,33.9,258,71.1,26.4,17.3,21,14.9,10,6.1,7.3,5.5,4.7,8,6.2,2.8,2.6,4.5,,1,0,51.6,1.1,0.5,14.2
C11545,시군구,2023,서울특별시,금천구,227481,1747095.1,19.6,1.8,23,1079,3.9,90.9,112.4,10,49.7,28.4,23.6,21.9,4.1,F,13,0,100,F,0,0,7.7,38.4,1321,30.7,0,0,7.7,7.7,0,15.4,0,38.4,30.7,247.9,291.5,0,0,98.9,247.9,29.5,151.7,27.7,145.9,3.5,25.1,0.9,6.2,0.4,11.9,0,7.9,7,14.9,0,0,2.2,0,0.9,1.8,5.3,5.3,127,245.7,42.6,1.3,4,25.5,13.6,7,5.7,0,0,0,0,0,0,0,0,0,0,0,0,0,0,0,0,0,0,0,0,0,0,0,0,0,0,0,0,98.5,95.5,98.8,99.2,96.7,86.9,96.5,88,75.2,86.5,88.3,87.9,83.6,90,89.3,82.5,90.1,92,88.2,85.3,68.1,69.5,80.8,88.5,96.6,84.9,,84.1,72.2,74.2,76.1,77.6,17.2,73.3,70.7,78.4,85.6,85.3,89.8,81.4,88.2,89.1,84.9,86,87.5,89.9,90.4,86.9,89.3,89.8,90.6,89.9,89,93.5,86.1,84.5,87.5,83.6,0,0,39.4,0,0,10.9,0,15.6,11.3,20.9,0.3,0,40.6,15.1,38.2,24.3,0,4.4,22,0,8,17.9,57.9,20.1,34.3,27,32.9,33.5,35.6,36.6,0,31.7,29.6,35.7,1.3,15.3,11.1,24.1,5.9,0,18.3,19.2,31,17.3,0,18.2,0,11.1,53.6,18,44.3,0,39.5,33.6,47.5,20.8,,,80.2,,,59.5,,47.3,55.4,66.1,70,,44.4,61.2,70.9,51.4,,49.2,31,,48.6,60.9,78.3,46.6,45.7,46.5,49.6,48,37.4,37.4,0,37,35.8,39.2,35.2,53.1,51.7,38.1,100,0,42.6,41.7,51.6,49.5,0,50.7,0,51.7,40,66,58.4,0,40.6,46.9,46.4,50.1,296.5,81.4,42.6,19.2,20,19,11,6.2,11.9,6.5,3.3,7,4.5,2.3,3.4,3.9,,9.3,6.2,0,0,3.1,9.3
C11560,시군구,2023,서울특별시,영등포구,374794,1526581.6,17.6,1.3,26.1,2353,3.4,99.5,112.3,12,51,24.7,37.4,17.1,2.3,F,24.6,0,100,F,0,8.1,28.5,65.2,1564.1,36.7,0,12.2,20.4,20.4,12.2,20.4,12.2,65.2,36.7,749.5,521.4,0,295.9,537.1,749.5,226.8,390.9,163.8,315.6,34.7,64.8,10.9,17.3,4.8,15.2,6.7,14.4,13.1,21.6,5.1,1.1,3.5,0,4.8,1.6,12,10.9,663.8,825.5,75.5,6.7,3.5,52,20.3,18.4,9.3,0,0,0,0,0,0,0,0,0,0,0,0,0,0,0,0,0,0,0,0,0,0,0,0,0,0,0,0,98.4,95.2,96,99.4,96.8,89.8,96.5,90.3,82.4,89,89.7,89.8,90.5,94.4,89.6,83.3,91,95.9,88.2,87.8,77.3,69,91.3,85.2,96.7,86.1,,83.2,73.3,74.4,79.4,79,86.9,78.6,73.5,86.9,89.5,87.9,89.3,87.1,93.5,82.9,88.1,86.8,91.5,89.9,88.8,87.2,96.4,89.3,89.2,89.6,88.6,95.7,85.3,87.4,85.5,89,0,0,26,25.4,34.6,42.5,40.6,40.4,42.2,34,19.8,29.9,53.2,43.2,21.7,42.9,8.6,33.5,38.2,0.3,24.6,72.7,67.4,40.7,41.7,40.2,41.2,40.9,36.3,34.7,67.5,36,31.8,42.8,22.6,32.6,46.5,44.8,16.1,35.4,36.7,32.2,46.4,34.8,71.9,40.3,70.2,46.5,43.2,38.4,56.5,8.6,50.5,48.2,55.5,45.5,,,55.4,21.4,24.2,25.7,27.1,23.6,26.2,23.3,21.8,44.6,28,29.6,49.8,24.9,41.7,27.8,14.3,100,25.5,4.6,49.2,23.7,24.2,22.7,26.2,26.5,19.1,19.2,18.2,17.7,15,22.7,17.9,26.2,35.8,18.2,11.9,19.9,21.6,20.6,26.5,28.7,33.9,23.8,10.6,35.8,25.7,36.9,34.6,33.6,24.9,22.2,30.8,24.5,254.9,67.6,25.3,15.3,22.1,14.5,15.2,6.3,8.2,6.3,3,9.4,3.6,2,2.2,1.7,,1.4,0.5,0,0,1.4,9.2
C11590,시군구,2023,서울특별시,동작구,378769,2315658,18.5,1.3,25.4,1665,1.4,99.3,102.5,12.2,51.6,25.7,27.4,18.5,2.1,F,16.4,0,100,F,6.1,12.2,12.2,36.7,1699.6,12.2,0,12.2,12.2,12.2,12.2,18.3,18.3,36.7,12.2,464.7,93.7,210.4,412.4,412.4,464.7,177.7,273.3,127.3,219.7,31.7,47.5,7.1,10.8,7.1,12.9,5.3,11.6,9.5,16.6,3.7,0.3,3.2,0,1.8,0.3,1.6,1.1,570.5,621.5,9.2,3.2,0.5,8.2,2.1,2.1,0.8,0,0,0,0,0,0,0,0,0,0,0,0,0,0,0,0,0,0,0,0,0,0,0,0,0,0,0,0,98.9,89.2,98.1,100,96.9,90.3,96.2,89.9,80,88.3,89.7,91.8,90.9,93.6,89.1,81.4,91.4,94.8,87.4,89.7,70.9,84.1,92.5,85.7,94.5,83.6,,79.8,61,61.2,73.2,74.1,59.4,68.4,67.4,70.4,92,88.7,85.8,83.3,83.3,86.4,89.1,88.3,88.6,90.5,94.7,84.2,93.5,85.8,89.1,83.2,87.6,95,81.4,87,84.9,86.4,42.7,0,32.7,29.6,42.3,36.4,38.9,32.7,39,28.4,35.2,25.3,28.3,39.2,35.1,37.2,52,33.6,8.9,44.6,51.4,20.9,43.6,27.5,10,26.8,13.4,13.6,8.2,8.7,0.5,4.8,3.4,7.6,35.2,46.4,37,30.7,60,19.1,37.4,38.5,25.3,48.1,28.9,31.7,25.5,37,21.9,15.1,33.7,50.1,20.8,27.4,24.2,21.1,32.5,,28.6,15.5,23.8,23.8,23.8,24.9,25.1,24.6,26.5,28.7,27.5,24.8,31.8,23.8,37.7,21.5,21.2,21.6,21.4,25,52.1,25.4,32.3,30.6,34.4,34.6,20,20,33.3,16.7,13.3,21.3,23,28.5,27.5,27.4,12.9,20.7,28.2,30.7,26,29.5,19.8,27.1,23.9,27.5,25.9,25,42.9,33.8,31,29,38.8,27.2,236.1,68.2,23.6,16.2,17.9,15.4,17.5,5.7,5.3,4.8,1.8,4.8,2.2,1.6,1.4,2.5,,1.2,0.6,0,0,0,6.4
C11620,시군구,2023,서울특별시,관악구,481956,1629971.5,17.6,1.5,26.9,1762,1.6,95.7,97.1,8.6,49.7,24.3,19.9,22.9,3,F,29.6,0,100,F,0,0,3.4,44,1173.6,6.8,0,3.4,3.4,6.8,0,13.5,0,44,6.8,255,82.4,0,0,60,255,39,142.1,34.4,129.3,8.7,27.2,3.5,7.5,1.2,10,0.8,6.4,5.4,13.5,1.2,0.2,0.2,0,0.8,0.2,1.9,1.7,136.9,206.7,14.9,0.8,0.6,19.5,2.3,6,1.9,0,0,0,0,0,0,0,0,0,0,0,0,0,0,0,0,0,0,0,0,0,0,0,0,0,0,0,0,97.8,90.4,95.6,98.1,96.1,84.3,96.2,87.1,77.9,85.9,85.9,86.8,83,90.5,87.7,81.6,83.9,92.7,85,85.9,78.6,63.6,78.1,76.9,95.8,82.8,,79.2,64,65.1,78.9,79,60,76.2,76,76.5,85.5,84.8,84.2,84.3,81.2,89.7,84.5,83.9,83.8,85.4,94,83.9,90.8,84.2,86.6,87.5,86.9,92.7,82.4,84,84.7,84.8,0,0,30.3,0,0,23.9,21.8,25.4,17,23.8,2.6,22.6,41.8,28.8,25.6,16.4,0,31.8,17.5,4.7,12,20.2,70.7,24.2,20.2,17.3,18,18.1,21.6,21.7,0,22.3,19.6,26.4,6.5,14,23.7,16.1,8.7,34.5,18.2,13.4,21.2,21.2,58.7,32.2,0.3,23.7,39.2,55.3,47.5,0,38.8,38.3,50.3,35.1,,,75.5,,,63.4,63.2,54.5,58.5,46.3,56.4,78.4,42.6,65.5,72.2,64.8,0,69.3,49.1,60.4,75.4,71.4,73.4,54.1,52.6,51.6,52.1,51.9,49.3,49.3,0,47,43,52.4,53.7,57.8,65.3,50.5,85.7,81.7,54,49.9,41.9,62.6,68.1,58.5,44.4,65.3,49.3,65.6,56,0,40.5,39.1,50.5,51.3,281.5,77.5,32.8,24.6,17.9,17.8,12.3,8.3,7.8,5.3,3.3,7.9,3.8,1.8,2.7,1.5,,4,2.7,0,0,2.7,13.9
C11650,시군구,2023,서울특별시,서초구,407664,867998.9,16.1,1,26.1,1649,1.3,92.8,91.5,17.8,52.3,22.3,57.3,14.3,1.2,F,47,0,100,F,2.1,2.1,2.1,31.9,1752.3,8.5,0,2.1,2.1,2.1,2.1,8.5,2.1,31.9,8.5,603.4,151.6,336.1,336.1,336.1,603.4,252.4,621.6,181.3,506.8,42.2,71.9,16.7,28,6.1,27.5,12.5,25.3,12.3,22.8,2.7,0.2,2.5,0,3.2,0.7,3.2,3.2,792.3,971.4,24,3.7,1.5,21.3,7.4,5.9,2,0,0,0,0,0,0,0,0,0,0,0,0,0,0,0,0,0,0,0,0,0,0,0,0,0,0,0,0,99,88.9,96.6,98.3,96.6,91.8,95.8,90.5,78.2,88.8,89.1,92.1,91.7,95.3,88.6,81.3,92,95,87.1,85.9,68.3,85,86.3,74.2,93.7,84,,79.5,62.5,63,69.2,70.4,46.7,65.6,70.5,55.1,93.6,89.5,83,81.5,96.3,85.4,87.5,88.9,88.5,89.4,86.7,85,93.9,83,89.1,87.6,88.9,95.1,84.9,84.2,83.4,86.8,46,0,20.3,40.5,38.3,34.9,37.6,34,32,44.3,26.1,62.2,28.4,46,21,29.5,20.8,35.2,9.7,27,18.8,11.3,63,31,20.5,26.2,22.8,23.5,15,15,16.4,12.3,15.5,5.3,31.1,31.2,31.2,17.6,37,10,30.3,29.4,35.5,42.9,8.9,29.7,28.1,31.2,38.8,60.9,27,20.9,31.5,28.8,34.7,39.4,15.3,,24.3,13.9,15.3,15.3,15.3,13.9,10.5,10.6,12.6,25.9,11.5,27,21,11.1,21.1,16.9,21.8,20.1,22.7,15.9,46,15,28.5,13.6,31.1,31.7,20.2,20.1,21.6,16.3,19.4,8.2,7.5,15.6,23.9,15.6,40,19.4,11.3,11.3,9,15.5,23.5,16.5,12.6,23.9,8.4,36,29.9,21.4,9.2,8.3,26.5,12.1,197.9,59.8,15.9,14.2,13,11.7,13.5,4.7,2.2,5,4.2,4.5,2.9,2.8,1.8,1.2,,1.8,0.6,0,0,1.8,11.7
C11680,시군구,2023,서울특별시,강남구,544873,1379509.2,15.9,1.2,26.8,1950,1.1,89.7,89.8,17.4,52.2,21.8,60.4,15,1.9,F,39.5,0,100,F,5.1,5.1,10.1,98.7,4802.8,17.7,0,5.1,5.1,5.1,7.6,22.8,10.1,98.7,17.7,1006.7,198.6,516.3,516.3,596.1,1006.7,435.1,1068,300.8,863.5,62.2,110.7,25.7,52.5,15.8,54.9,17.6,33,17.1,30.1,10.3,0.6,3.9,0.2,5.7,0.9,4,4,1177.5,1460.9,32.5,5.7,1.5,56.2,12.5,12.3,5.3,0,0,0,0,0,0,0,0,0,0,0,0,0,0,0,0,0,0,0,0,0,0,0,0,0,0,0,0,98.9,87.9,96.2,96.4,95.1,89.7,94.3,88.2,79.3,86.7,87.2,92.1,89.7,91.3,87,78.1,90.9,91.4,84.8,86.4,71.4,77.8,86.6,82.4,94.4,81.5,,79.2,58.4,59.8,74.5,75.4,35.7,71.5,68.4,78.2,91.2,88.2,82.1,80.6,94.7,79,87.1,88.6,86,83.4,81.8,84.9,91.8,82.1,86,80,86.8,92.1,78.3,81.4,83.9,82.1,54.1,0,65.9,62.5,43.5,44.1,43.2,42.8,39.3,37.3,53.3,56.2,45.7,39,66,36.6,62.5,47.5,31.5,20.4,16.6,6.5,65.8,36.8,16.4,32.8,13.3,14,29,29.7,0.6,26.1,22.6,33.9,41.8,43.4,38.8,45.2,0,41.2,45,49.1,48.3,48.1,0,40.2,54,38.8,51.7,39.5,48.6,63.9,38.9,45,40.5,31.6,10.4,,16.7,10.3,10.4,10.5,10.4,10.1,8.7,7.1,9.3,16,11.7,20.5,15.6,7.8,16,11,14.2,17.6,25.9,13,52.2,10.5,16.9,10.4,23.4,24.2,17.6,17.8,0.8,16.1,13.3,23.2,5.1,12.1,19.8,15.1,0,15.9,8.6,8.8,12.6,18.5,0,14.9,16.9,19.8,5.5,32.8,27.9,15.3,11,5.8,15.9,10.1,217.1,56.5,17.6,22.6,16.5,12.3,11,5.2,4.1,5.4,3,6.3,5.5,2.6,1,1.3,,0.9,0.4,0,0,0.9,10.8
C11710,시군구,2023,서울특별시,송파구,654166,1931027.6,16.6,1.2,25.7,3118,1.2,85.2,92,15.4,51.9,23.9,37.4,16.2,1.5,F,33.9,0,100,F,3,5.9,5.9,64.9,1839,26.6,0,3,5.9,5.9,3,11.8,3,64.9,26.6,696.6,183.1,422.5,480.6,480.6,696.6,295.5,443.3,198.3,334.8,51.1,71.2,23.4,30.9,6.1,16.7,9.6,21.2,9.9,18.5,6.6,0,3.1,0.2,3.4,0.6,2.9,2.6,842,946.2,23.2,3.8,1.2,28.9,4.3,8.1,1.4,0,0,0,0,0,0,0,0,0,0,0,0,0,0,0,0,0,0,0,0,0,0,0,0,0,0,0,0,98.8,88.3,95.7,98.5,95.3,88.6,94,86.7,79.3,86.6,86.5,91.7,89.1,87.9,87.7,80,91.6,94.6,84,85.2,71.5,81.9,83.9,79.1,93.6,82.5,,80.6,63.6,64.4,79.2,80.3,17.8,73.2,71,77,88.9,86.8,81.7,79.4,91.9,89.1,83.6,87.3,82.9,78.2,95.6,86.6,92.7,81.7,88.5,76.2,88,94.5,84.8,84.9,86.3,85.2,46.1,0,51.4,21.5,33.2,31,31.4,34.5,33.7,41.6,30,34.6,45.3,31.9,51.3,23.4,22.5,36.3,23.5,29.5,23.7,10.9,67.4,32.4,25.7,30.1,24.2,24.6,27.1,27.5,3.8,21.3,18.6,26.1,38.9,29.4,24.1,23.2,0,33.9,31.9,39.1,34.4,24.8,0,38.4,35.7,24.1,35.3,27.5,52,22.4,39.2,34.3,51.4,33.7,8.6,,41.1,6.8,9,9,8.6,11.9,8.2,9.6,9,11.1,26.3,16.4,34.3,7.9,14.5,6.3,17.8,20.8,35.9,29.8,59.9,13.5,33.3,14.3,47.5,47.6,30.8,31.5,3.3,36.6,37.6,35.3,5.7,10.3,18.7,14.6,0,13.1,10.2,9.1,9.4,14.4,0,13.9,18.6,18.7,26.7,27.1,40.4,13.4,22.7,20.4,33.5,18.3,229.1,61.7,18.6,15.7,18.9,15.9,10.6,8.8,4.5,4,3.6,6,7.1,3,1.5,1.4,,2.7,1.7,0,0,2,14.6
C11740,시군구,2023,서울특별시,강동구,459167,1867262.5,18,1.5,24,2228,1.4,84,106.9,15.2,51.1,26,25.6,18.6,2.3,F,24.6,0,100,F,0,12.2,12.2,73.2,1691.7,20.3,4.1,12.2,12.2,12.2,8.1,24.4,12.2,73.2,20.3,693.2,356.5,0,502.6,502.6,693.2,206.7,345.6,138.7,267.2,35.5,61.4,9.8,15.2,7.8,15.9,4.6,14.2,12.6,20.9,5.2,1.1,2.6,0.2,3.3,1.5,9.4,9.1,631.6,780.5,61.6,5.4,1.7,29.6,17.9,4.6,8.5,0,0,0,0,0,0,0,0,0,0,0,0,0,0,0,0,0,0,0,0,0,0,0,0,0,0,0,0,98.7,96.1,95.2,99.6,96.2,91.1,95.2,89.5,85.2,89.2,88.5,91.1,93.2,91,89.8,86.6,92.9,97,86.7,88.1,69.5,75.5,73.6,78.2,95.9,86,,83.3,71.7,73.3,82.2,82.9,39,81.4,79.6,85.3,87.7,88,86.6,83,100,83.5,83.3,85.1,85.7,84.1,96.7,89.6,93.2,86.6,92.3,85.9,88.8,96.8,89,89.4,86.5,88.2,0,79.9,60.3,36.1,57.1,54.9,56.9,56,51.2,51.9,55.9,42.7,66.3,64,64.9,56.3,77.3,51.6,22.2,15.5,34.6,25.8,79.4,52.7,40.9,45,40.3,41.6,39.5,40.2,1,37.7,37.3,38.5,34,49,58.3,42.6,80.9,26,37.7,26.7,49.2,50.8,91.5,58.9,63.1,58.3,65.7,69.2,68.2,74.3,65.5,65.6,58.5,60.9,,34.5,36.5,18.4,28.8,28.8,28.8,29.5,27.4,27.6,34.7,37.5,30.7,32.7,38.6,25,38.2,32.1,12.5,13.8,26.9,28.3,61,29,26.8,25.2,24.3,23.8,23.4,23.4,25,22.2,24.8,18.1,23.5,17.8,27.9,20.1,35,30.8,20.6,14.4,27.3,24.7,30,31.6,21.6,27.9,26.2,39.1,43.6,38,27.9,25.5,35,28.3,266.9,76,18.3,19.4,16.2,16,17.5,9.3,8.7,5.5,3.8,7.6,3,2.7,1.4,2.9,,1.4,0,0,0,3.2,13.9
C26110,시군구,2023,부산광역시,중구,38619,1281753.6,30.7,2.2,18.9,92,1.2,99.5,138,6.6,51.6,40.6,23.7,32.3,8,F,3,0,100,F,0,33.2,33.2,99.6,2290.1,132.8,0,0,33.2,33.2,0,33.2,0,99.6,132.8,1530.3,2436.6,0,950.3,950.3,1530.3,258.9,546.4,199.4,466.1,38.8,85.5,18.1,38.8,5.2,23.3,5.2,12.9,20.7,31.1,5.2,0,2.6,0,5.2,2.6,44,41.4,1009.9,1395.7,217.5,5.2,15.5,90.6,44,20.7,12.9,0,0,0,0,0,0,0,0,0,0,0,0,0,0,0,0,0,0,0,0,0,0,0,0,0,0,0,0,89.5,92.5,100,100,93.5,91.9,93.3,91.4,83,91.6,91.1,91.5,84.1,96.5,93.8,85.8,91.3,92.3,90.4,90.1,93.5,97.3,92.3,95.6,98,91.6,,91.5,92,92.2,95,95,100,95.8,95.3,96.6,86.8,94.5,95.5,93.2,0,80.8,92.7,93.5,90.3,92.6,0,91.2,96.8,95.5,90.4,94.2,95.1,93,91.9,94.6,90.4,91.3,0,0,0,0,35.1,29.9,0,27.1,24.6,16.6,18,48.7,26.5,11.1,0,26.6,0,38.4,34.7,0,23.1,11.1,61.8,34.2,43,35,42.2,42.3,35.7,36,0,28.7,30.6,25.6,9.5,24.3,41.5,20.9,,11.5,26.1,26.6,22.4,20.1,,32.7,57.3,41.5,20.6,44.9,33.3,0,36.4,44,29.4,43.1,,,,,21.8,21.8,,20.3,23,19,23.3,36.5,17.8,23.8,,22.9,,34.5,16,,9.4,21.7,18.4,22.4,24.3,23.2,24.1,24.7,17.5,17.5,0,16.9,17.7,15.5,16.7,23.9,32.9,21.8,0,27.3,21.1,21.6,21.5,25.8,0,20.6,15.2,32.9,9.5,31.1,31.8,0,16.5,18.8,19.9,23.2,397.9,100.5,40.1,44.8,37.7,17.3,2.1,10.1,6.6,16.1,8.9,8.2,3.6,9.8,2.5,6.4,,0,0,0,0,0,0
C26140,시군구,2023,부산광역시,서구,104089,744981.4,28.1,2.4,19.1,335,1.1,103.2,140.7,11.4,51.9,37.7,13.6,25.1,6.4,F,14,0,100,F,14.3,21.5,28.6,50.1,450.9,35.8,7.2,21.5,28.6,28.6,21.5,35.8,14.3,50.1,35.8,3598.8,927.1,2092.4,2934,3221.3,3598.8,1193.2,1298.9,733,832,201.8,230.6,54.8,59.6,23.1,31.7,25,31.7,28.8,34.6,30.7,0,18.3,0,15.4,1,17.3,16.3,4306.9,4429.9,87.4,27.9,6.7,100.9,18.3,38.4,5.8,0,0,0.2,0,0,0,0,0,0,0,0,0,0,0,0,0,0,0,0,0,0,0,0,0,0,0,0,0,91.2,92.5,97.1,92.9,91.7,89.4,93,90.6,85.7,90.6,91.2,89.8,87.9,95,92,86.6,92.5,95.3,88.3,91.3,93,90.8,92.7,90.8,97.1,88.7,,89,87.8,88.4,91.5,91,100,91.3,92.8,87.8,84.4,93.7,95.5,92.5,0,97.1,93.6,93.2,90.7,94.9,0,87.7,95.5,95.5,88.8,92.8,93.6,95.7,90.2,89.5,91,91.3,85,89,38.2,48.6,67.7,67.1,80.2,54.1,69.2,42.4,39.9,12.9,43.2,78,40,69.3,8.7,49.1,34.3,63.5,56.4,11.2,46.4,43.5,29.3,44.9,34.6,34.6,33.1,30.3,87,30.6,31,29.6,62.3,72.5,35.9,51.9,0,87,62.5,66.6,64.2,52.1,0,52,50.8,35.9,27.3,36.5,50.5,12.8,28.4,37.6,43.2,38.7,7.1,7.4,18.8,5.3,6.8,8.4,6.8,9.1,8.7,7.1,6.2,11.1,21.4,9.6,16.1,7.1,9.2,9.5,12,7.2,6.1,8.5,32.3,11.7,41.6,13,38.6,38.9,16.2,16.4,15.1,14.9,14.6,15.7,6,9.5,9.8,8.1,0,11.2,9.2,8.7,9.6,10.3,0,9.3,8,9.8,16.8,15.3,21.9,9.2,15.4,19,23,10.8,395.3,105.9,46.6,23.7,18.9,19.6,3.8,14.4,22.4,9.4,5.2,6,7.3,3,4.9,9.3,,9.9,3.3,0,0,3.3,6.6
C26170,시군구,2023,부산광역시,동구,87792,867382.8,28.6,2.4,18.8,375,1.5,103.8,136.7,9.8,51.3,37.9,17.3,27.1,8,F,10.1,0,100,F,0,9.9,29.6,79,701.5,49.4,0,0,19.8,19.8,19.8,29.6,19.8,79,49.4,1548,1524.1,0,443.1,956.8,1548,241.5,412.3,225.5,382.7,46.7,77.5,15.9,19.4,31.9,37.6,20.5,23.9,19.4,25.1,9.1,3.4,5.7,0,5.7,2.3,27.3,25.1,1076.4,1284.9,156.1,9.1,6.8,98,46.7,29.6,19.4,0,0,0,0,0,0,0,0,0,0,0,0,0,0,0,0,0,0,0,0,0,0,0,0,0,0,0,0,88.5,89.3,97,97.8,92.1,90.3,93.6,91.6,78.7,92.1,91.5,90.5,93.1,95,94.9,84.9,95.2,99.3,89.6,90.1,95,96.1,97,79.5,99,91.8,,92.4,91,90.8,93,93,100,95.3,95.8,94.4,85.6,94.2,96.1,95.9,100,84.2,92,93.9,93.6,94.6,0,89.6,96.1,96.1,93.3,93.2,95.8,99.4,92.8,94.3,94.1,92.7,0,0,48.5,65.6,20,34.5,0,32.4,28.7,14.7,46.4,65.8,47.5,23.6,60,22.1,66.7,35.4,29.2,60.9,30.3,11,62.7,33.5,35,32.4,34,33.9,35.9,36,0,39.8,34.5,51.2,3.6,27.8,55.5,33.5,0,15.8,32,28.4,27.3,29.6,,17.7,0.2,55.5,45.8,44.2,55.5,68.6,34,38.4,49.9,24.6,,,7.7,12.3,22.9,17.9,,18,25.6,9.2,8.9,22.4,21.4,25.6,13.4,18.5,14,27.9,17.5,5.6,16.5,20,25.8,22.3,32.2,27.2,34.1,34.5,22.5,22.5,0,20.2,16.7,28.9,9.5,25.1,25.8,18.6,0,8.6,21.3,26.4,25,30.9,0,20.3,100,25.8,12.2,24.8,27.4,14,20.1,14.2,24.8,19.3,372.1,89.6,41.9,23.8,23.7,24.8,3.8,14.5,16.3,11.9,8.4,6.5,6.5,5.5,3.1,8.1,,5.5,2.7,0,0,2.7,16.1
C26200,시군구,2023,부산광역시,영도구,106548,750311.7,31.6,3.2,16,283,1.3,99.5,148.9,10.3,50.9,42,10.7,26.6,8.6,F,14.2,0,100,F,0,0,14.1,28.2,507,35.2,0,0,14.1,14.1,0,7,0,28.2,35.2,712.4,1041.8,0,0,461.8,712.4,64.8,165.2,61,150.2,12.2,28.2,9.4,15,2.8,12.2,4.7,9.4,5.6,12.2,3.8,0.9,0.9,0,0.9,1.9,17.8,17.8,368.8,499.3,107.9,0.9,5.6,19.7,26.3,3.8,9.4,0,0,27.5,0,0,0,0,0,0,0,0,0,0,0,0,0,0,0,0,0,0,0,0,0,0,0,0,0,88.1,88.8,91.9,100,90.4,89,94,92.7,80.8,91.4,91.9,90.4,86.7,94.8,91.9,85,90.8,96.5,92.3,93.2,87.5,95.4,81.4,93.6,98,89.4,,89.5,87.1,87.8,89.4,88.9,95.4,91,90.5,92,84.2,94.1,96,89.5,0,97.6,93.1,93.6,93.7,95.9,0,89.2,96.2,96,93,92.5,92.5,96.7,86.8,93.3,84.1,90.9,0,0,0,0,0,37.8,0,33.8,33,28.7,4.8,61.2,39,22.1,0,24.8,0,56.2,7.4,9.6,24.5,28.7,56.4,40.1,48.5,41.7,51.1,52.2,31.2,33.5,0,30.4,29.5,32,6.3,30.7,59.4,19.2,0,58.3,34.9,27.3,46.3,66.1,,32.3,0,59.4,44.2,65.8,55.4,0,33.5,35.1,40.5,37.3,,,,,,73.4,,72.7,76.7,45.7,55.4,71.3,77,73.2,,72.1,,77.5,77.7,64.3,86.2,37,91,73.7,74.7,74.5,74.7,74.8,76.8,76.8,0,81.2,81.3,81.1,68.1,75.9,73.2,78.7,0,68.1,67.4,76.4,75.6,75.6,0,73.9,0,73.2,77.6,76.7,80.4,0,67.1,77.8,67.5,70.3,403.9,92.2,47.8,26.7,25.5,27.4,7.1,13.6,14.4,12.7,8.9,12.2,5,5.9,3.1,6.8,,6.3,3.2,0,0,3.2,12.5
C26230,시군구,2023,부산광역시,부산진구,359508,1211844.5,22.1,1.9,22.5,1653,0.9,94.6,108.6,12.1,52,30.7,21.3,23.2,4,F,29.7,0,100,F,3.4,10.1,13.5,74.2,1574.2,47.2,0,6.7,13.5,10.1,3.4,16.9,6.7,74.2,47.2,1011.4,890.7,234.2,553.5,609.4,1011.4,195.3,405.3,145.5,329.6,35.6,62,13.1,23.4,7.5,18.9,6.4,14.7,13.6,19.5,5.6,0,2.2,0,2.8,1.7,15.9,14.7,734.1,883.4,87.6,2.5,4.7,52.9,20,9.5,6.7,0,0,0,0,0,0,0,0,0,0,0,0,0,0,0,0,0,0,0,0,0,0,0,0,0,0,0,0,87.3,80.2,96.2,97.9,91.4,89.5,91.7,89.3,79.8,90.8,88.2,91.2,92,93.9,94.4,81,94.6,99.5,87.9,90.4,93.7,95.1,90.4,92,98.6,90.8,,91.1,91.4,91.5,91.3,93.4,64.7,90.5,88.3,94,80.3,92.1,94.6,93.2,0,94.8,91.6,91.8,90.6,92.3,75,89.3,98,94.6,92.9,92.4,94.2,99.4,93.4,92.9,92.9,93.2,46.9,0,39.7,24.8,44.4,40.3,46.9,43,38.5,39.4,42.4,42.3,52.9,42.7,41.9,38.6,43.6,43.1,15,44.9,15.9,15,58.8,43.6,44.6,46.2,45.4,46.1,30.6,32.9,1,26.1,23.4,30.4,30.3,37.6,41,39.5,0,53.1,46.1,42,44.1,46.6,0,51.2,77.7,41,50.9,54.5,60.5,42.5,56.1,49.1,56.9,49.7,22.5,,33.3,15.7,27.7,28.2,29.5,31.5,30.4,23.5,29.5,53.7,37.8,27.1,39.3,26.5,42.5,40.5,27.6,18,26.8,34.5,52.2,35.5,45.1,36,46.8,46.9,32.5,32.4,60,29.9,26.3,36.1,24.3,29.2,44.6,23.4,0,29.6,30,26,31.8,39.4,0,29.8,29.7,44.6,34.7,47.7,48.7,42.1,37.5,34.7,43.3,33,332.1,89,33.4,21.7,19.9,23.9,3.5,10.2,11.4,8.2,8.7,8.5,5,4.4,2.9,6,,1.2,0.6,0,0,1.9,9.8
C26260,시군구,2023,부산광역시,동래구,270815,1628388.2,21.2,1.6,21.2,1080,0.7,90.2,105.2,16.1,51.7,29.5,22.3,19.5,2.8,F,16.6,0,100,F,0,6,18,126.3,1274.7,90.2,0,6,18,18,0,12,6,126.3,90.2,874,1302,0,159.5,318.3,874,96.4,231.5,94.2,221.2,14.4,43.6,10,19.2,6.6,14.4,4.4,13.7,11.4,19.2,2.6,0.4,2.2,0,3,2.2,24.4,23.6,501.1,719.7,148.4,2.6,8.1,55.8,37.3,15.1,14,0,0,0,0,0,0,0,0,0,0,0,0,0,0,0,0,0,0,0,0,0,0,0,0,0,0,0,0,81.8,82.1,98,98,89.8,83,91.2,85.5,53,88.4,84.7,87.1,87.6,94.7,92.3,69.7,95.2,99.4,84.7,91.7,92.9,95.9,91,95.6,98.9,89.4,,89.7,92.1,92.2,92.2,92.5,86.7,95.5,95.3,95.9,74.5,89.1,92.6,90.2,75,82.4,88.4,86.8,90.3,92,100,88.7,89.3,92.6,90.5,91.1,93.3,99.3,94,92.3,90.9,92.5,0,0,29.3,0,26.5,35.9,30.6,39.6,32.9,34.1,15.5,55.2,44,46.6,35,26.5,39.1,65.8,35.1,0.8,15.7,12.7,62.3,41.5,45.2,39.5,44.2,43.9,40.4,42.3,0,40.4,34.9,50.3,22.7,33.9,54.2,29,25,25.9,33.4,28.8,52.6,59.7,0,40.9,0.4,54.2,49.3,54.2,50.7,39.1,59.2,53.6,54.1,50.3,,,34.5,,32.4,35.1,32.4,30.1,33.9,23.5,31.5,45.8,27.2,34,33,28.6,32.8,42.2,32.3,37.5,35,32.4,51.3,28.1,25.2,25.7,25.9,25.8,28.7,28.7,0,26,22.2,33,23.7,31.6,43.4,25.5,50,26.2,29.5,27.6,25.2,39.7,0,27.4,13,43.4,18.7,38.8,39.5,32.7,26.1,27.4,32.6,27.4,297.4,78.9,32.6,23.5,17.3,18.7,5.7,9.8,8.6,8.6,5.9,5.6,5.1,2.7,3.9,4.7,,3.8,2.8,0,0,2.8,11.2
C26290,시군구,2023,부산광역시,남구,254185,947600.8,23.2,1.9,20.6,789,1,95.3,114.4,14.2,51.3,31.5,19.6,21,3.1,F,26.8,0,100,F,0,3.7,3.7,26.1,678.5,29.8,0,0,3.7,3.7,3.7,3.7,0,26.1,29.8,461.9,590.5,0,151.9,151.9,461.9,54.7,155.8,48,141.2,8.7,31.1,2.8,5.5,0.8,5.5,3.5,9.8,5.9,12.6,2,0.8,4.3,0,2.8,1.6,11.8,10.6,249.4,337.9,60.2,5.5,3.5,27.5,15.7,9,7.1,0,0,0,0,0,0,0,0,0,0,0,0,0,0,0,0,0,0,0,0,0,0,0,0,0,0,0,0,79.2,79.9,93.9,97.1,89.2,86.5,89.9,86.8,72.6,88.4,87.2,89.8,87,90.8,92.6,81.8,91.8,97.6,84.3,88.8,91.9,93.4,86.8,85.3,96.3,88.9,,90,89.9,90.2,90.3,90.2,93,92.6,94.9,87.9,77.5,89.5,93.2,90.5,0,92.2,90.1,90.7,88.1,93.3,0,87.4,95.3,93.2,90,90,91.5,97.7,90.9,90.6,88.3,91.2,0,0,0,10.2,18.6,15.8,0,21,15.7,18.8,2,44.3,37.2,9.9,0.1,14.8,0.1,37.4,26.1,0,19.7,5.1,27.8,26.1,34.9,29.2,36.8,37.4,32.3,33.2,0,26.8,25.7,29,4.2,18.8,34.6,19.2,0,9.4,23.6,25.3,18.2,45.4,0,23.4,4.8,34.6,29.4,31,47.5,0.1,23.9,34,37.1,32.3,,,,13.9,57.8,57.8,,52.9,67.5,59.3,51.3,57,48.1,67.9,100,72.8,100,67.7,30.5,,75,56.3,80.6,51.3,49.7,51.6,49.9,50.1,36.7,36.7,0,36.4,36.1,37,37.3,58.5,61,44.5,0,66.7,55.3,53.7,53.3,67.1,0,50.5,67,61,43.4,69.9,64.4,100,47.1,47.2,55.7,54.7,310.7,77.1,33.1,25.9,22.9,22.1,3.1,9.2,8,7.9,6.7,4.6,7.3,4.4,3.5,3,,2.6,0,0,0,0,17.5
C26320,시군구,2023,부산광역시,북구,273596,694863.3,21.6,2.3,19.3,1156,1.1,86.4,109.3,13.6,50.8,32,11.1,21,5.7,F,39.4,0,100,F,0,2.5,5.1,27.9,429.2,33,0,0,5.1,5.1,0,10.2,5.1,27.9,33,564.7,792.8,0,136.7,225.5,564.7,70.2,167.8,67.3,158.3,17.2,32.2,3.3,9.1,7.3,16.1,3.7,12.8,9.1,15.7,2.6,0,1.8,0,1.5,0.7,16.1,13.9,361.5,471.5,84.8,4,6.2,40.9,12.4,12.1,3.3,0,0,0,0,0,0,0,0,0,0,0,0,0,0,0,0,0,0,0,0,0,0,0,0,0,0,0,0,87.4,91.5,92.6,95.8,90.4,83,91.2,84.6,55,87.8,86.2,85.8,88.4,94,93.2,73.5,94.7,98.8,82.7,85.5,90.8,70.9,72.4,91.1,96.8,89.1,,89.9,91.4,91.8,91,89.5,99.9,92.4,92.7,92,76.7,87.8,92.6,88.4,0,85.3,88.8,87.1,90.3,92.6,0,89.2,83.3,92.6,90.8,93.9,93.3,98.6,94.2,92.7,90.5,92,0,0,71.3,0,23.4,30.9,0,35.7,40,28.8,42.1,28,58.7,32,76.2,21.3,80.8,31.3,25.9,0.6,24.1,72,69.9,41,49.6,43.1,49.6,50.2,26.7,31.1,0.1,19,17,22.7,5.2,26.3,28.5,32.5,0,26.6,39.8,30.8,33.2,41.8,0,36,0.7,28.5,45.7,52.6,66.7,79.5,44.9,56.5,52.8,49.8,,,40.8,,55.8,57,,54.8,62.3,49.6,45.9,61.9,51,63.7,43.8,51.5,47,61.4,38.1,33.3,80,17.2,73.2,53.6,52.3,52.4,51,50.7,43.1,43,100,38.4,36.9,40.8,53.5,53.4,66.6,47.9,0,55.8,54,52.1,57.8,65.1,0,56.2,100,66.6,48.7,71.4,62.1,47.1,54.8,49.7,53.9,58.2,318.8,87.1,33.5,20.7,20.6,21,4.1,10.2,8,9.9,8.6,7.3,5.3,4.6,1.3,5.8,,2.6,2.6,0,0,4.3,6.8
C26350,시군구,2023,부산광역시,해운대구,380448,738408.2,20.9,1.7,21,1427,1.1,94.6,106.4,15.4,52.1,29.6,29.6,20.1,3.7,F,51.5,0,100,F,0,3.9,3.9,25.2,700.7,29.1,0,1.9,3.9,3.9,1.9,7.8,5.8,25.2,29.1,538.6,686.8,0,327.8,327.8,538.6,129.3,266,99.1,221.1,22.3,44.9,6.3,15.5,5.8,15.8,8.9,18.1,7.1,16.8,3.4,0,2.9,0,2.9,0.8,11.6,10.5,500.5,620.8,67.8,5.3,5,36.5,15.8,14.5,8.1,0,0,0,0,0,0,0,0,0,0,0,0,0,0,0,0,0,0,0,0,0,0,0,0,0,0,0,0,67,70.9,92.3,98.5,87.7,83,88.1,83.6,55.8,87,84.3,85.8,87.1,92.8,90.6,70,91.9,98.4,80.1,88.8,91.7,75.1,72.5,77.5,96.4,87.1,,87,88.2,88.4,85.9,88.2,72.4,85.9,82.1,92.9,75.1,86.7,93,90.7,33.3,79,86.1,86.7,83.1,91.8,0,85.6,94.8,93,89.8,93.6,90.1,98.2,89.7,89.9,86.7,88.9,0,0,57.4,58.8,49.5,43.3,47.2,45.2,37.3,27.5,45.7,62,47.4,53.5,49.1,31,54.3,56.1,61.1,37.7,28.9,10.8,58.4,43.1,39.5,39.8,36.7,37.1,47.7,50.8,29.4,46.8,37,65,36.6,36.7,57.9,54.2,0,23,38.4,42.4,31.1,54.2,0,40.7,80.9,57.9,40.9,67,50,53.5,36.1,38.5,48.5,24.5,,,55.3,24.1,36.5,36.5,33.9,40.9,36.8,32.5,40.1,63.2,44.1,41.3,48.2,31.8,53.7,56.8,37.9,43.3,42.3,42.9,61.1,44.2,52.3,43,57.4,57.3,37.7,39.1,27.3,35.3,29.4,44.7,29.4,37.7,63.4,38.8,0,65.7,35.6,35.7,40.2,51.5,0,43.2,29.7,63.4,45.7,66,55.8,54.4,46.4,44.4,53.5,44.1,302.2,80.7,33.6,23,17.3,19.9,3.1,11.5,7.7,8.2,9.3,5.6,4.5,3.5,2.7,5.4,,2.9,0.7,0,0,0.7,18.9
C26380,시군구,2023,부산광역시,사하구,297831,712771.3,23.2,2.3,19.2,1078,1.4,87.5,122.1,13.2,50.4,33,16.4,23,5.6,F,41.8,0,100,F,0,0,0,47.9,473.9,50.3,0,0,0,2.4,0,7.2,4.8,47.9,50.3,660.4,1333.6,0,0,0,660.4,43.3,156.5,43,148.1,7.7,33.9,5,11.4,3.7,14.1,4.7,10.4,8.7,15.4,0.7,0.3,3.4,0.3,0.3,1.3,23.8,21.2,168.2,322,115.8,3.4,8.7,27.9,29.9,1,11.8,0,0,0,0,0,0,0,0,0,0,0,0,0,0,0,0,0,0,0,0,0,0,0,0,0,0,0,0,88,90.4,98.1,99,90.8,84.7,91.2,85.5,81.8,88.4,88.6,87.2,88,93.6,89.2,82.5,90.6,93.1,87.3,93.3,89.3,98.1,86.2,89.3,94.3,87.9,,88.4,87.5,87.2,88.5,86.9,99.2,90.1,91.9,86.8,82.8,91,94.8,88.2,0,89.5,89.9,90.4,88.9,94.1,0,86,84.9,94.8,87.1,92.9,92.6,93.7,86.1,85.4,90.2,88.3,0,0,62.9,0,0,0,0,27.4,18.5,35.9,42.2,44.8,59.8,0.1,57.1,0.2,60.4,36.2,5.7,0.2,9.7,73.5,58.2,41.3,63.8,44,62.1,62.3,27.5,31.4,0.1,26.8,24,32.1,17.1,6.8,31.5,4.1,0,0.6,21.5,13.3,23.4,36.4,0,25.3,0.4,31.5,50.2,59.5,64,58.6,52.3,46.2,60.9,46.5,,,45.2,,,,,50.5,52.5,35.2,38.1,71.7,60.1,30.4,52.1,24.1,50.8,65.1,57.1,40,100,28.4,86.8,51.3,51.9,51.2,52.2,51.8,57.5,57.5,50,56.6,51.6,66,23.3,47.3,71.2,43.3,0,16.7,49.8,44.9,49,67.5,0,49.2,80,71.2,54,67.4,65.5,50.6,48.3,55.6,61.9,50.7,341.9,87.2,41.1,22.5,19,25.1,6,11.8,12,8.5,5.9,7.5,6.5,4.6,6.6,6,,3.7,0.9,185.9,3.5,2.8,11.9
C26410,시군구,2023,부산광역시,금정구,215590,330260.4,25.1,2,19.2,715,1,95.7,115.6,12,51.2,34.8,17.1,22.2,4.2,F,65.3,0,100,F,0,0,0,15.3,231.3,26,0,0,0,3.1,0,1.5,1.5,15.3,26,565.4,1356.3,0,0,0,565.4,44.5,151.2,44.1,141.5,8.8,32,3.2,10.2,4.2,8.8,1.9,7.4,6.5,15.3,1.4,1.4,6.5,0.5,1.9,0.9,21.8,20.4,176.7,340,121.1,9.3,9.3,40.8,13.5,13.5,3.7,0,0,0,0,0,0,0,0,0,0,0,0,0,0,0,0,0,0,0,0,0,0,0,0,0,0,0,0,81.2,85.8,95.1,100,87.7,67.9,88.3,70,44.8,78.8,75.4,76.7,76.3,89.2,88.1,58.9,91.9,98.3,69.3,80.2,88.8,45.6,64.6,86.4,94.9,83.4,,84.6,91.6,91.5,87.5,86.6,98.6,90.7,90.1,92,56.1,78.9,83,83.3,33.3,75,77.9,74.2,77.5,79.3,0,83.3,72.1,83,87.8,89.3,87.9,98,90.8,89.2,86.7,86.9,0,0,56.1,0,0,0,0,19.9,25.2,8.5,31.7,28.5,36,0,60.1,6.2,71.5,26.6,33.3,0,11.4,72.4,49.7,31.4,48.3,34.8,51.6,51.7,30,31.2,14.5,28.3,23.5,38.3,2.7,11.2,38.9,17.4,0,0,21.5,14.3,15.3,25.3,0,16.9,0,38.9,28.4,40.1,44.7,71.3,38.3,31.7,44,23.8,,,39.7,,,,,43,52.2,28.6,39.8,42.3,43.9,35.7,38.1,38.1,39.3,59.6,29.5,,47.4,17.2,62.8,42.9,42.8,42.1,42.6,42.5,34.1,40,6.9,33.4,28.4,43.3,42.5,41.6,60.4,40.7,0,0,42.8,38.8,39.9,51,0,43.1,0,60.4,44.3,52.4,44.7,38.9,43.2,48.2,51.1,45.4,321.5,87.3,36.5,25.1,22.5,24,3.1,10,6.5,7.6,7.3,4.3,5.9,6.1,1.7,6.3,,0,0,0,0,0,12.5
C26440,시군구,2023,부산광역시,강서구,142396,78172.5,14.2,1.3,22.6,1018,1.3,82.1,86.9,22.6,48.2,20.8,42.7,16.4,1.9,F,182.2,0,100,F,0,0,0,3.8,31.3,0,0,0,0,0,0,0.5,0.5,3.8,0,384.8,0,0,0,0,384.8,28.1,83.6,26.7,79.4,3.5,11.9,0,4.9,2.8,4.9,9.1,16.9,3.5,7,1.4,0,0,0,0.7,0,0,0,85.7,132.7,0,0,0,11.9,0,3.5,0,0,0,1.1,0,0,0,0.5,0,0.1,5.5,0,0,0,0,0,0,0,0,2.8,0,0.1,0,0,0,0.7,0,0,0,82.6,86.3,95.2,93.8,83.5,66.5,84.5,67.5,42.6,79.9,79.7,71.2,80.2,88.6,82.2,45.3,84.5,89.3,68.9,90.7,78.4,63.9,83,77,90.7,79.1,,77.8,77.4,77.3,78.9,79.3,78.1,82.4,80.7,84.3,68.8,77.1,91.4,73.7,0,74.2,77.5,77.9,79,90.4,0,79,69,91.4,79.4,90.3,88.1,89,83.2,77.2,86.1,83.9,0,0,23.2,0,0,0,0,28.8,18.6,0,23.3,72.1,25.7,0,27.7,0,39.4,62.3,2.4,0,3.8,0,26.5,21.8,0,3.8,0.7,0.6,1.8,2.4,0.6,0.1,0.1,0.1,11.5,10.6,70.6,2.5,0,6.5,6.3,5,10.7,65.4,0,28.4,0,70.6,25.9,64.1,29.1,36.4,34.4,22.3,47.4,32.5,,,78.4,,,,,49.6,48.9,,53.4,53.1,43.5,50,68.3,,76.2,51.7,56.7,,33.3,0,63.6,49.6,,47.5,19.4,18.8,56.7,55.1,75,40,100,25,35.1,45,52.6,38.2,0,66.7,44.5,40.7,55.3,50.2,0,49.4,0,52.6,46.4,60.7,55.1,76,46,38.4,43,64.3,289.9,83.3,28.8,19,19.9,19.1,6.4,10.4,4.9,8,7.8,7.6,5.8,2.3,2.7,4,,1,0,0,0,2,15.5
C26470,시군구,2023,부산광역시,연제구,205766,1699704.5,22.5,1.7,21.4,852,0.8,91.9,111.7,14,52.2,31,18.7,20.6,3.6,F,12.1,0,100,F,0,8.3,8.3,107.4,1486.9,99.1,0,0,8.3,8.3,0,24.8,16.5,107.4,99.1,801.9,1074,0,263.9,263.9,801.9,79.2,210.4,69.5,193.9,15.1,36.9,8.3,17.5,8.3,15.1,5.3,17,5.8,14.6,1.5,0.5,3.9,0,2.9,0.5,20.4,20.4,297.4,452.9,103,8.7,8.7,62.7,11.7,27.7,2.9,0,0,0,0,0,0,0,0,0,0,0,0,0,0,0,0,0,0,0,0,0,0,0,0,0,0,0,0,81.3,81,92.6,98.2,89.8,83,90.6,83.8,50.7,87.8,84.2,87.9,88.7,89.5,92.6,67.1,94.1,99.1,82.7,87.6,94.9,83.4,78.4,88.7,97.2,88.7,,89.3,91.2,91.1,92.2,91.6,99.6,96.3,95.9,96.9,72.4,87.1,92.3,92.8,25,88.7,88.5,87.9,88.7,90.6,80,86.8,92.6,92.3,91.7,88.9,93.6,99,93.8,93.1,91.3,91,0,0,61.7,0,5.5,4.6,0,18,12.9,32.5,45.5,34.3,18.7,4.6,52,6.9,58.3,16.7,20.4,1.8,23.7,3.3,37.4,23.9,34,23,36.7,36.7,17.5,18.8,0.4,16.4,9.3,29,3.9,6.1,21.5,11.9,0,9.4,10.6,9.5,12,21.7,80,10.8,0,21.5,18.7,19.9,19.2,57.6,21.7,26.3,22.6,35.7,,,40.8,,18.7,18.7,,25.3,25.7,17.6,26.8,38.7,37.6,21.5,32.8,16.4,32.5,37.4,13.4,8.7,13.5,10.6,43.1,27.2,29.2,27.2,27.5,27.6,16.5,16.5,33.3,16.3,11.3,21.8,13.7,18,24.3,12.9,0,12.7,19.1,18.9,31.3,35.6,20,23.9,0,24.3,38.8,46.8,49.5,32.6,33.5,35.7,45,22.8,296.6,78.1,31.5,23.1,20.8,20.9,3.7,12.9,7.2,9.5,7.9,4.8,3.8,4,1.9,3.6,,2.4,2.4,0,0,4.8,14.2
C26500,시군구,2023,부산광역시,수영구,174518,1708039.1,24.4,1.8,22.2,674,1,95.5,108.7,11.7,53.1,32.7,20,22.5,3.6,F,10.2,0,100,F,0,19.6,29.4,88.1,1389.8,88.1,0,9.8,19.6,29.4,0,39.1,9.8,88.1,88.1,891.6,1136.3,0,514,685.3,891.6,118.6,241.2,112.3,226.3,23.5,46.4,8.6,16.6,8.6,13.8,8,13.2,10.9,20.1,2.9,1.1,1.7,0,2.3,1.1,20.6,20.1,414.3,577,124.3,2.3,6.9,32.7,18.3,5.7,5.2,0,0,0,0,0,0,0,0,0,0,0,0,0,0,0,0,0,0,0,0,0,0,0,0,0,0,0,0,75.8,75.3,91.1,98.9,88.6,86.2,90,87.8,56.3,89.3,88.2,90.2,88.1,93.1,91.9,72.7,92.9,97.8,85.2,87.8,89.4,87,83.9,88.3,97.8,89.4,,89.1,90.1,90.2,88.6,88.6,87,90.1,90.9,88.7,77.5,91.1,92.5,92.1,50,90.6,88.8,88.5,85.8,90.4,100,88.4,96,92.5,91.1,93.7,91.8,97.8,88.5,91,88.4,92,0,0,55.7,0,28.1,36.3,23.2,38,36.6,42.3,28.9,54.8,48.1,41,50.3,27.8,57.3,46.1,7.1,22.8,25.8,13,61.2,40.3,44.3,38.4,46.8,47.1,12,12.1,0,11.8,10.1,14.9,14.5,42,50.2,19.8,0,15.1,31.6,23.9,33.6,37.8,0,45.5,6.6,50.2,43,61.1,50.4,57,38.2,39.7,46.2,49.9,,,40.7,,26.9,28,30.1,30.5,27.3,27.2,30.1,46.2,29.6,34.6,32,27.9,33.1,41.1,24.6,22.3,30.2,41.7,38.9,30.1,29.7,28.1,31.9,31.9,27.4,27.4,0,27.2,25.3,29.8,14.9,22.2,37.8,34,0,30.8,26.6,22.8,26.5,35.5,0,28.2,28.7,37.8,25.1,46.8,37.4,33.3,31.1,26.3,34.1,40.3,294.3,75.5,30.1,30.7,17.8,20.5,4.2,8.6,10.1,7.4,6.9,6.1,5.4,3.6,2.2,3.8,,1.5,0,0,0,0,16.3
C26530,시군구,2023,부산광역시,사상구,202932,562066.5,22.5,2.6,19.1,758,1.8,80.9,117.4,11.5,49.8,33.4,19.1,23.6,5.7,F,36.1,0,100,F,0,5.5,5.5,24.9,310.2,38.8,0,2.8,5.5,5.5,0,5.5,0,24.9,38.8,942.7,1439.4,0,420.3,420.3,942.7,105.9,200.1,90.7,180.4,19.7,38.4,3,12.3,2,9.9,3,8.9,9.9,15.8,2,0,12.3,0,7.4,1,23.2,21.7,591.8,759.9,133,12.8,9.4,113.8,20.2,66,5.9,0,0,0,0,0,0,0,0,0,0,0,0,0,0,0,0,0,0,0,0,0,0,0,0,0,0,0,0,90.9,92.1,92.9,96.4,93.4,90.7,93.4,90.3,84.2,92,89.7,89.1,91.9,97.2,94,84.8,93.5,97.7,90,93.2,95.9,99.6,89.4,93.8,98.6,92.5,,93.1,94.3,94.2,95.1,94.4,100,98,97.4,99.1,82.9,93.5,92.9,94.8,100,94.6,91.4,92.5,92.6,92.7,100,91.3,95.2,92.9,93,95.2,94.5,98.2,94.4,91.9,91.8,92.6,0,0,0,0,27.1,24.1,28.2,28.9,21.5,11.6,2.9,52.6,39,21.1,0,22.1,0,51.5,71.4,2.7,34,8,47.8,37.1,51.2,33.9,55.1,55.1,60.4,54.7,99.1,65.5,61.2,73.1,2.4,25,28,43.9,0,31.1,18.3,14.3,14.6,18.9,0,30.2,2.1,28,21.2,49.8,47.6,0,30,18.6,37.8,18.6,,,,,31.5,31.5,45.3,30.8,30,41.1,52.8,72.1,35,38.4,,28.2,,56.1,17.7,70,35.6,40.6,45.8,33.4,36.4,30.3,34.8,34.8,18.8,19.2,17.4,18.1,16.5,21.3,12,20.3,27,20.2,0,32.9,22.1,13.7,36.1,24.5,0,28.5,11.6,27,20.8,59.4,39,0,28.8,19.3,42.8,27.1,363.3,92.9,37.6,25.1,22.1,26.5,4.5,16.7,13.3,7.3,7.5,8.5,6,4.4,4.4,10.4,,0,0,0,0,1.5,21.5
C26710,시군구,2023,부산광역시,기장군,178729,81859.3,18.4,1.9,21.9,867,1.4,95.6,104.4,19.4,50.5,25.4,26.6,21.4,3.4,T,218.3,0,93.4,F,0,0,0.5,3.2,41.7,2.3,0,0,0.9,0.5,0,0.9,0.5,3.2,2.3,383.3,456.6,0,0,125.9,383.3,56.5,132.6,56,128.1,12.3,25.7,6.2,11.7,5,11.7,6.2,12.3,2.8,8.4,0.6,0,0.6,0,0,0,7.3,7.3,284.2,362,46.4,0.6,2.2,8.4,3.4,0,0,0,0,0,0,0,0,0,0,0,45.7,0,0,0,0,0,0,0,0,0,0,0,0,0,0,0,0,0,0,69.8,72.8,96.7,98.5,82.6,57.3,85.4,63.1,35.1,74.4,70.5,69.8,76.8,92.7,72.3,48.2,89.5,92.5,57.7,84.8,68.4,33.1,51.4,74.4,90.1,75.5,,73.8,80.7,81.4,66.4,63.2,78.7,68,65.6,72.2,63.3,65.9,86.7,69.2,0,36.8,68.6,65.5,64.8,82.8,33.3,70.5,77,86.7,64.5,89.2,75.1,91.9,75,67.5,76.7,72.8,0,0,60.9,0,0,12.8,0,31.3,30,20.5,38.8,73.2,22.1,11.5,52,12.7,48.5,62.7,0,0,5.4,5.4,51.2,33.6,38.3,29.1,48.7,49.6,0,0,0,0,0,0,27.8,3.4,55.5,10.6,0,10.5,16.5,14.8,19.3,47.6,33.3,20.9,0.2,55.5,13.3,61.6,31.5,48.8,34.9,23.6,36.2,24.6,,,75.7,,,24.7,,53.4,34.4,33.5,49.2,84.2,76.6,47.1,61.8,32.9,69,84.5,,,66.7,53.8,89.3,54.3,55.9,56.2,56,56.3,0,0,0,0,0,0,20.3,55.9,73.8,60.8,0,66.7,61.2,63.3,57.4,76.9,66.7,66.2,100,73.8,68.2,78.5,76.3,68.6,75.6,69.9,76.2,68.3,328.9,91,34.1,20.5,17.2,22.8,4,13.9,7.2,7,6.6,6.6,11.1,5.2,1.1,7.9,,3.4,1.1,0,0,4.5,15.6
C27110,시군구,2023,대구광역시,중구,89064,1262317.4,19.2,1.6,24.5,448,0.8,107.9,103.2,14.6,52.1,25.8,28.6,22.2,3.2,F,7.1,0,100,F,14.2,28.3,42.5,198.4,3869.3,14.2,14.2,14.2,42.5,42.5,14.2,14.2,14.2,198.4,14.2,2961.9,167.3,1010.5,1354.1,1602.2,2961.9,769.1,1349.6,458.1,966.7,106.7,171.8,46,73,9,55,15.7,24.7,39.3,47.2,11.2,0,6.7,0,9,1.1,4.5,4.5,2485.9,2830.5,14.6,11.2,1.1,146,9,55,4.5,0,0,0,0,0,0,0,0,0,0,0,0,0,0,0,0,0,0,0,0,0,0,0,0,0,0,0,0,90.3,92.8,98.5,96.6,89.2,88.7,90.1,89.8,86,91.1,90.6,86.9,89.6,98.7,91.4,91.7,96,98.8,85.6,91.3,96.8,93.6,90.7,100,97.2,88.4,,87.9,85.4,85.7,91.9,91.3,100,93.3,92.4,94.4,79.4,93.2,96,93.9,66.7,100,93,92.5,90.6,94.4,25,91.9,95.1,96,91.2,93.1,95.5,98.8,89.5,84.5,90.7,91.8,31.6,62,1.5,10.3,31.7,35.1,27.8,30.8,41,34,10.9,12.4,42.7,36.1,1.6,34.3,0.8,34.3,22,10,4.7,88,66.2,23.7,6.6,23.7,8.2,8,25.1,26.2,10.7,26.9,22.1,32.6,18.8,39.2,23.7,23,0,23.1,37.5,36.7,37.9,26.2,0,30.6,54.1,23.7,43.2,26.2,46,1.4,44,40.9,46.9,26.1,3.8,3.8,8.3,4.4,4.4,5.3,3.8,4.8,5.6,4.1,5.5,9.7,4.8,6,5.6,3.7,8.9,6.4,4.2,2.5,4.2,3,13.2,5.1,24.5,5.4,17.8,17.5,6.9,7.2,2.8,7.2,5.3,10.1,3.8,4.6,6.9,3.9,0,5.1,4.9,4.7,4.6,6.6,0,5.1,3.4,6.9,2.9,9.5,5.8,10.4,5.9,4.1,6,5.4,310.7,75.2,32.1,26.2,19.4,17.1,11,5.6,11.7,8.7,4.9,3,4.8,2,5.3,2,,5.6,5.6,0,0,5.6,13
C27140,시군구,2023,대구광역시,동구,342813,188242.2,22.4,2.2,20,1509,1.1,99,122.1,14.1,51,31.1,17.3,23.5,4.5,F,182.1,0,100,F,0,0.5,1.1,4.9,135.1,4.4,0,0.5,1.1,1.1,0.5,0.5,0.5,4.9,4.4,442.8,392.1,0,192.8,253.8,442.8,84,190.2,62.4,164.5,13.4,35.3,4.1,10.5,2,9.6,2.9,13.4,6.1,12.8,2.6,0,3.8,0,0.9,0.3,7.3,7,312.1,403.1,41.4,5,2.3,14,6.7,3.2,1.8,0,0,0,0,0,0,0,0,0,0.3,0,0,0,0,0,0,0,0,0.2,0,0,0,0,0,0,0,0,0,87.2,88.6,93,95.5,90,88.4,90.3,88.6,76.9,89.5,89,86.6,87.5,95.5,91.3,83,92.9,97.4,84.6,91,92.1,82.7,81.1,96.9,98,88.1,,87.8,86.8,87.2,91.3,92,83.5,92.2,91.4,93.6,79.8,88.3,93.5,91.8,100,87.9,90.1,88.2,89.7,91.4,100,90.9,96.4,93.5,89.1,95.6,93.7,97.4,90.4,85.5,90.2,87.6,0,0,5,23.1,41.7,41.5,43.8,37.2,36.3,24.4,15.6,50.4,39.4,56.4,5,37.3,5.3,51.1,12.2,0,14.4,3.2,62.7,37.4,37.9,30.6,37.9,38.2,17.6,13.1,66.8,20.3,23.9,14.2,15.4,29,56.5,20.2,33.3,25,23.9,12.3,35.1,39.3,89.5,43.5,61.8,56.5,21.5,67.6,48.3,5.2,47.6,30.7,43.9,27.7,,,31.3,20.2,36.1,38.6,36.1,38.4,41.6,37,33.6,38.9,41.4,37.9,31.4,38.4,33,45.1,26.7,,40,36.2,68.5,41.6,52.3,48.4,49.9,51,40.3,55.3,25.6,43.6,41.1,52.5,42.3,39.9,46.2,42.5,28.6,46.8,38.8,45.9,38.7,45.9,27.6,40.7,26.2,46.2,42,47,44.1,30.8,39.1,40,41.5,38.3,305.5,76,29.3,22.2,25.9,19.8,13.6,6.7,7.1,8.8,3.6,4.3,4.7,2.7,3.6,3.7,,1.4,0.7,0,0,2,9.4
C27170,시군구,2023,대구광역시,서구,164088,947192,26.2,2.4,16.9,392,1.8,94,135.7,10,50.3,37.3,13.9,29.3,6.8,F,17.3,0,100,F,0,5.8,5.8,46.2,715.8,63.5,0,0,5.8,5.8,0,11.5,0,46.2,63.5,951.9,1356,0,271.8,271.8,951.9,64,182.8,59.1,172.5,9.8,36.6,4.3,18.9,1.2,6.7,1.8,7.3,6.1,16.5,3.7,0,7.3,0,4.9,1.8,26.8,24.4,353.5,518.6,139.6,8.5,12.2,68.3,31.7,41.4,11.6,0,0,0,0,0,0,0,0,0,0,0,0,0,0,0,0,0,0,0,0,0,0,0,0,0,0,0,0,93,90.1,94.9,90,91.2,90.7,92.2,91.6,89.1,93.1,92.9,92.6,90.4,95.5,93.7,94.1,94.6,99.1,88.3,91.1,96.7,87.3,94.4,98,99.3,91.8,,92.4,89,88.7,93.2,93.1,96.2,94.3,92.8,96.8,85.2,94.7,94.9,96.6,100,99.3,95.3,95.3,94.4,94.9,75,93.8,98.8,94.9,93.2,96.2,93.9,98.8,92.8,91.3,91.2,93.3,0,0,3.4,0,8,6.5,0,16.5,14,6,0.3,16.8,23.3,2.6,2.6,4.4,0,17.3,14.1,39.4,48.5,3.4,18.3,28.8,53.2,36.2,54,53.9,18.9,20.1,0.5,21.9,19.7,25.6,3.5,11,23,33,36.4,34.3,22.2,18.3,25.5,21.3,50,17.4,4.1,23,30.7,30.2,25.8,0,12.6,22.8,30.6,13.5,,,100,,24.1,24.1,,30.9,33.6,18.1,40,36.9,38.1,18.9,71.4,22.8,,30.8,19.5,19,34.2,46.9,55.1,31.2,31.3,31.2,28.5,28.2,24,24,100,23.2,21,26.8,23.4,30.7,27.1,29.9,10,16.4,32.1,30.4,41.6,35,30.8,30.4,22.9,27.1,41.5,55.1,47.2,0,27.4,27.8,46.7,34.2,365.4,90.4,28.2,28.8,28.5,21,12.2,8.1,16.7,8.7,5,4.5,6,4.1,4.6,3.5,,2.7,2.7,0,0,5.5,5.4
C27200,시군구,2023,대구광역시,남구,139187,798555.7,26.3,2.3,20.2,499,0.9,108,137.8,10.1,52.2,35.4,10.6,28.8,7.4,F,17.4,0,100,F,11.5,11.5,22.9,51.6,688.5,45.9,5.7,11.5,22.9,17.2,11.5,11.5,11.5,51.6,45.9,2113.7,1142.3,1327.7,1327.7,1618.7,2113.7,556.8,689.7,353.5,481.4,91.2,121.4,28,42.4,12.2,17.2,25.1,30.2,15.8,26.6,15.1,0.7,7.2,0,9.3,1.4,21.6,19.4,2102.2,2299.8,126.4,15.8,6.5,84.8,28,42.4,15.8,0,0,0,0,0,0,0,0,0,0,0,0,0,0,0,0,0,0,0,0,0,0,0,0,0,0,0,0,93.1,93.1,94.6,100,90.4,90.1,91.7,91.5,82,92.2,92.6,92.8,92.3,98,91.8,89.2,93,99.5,85.7,93.4,97.4,76.9,82.1,96.1,98.9,90.9,,91.4,90.7,90.9,94,93.8,98.2,95.5,96.2,94,85,93.4,96.4,95.3,100,96.7,94.7,94.8,91.8,96.3,50,92.7,97.2,96.4,89.1,92.1,94.8,99.3,89.5,88.2,88,92.6,62.3,64.9,0,57.6,53.4,52.8,56.8,43.4,54.4,36.5,24.5,30.2,29.1,56.7,6.2,54.3,5.2,53.8,23.3,19.3,23.6,3.6,50,41.9,39.1,39.4,37.1,37.2,20.9,21.6,1.8,22.4,21.1,25.5,49.6,53.1,58.9,46,11.1,38.9,45,44.6,44.4,56.1,0,43.1,29.9,58.9,20.9,43.1,30.1,5.3,27.4,24.3,17.9,35.7,9.6,9.2,0,4.2,9.6,11.4,9.6,11.8,13.2,9.3,10.6,8.5,18,12.1,7.1,9.1,9.5,12.2,12.9,5.4,11.7,11,23.6,14.3,26.5,15,23.4,23.1,13.1,13.2,3.3,12.1,12,12.2,9.4,11.9,12.6,11.1,5.3,10,11.8,10.5,14.3,14,0,12.7,5.7,12.6,15.3,25.9,23.4,10.4,17.4,17.5,18.6,16.2,325.1,82.5,28.6,31.6,25.4,22.2,8.9,11.3,12.6,5.7,4.6,4.5,7,3.2,4.3,3.7,,2.2,2.2,0,0,0,13.1
C27230,시군구,2023,대구광역시,북구,419624,446661.3,17.6,1.9,21.5,1769,1.1,96.6,108.4,15.5,50.4,26,17.7,22.5,3.2,F,93.9,0,100,F,1.1,1.1,2.1,24.5,289.5,12.8,0,1.1,2.1,1.1,1.1,4.3,3.2,24.5,12.8,882.9,544.5,225.2,225.2,263.1,882.9,92.9,190.2,88.2,181.4,17.2,36.9,6.7,12.4,7.1,14.5,8.8,16,4.3,12.2,2.9,0.2,4.3,0,5.5,1,10.2,9.5,523.3,633.7,70.3,6,4.1,84.4,13.6,46.9,5.2,0,0,0,0,0,0,0,0,0,0,0,0,0,0,0,0,0,0,0,0,0,0,0,0,0,0,0,0,91.7,89.1,97.3,95.9,90.8,90,91.3,90.5,86.2,92,90.3,90,92.4,97.9,92,90.5,95.8,99.4,84.2,91.7,94.1,84.6,92.9,98,98,91,,90.9,89.6,89.5,92.9,93.4,89.1,94.4,94.3,94.5,82.3,91.9,95.1,94.1,68.8,90.3,93.6,92.3,92.1,94.1,93.3,93.3,98,95.1,91.1,96,94,99.4,91.4,88,89,91.1,44.9,0,67.7,30,32.1,33.2,34.1,40.1,34.1,21.8,51.1,72,32.4,33,64,14.1,67.9,48,56.8,5.7,7.8,2.1,52.1,42.8,50.4,43.5,51.6,51.2,58.5,65.2,0.6,61.4,60.4,63.1,44.8,29.8,44.6,54.1,0,45.5,36.3,37.1,43.2,55,0,47.9,1.5,44.6,33.3,66.7,39.1,67.8,31.5,31.3,38.3,35.3,21.6,,52.3,16.3,21.6,24.8,21.6,30,23,26.1,37.9,31,51,29.5,42.3,22,45.3,41.4,24.6,16,43.4,33.9,65.5,32.4,39.3,34.5,41.9,41.9,26.5,26.6,7.4,28.5,27.8,29.8,16.9,31.2,43.1,30.3,0,23.9,28.6,29,26.3,45.7,0,27.3,29.2,43.1,46.6,52.8,57.7,43.1,44.5,43,47.7,31.6,300,82,23.2,24.3,23.5,17,10.6,7.3,9.3,9,5,5.9,4.9,3.3,4.5,2.1,,3.6,2.4,0,0,3.6,12.6
C27260,시군구,2023,대구광역시,수성구,407331,532208.3,18.4,1.6,21.8,1226,0.7,103.6,105.6,17.9,51.8,26.1,28.6,17.9,3.4,F,76.5,0,100,F,0,0,1.3,17,522.6,13.1,0,0,1.3,0,0,5.2,5.2,17,13.1,248.7,510.2,0,0,64.8,248.7,32.2,186.6,31.9,180.9,4.4,31.4,2.2,11,8.6,15.7,3.9,15,2.7,11.3,0.5,1.5,2,0,1.5,1.2,9.8,9.1,148,314.5,67.8,2,2.2,25.8,21.1,12.3,9.6,0,0,0,0,0,0,0,0,0,0,0,0,0,0,0,0,0,0,0,0,0,0,0,0,0,0,0,0,85.6,89.8,97.3,97.9,85.2,83.3,86.8,85.2,65.1,87.2,85.9,84.5,83.2,94.6,89.8,77.6,93.1,97,80.9,88.3,95.6,82,85.2,95.8,97.6,86.9,,88.5,89.6,89.6,93.7,93.5,96.2,94,93.3,95.3,69.6,88.8,94.8,92,50,88.6,89.4,88.3,87.4,92.9,92.9,89.6,94.4,94.8,86.1,93.2,93.8,96.8,89.6,82.5,88.6,87.3,0,0,86.2,0,0,8.6,0,16.7,10.5,10.3,38,46.3,22.5,2.5,75.9,0,82.6,26.1,31.7,0,2.5,0.5,58,24.9,43.1,29.8,41.7,42,38.6,37.5,48.8,35.2,30.4,43.6,2.2,7.4,34,14.3,0,0,10.9,12.6,11.1,37.2,0,15.7,0,34,12,36.9,22,80.3,26.6,16,14.3,17.2,,,22.6,,,46.7,,34.3,49.8,44.2,21.9,36.7,28.8,54.9,21.2,,20.4,53,28.5,,100,25,59.8,37.9,41.6,41.5,41.9,41.8,33.3,36.7,19.7,33.5,29.8,39.4,46,38.8,46.3,37.6,0,0,35.8,39,38,46.2,0,36.4,0,46.3,39.4,48.6,41.9,20.2,31.7,34.9,36.3,30.9,268.6,68.4,24.2,24.4,22.3,15.5,9.1,6.4,7.5,5.3,3.7,4.6,4.2,3.5,2.8,2.3,,5.1,3.4,0,0,4.3,10.2
C27290,시군구,2023,대구광역시,달서구,527781,846192.6,17.8,2,21.3,2055,1.3,91.9,115.1,15.6,50.9,26.8,21.1,20.7,4.1,F,62.4,0,100,F,1.6,3.2,9.6,43.3,659,19.2,0,1.6,9.6,4.8,1.6,8,6.4,43.3,19.2,941.7,412.1,184.2,271.1,444.1,941.7,155.2,266.8,119.6,225.9,21.8,43.2,12.5,17.6,7.6,14.8,4.5,14,11.9,19.3,3.6,0.4,5.5,0,3.4,0.6,6.4,5.7,668.8,765.7,39.8,6.1,2.8,47.9,10.8,19.3,4.7,0,0,0,0,0,0,0,0,0,0,0,0,0,0,0,0,0,0,0,0,0,0,0,0,0,0,0,0,91,88,96.6,91.1,88.7,88.2,90.6,90.1,81.3,91.4,90.4,91.8,92.3,96.3,92.2,89.3,96.9,99.7,85.1,91.1,93.7,93.1,98.3,97.5,98.6,89.9,,90.6,90,90.5,91,91.8,80.5,91.5,92.5,89.5,80,92,95.6,93.9,94.7,96.6,93.4,93.5,91.4,93.4,81.8,92,96.2,95.6,90.5,91.6,95.2,99.4,91.4,88.7,90.8,92.5,27.5,0,81.7,27.6,26.6,40.7,25.6,45,44,56.4,68.7,30.1,64,41,80.7,33,88.7,39.7,30.3,49.8,78.5,31.8,62.8,41.8,32.9,41.9,35.7,35.6,31.7,34,0.4,30.5,28.1,35.6,27.5,42.7,33.7,29.9,36.8,25.7,47,45.1,47.2,39,27.3,41.5,23.4,33.7,55.8,56,74.5,88.3,62.8,59.4,68.1,64,21,,36.3,12.1,20.8,26.1,21,29.7,32.7,27.9,27.5,38.9,28.8,26.9,33.6,22.9,34.5,33,23.8,29.5,54,38.4,48,32,45,31.7,42.3,42.1,26.7,26.7,14.3,28,28.5,27.2,21.6,23.6,35.2,26.7,28.6,30.5,27.6,25.2,32.3,33.2,17.6,31.3,22.6,35.2,25.2,42.9,32,33.8,32,29.9,35.7,28.8,297.8,76.5,24.8,24.8,24.6,15.9,10.5,7.1,6.7,6.8,4.2,5.6,5.2,4.3,4.1,3.8,,5.5,4.5,0,0,4.5,14.8
C27710,시군구,2023,대구광역시,달성군,262084,61182.8,15.3,1.9,21.5,1634,1.9,91.7,107.7,19.5,49.3,23.2,29.3,19,3.1,T,428.4,22.2,91.9,F,0,0,0,1.6,29.4,2.1,0,0,0,0,0,0.5,0.2,1.6,2.1,227,668.1,0,0,0,227,19.5,90.8,17.2,83.6,4.2,18.3,0.4,6.1,1.1,5,0.8,8.8,3.1,7.6,0,0.4,3.4,0,0,0,11.1,9.9,54.9,153.8,69.1,1.9,5,6.9,6.9,0,0,0,0,0.1,0,0,0,0.4,0,0.2,33.1,0,0,0,0,0,0,0,0,0.4,0,0.2,0,0,0.2,0.3,0,0,0,91.8,84,96.3,95.1,89,74.3,90.1,77.7,48.3,81.1,80.1,83.5,87.3,83.7,85,57.9,92,94.9,75.6,84.7,72.2,83,83,75.2,89.5,80.6,,80.5,80.8,80.8,66.3,68,44.1,66.6,61.5,73.6,70.4,81.7,90.2,78.2,83.3,82.5,83.9,81.6,80.1,86.7,33.3,81.2,76.5,90.2,83.1,82.5,90,94.5,83,83.5,85.3,85.5,0,0,24.7,0,0,0,0,7.7,8.1,0.8,14.3,16,13.2,0,27.5,0,19.8,18.1,0,0,0.8,1.2,0,16.5,40.4,19.5,38.2,38.3,1.1,1.2,0,1.6,1.2,2.2,0.7,2.4,25.6,0.8,0,0,4.9,3.4,10.9,25.2,0,9.2,0.2,25.6,7.6,25.3,15.2,19.3,13.3,14.1,20.6,9.9,,,76.1,,,,,61,50.8,58.4,72.9,80,54.8,0,69,,77,74.4,,0,37.5,54.5,0.3,36.3,30,30.9,28.4,27.9,7.5,7.5,0,13.2,16.3,11.6,55.7,61.5,77.9,39,0,0,60.3,51.8,44,71.3,0,52.7,100,77.9,38.8,68.9,57.9,77.2,56,49.9,55.4,50.4,313.2,72,25.8,20.3,33.1,19.4,11,8.9,8.2,5.9,6.8,6.1,6.4,4.4,3.6,3.3,,1.2,0.6,58.4,1.8,1.8,12.1
C28110,시군구,2023,인천광역시,중구,158958,113234.2,15.7,1.4,23.6,871,2.7,95.6,85,16.7,48.2,22.2,39.5,19.3,3.2,F,140.4,18.2,100,F,0.7,0.7,1.4,2.8,49.9,2.8,0.7,0.7,1.4,1.4,0.7,2.1,0.7,2.8,2.8,777.6,403.3,571.2,571.2,691.4,777.6,281.8,356.1,178.7,247.2,49.1,58.5,10.7,16.4,5.7,8.2,15.1,20.8,8.8,14.5,6.3,0,4.4,0,2.5,0,5.7,5.7,1048.1,1112.9,30.8,3.1,3.1,13.8,4.4,4.4,0,0,0.1,0.1,0.4,0.1,0.1,2.5,0,2.3,54.7,0.1,0,0.3,0.3,2.2,1.8,1,0.3,54.7,2.2,2.2,1.9,2.1,1.5,2.5,2.3,2.3,0.3,98.8,89.9,90.2,76.3,79.9,63,82.7,66.5,30,65.9,65.3,53.3,62.2,64.1,63.8,35.4,64.5,72.4,71,71.1,75.1,65.4,54.2,60.4,78.5,67.3,,66.6,76.7,75.4,68.2,68.7,64.8,72.9,72.3,74.4,50.3,69.4,77.2,72,87.5,85.2,64.4,60.7,60.7,70.5,85.7,70.8,37.8,77.2,56.8,80,68.9,70.9,69.6,63.7,64.3,62.5,55.5,68.8,2.5,35.6,37,37.7,36,31.4,39.6,26.6,10,27,27.3,42.1,4.2,45.2,0.9,27.2,2.6,14.3,13.1,39.6,32.9,31.6,32.2,32.5,43.8,42.6,2.6,2.9,0.6,1.4,0.5,3.5,30.7,48.8,37.9,18.1,0,50,38.5,29.7,39.3,46.8,0,40.1,16.6,37.9,12.9,45.5,34.1,5.6,26.3,26.1,34.7,32.4,9.6,9.6,8.1,9.9,9.6,11.6,9.6,12.2,13.8,12.1,10,9.7,20.8,10.5,14.7,13.5,8.3,11.2,9.7,10.1,11.3,13.9,27.9,14.4,33.7,18.3,34.4,33.7,13.4,13.5,10.5,11.1,7.5,13.6,9.6,12.2,14,12.5,0,11.8,13.7,13.1,15,14.5,0,11.6,10.2,14,17.1,13.1,18.7,8.6,12.4,14.1,30.2,12.6,309.2,79.2,25.2,27.4,18.9,23.6,10.1,12.6,5.9,6.3,7.2,5.3,13.6,4.4,3.9,4.8,,3.5,0,0,0,0,6.9
C28140,시군구,2023,인천광역시,동구,59482,820737.7,25.6,2.6,18.9,197,2.2,103,114.5,12.6,49.9,34.5,13,20.9,4.3,F,7.2,0,100,F,0,13.8,27.6,27.6,593.3,0,0,0,27.6,27.6,0,13.8,0,27.6,0,849,0,0,509.4,849,849,107.6,200.1,105.9,190,21.9,37,11.8,20.2,1.7,8.4,1.7,5,10.1,28.6,3.4,0,6.7,0,3.4,0,0,0,643.9,672.5,0,18.5,0,30.3,0,3.4,0,0,0,0,0,0,0,0,0,0,0,0,0,0,0,0,0,0,0,0,0,0,0,0,0,0,0,0,0,99.5,96.2,100,93.9,92.4,86.8,94.3,90.3,83.4,89.8,90.4,86.3,86,96.1,89.1,89.8,91.4,96.5,91,85.7,91.1,74.7,96.1,82.8,99,90.6,,90.3,91.3,91.7,91.6,90.9,100,90.2,89.8,90.9,83.9,92.1,95.1,87.6,0,97.8,91.5,88,90.1,90.6,100,91.3,90.5,95.1,91.7,95.5,90.2,95.5,92.1,90.9,92.7,90.5,0,0,0,0,8.3,19.2,0,16,19.2,15,0,15.5,20.8,13.4,0,23.4,0,14.5,9.7,19,38.2,13.8,24.2,11.8,0,9.8,3.6,3.6,5,5.5,0,1.8,1,3.3,3.7,8.1,17.7,10.9,,30.4,16.5,15.4,16.8,18.4,0,11.5,20.7,17.7,42.6,19.9,26.7,0,29.3,23,32,21,,,,,15.6,25.1,,25.1,25.2,30.2,0,60.3,31.1,31.8,,23.3,,20.5,20.9,2.7,12.5,30.8,65.2,25.1,,28.1,21,21.5,20.9,20.9,0,14.7,12.5,16.5,18.6,33.1,20.4,27.1,0,18.9,29.1,27.2,23.3,27,0,27.4,17.3,20.4,29,41.6,36.8,0,36.5,24.8,34,25.4,336.4,88.4,20,41.2,19.5,18.4,11.3,14.6,9,8.2,3.5,3.9,18.9,3.3,4.8,3.3,,4.3,4.3,0,0,4.3,37.3
C28177,시군구,2023,인천광역시,미추홀구,405995,1634527.8,19.7,1.9,21.4,1789,2.4,97.7,103,13.5,49.7,28.1,14.2,23.3,4.4,F,24.8,0,100,F,0,0,8.1,56.4,893.8,52.3,0,4,8.1,12.1,4,24.2,12.1,56.4,52.3,420,717.3,0,0,141.9,420,70,162.3,68.2,153.7,10.3,28.3,4.9,10.6,11.6,17,3.4,10.1,8.1,13.8,1.7,2,3.2,0,1.2,2.2,14.8,12.8,268.5,390.4,76.6,4.7,4.9,33.7,26.6,5.2,15,0,0,0,0,0,0,0,0,0,0,0,0,0,0,0,0,0,0,0,0,0,0,0,0,0,0,0,0,99.2,95.3,96.8,92.3,90.9,84.5,92.9,88.1,85.5,88.9,87.9,82,87.9,87.2,90.2,90.4,92.6,97.2,88.9,86.1,94.4,86.9,80.1,75,96.7,89.9,,91.3,93,92.8,95.3,95,97.1,96.4,96.1,96.8,77.2,91.5,91.8,92.1,81.8,94.8,88.4,87.9,86.6,87.8,93.3,91.6,90.4,91.8,89.6,92.1,90.6,96.3,92.8,92.6,90.3,88.4,0,0,83.9,26.9,0,25.5,21.4,31.9,25.3,33.6,65.5,42.5,46.2,27.1,79.8,18,92.1,19.7,27.5,0,18.6,34,61.7,39,58.4,39.9,52.1,52.5,40.5,46.9,0.3,36.8,33.1,43.8,6.2,12.9,30.5,25.9,36.4,24.8,23.3,16.3,29.2,17.5,76.4,26.8,9.4,30.5,44.6,36.8,45.7,86.9,44.3,56.6,48.4,26.9,,,24.6,18.9,,58.5,60.5,44.5,54.7,43.1,27.4,28.1,44.9,61,25.8,52.8,26,55.5,40.9,,56.6,47.7,66.7,41.1,36.9,38.9,37.7,37.4,40.4,40.4,66.7,39.5,39.1,40.2,33.1,49,52.9,49.8,50,48.1,48.3,42.4,50.6,48.7,62.4,53.7,25.4,52.9,39.5,58,48.2,25.9,45,48.3,46.3,44.6,267,77.3,18.8,18.9,21.6,17.5,13.6,6.6,8.2,6.8,6.4,4.1,7.7,5,1.5,4.3,,5.3,3.5,58.4,1.2,6.4,18.4
C28185,시군구,2023,인천광역시,연수구,392416,698365.7,12.2,1.3,24.4,2032,1.8,91.5,83.8,20,50.4,19.6,30.9,14.2,2,F,56.2,0,100,F,0,0,3.6,10.7,428.9,5.3,0,1.8,3.6,3.6,0,5.3,0,10.7,5.3,171.2,173.5,0,0,100.4,171.2,22.7,132.8,22.2,123.6,4.6,20.1,1.3,7.9,0.5,6.4,2,11,2.3,9.9,0.8,1,0,0,1.3,0.8,4.1,3.8,101.2,178.6,19.1,1.3,1,17.8,8.4,8.7,4.8,0,0,0,0,0,0,0,0,0,0,0,0,0,0,0,0,0,0,0,0,0,0,0,0,0,0,0,0,99.2,92,91.3,80.4,78.9,74.9,84,80.2,73.7,81.3,79.5,70,78.2,81.6,83.9,83.9,90,91.4,82.3,79.2,91.2,73.2,83.9,54.5,96,81.9,,83.8,86.8,86.8,91.3,87.7,98.2,91.6,91.8,91.1,64,85.3,87.6,84.5,60,76.5,80.9,80.5,76.8,84.8,77.8,88.3,79.2,87.6,80.7,90.6,88.2,90.6,88.9,86.3,83.3,84,0,0,24.4,0,0,20.9,20.5,22.2,21,17.1,3.6,33.1,32.8,24,28,23.9,0,22.8,44.6,0,18.2,18.2,64.1,22.4,23,20.6,31.9,32.3,39.2,31.8,53.7,37.6,41.5,24.2,3.6,15.4,45.9,25.2,20,3.9,15.2,15.2,28.7,30.6,44.4,29.7,0,45.9,23.9,45,41,0,37,35.8,38.1,27.1,,,71.9,,,65.8,65.6,54.7,65.4,68.3,66.8,53.5,63.7,67.5,69.9,61.6,,65.8,28.6,0,70.3,62.9,75.3,51.9,43.4,49.8,44.9,44.3,30.7,38.2,25,26.9,28,21.6,56.3,59.1,54.7,46.4,100,20,55,56.7,62,57.8,70.6,50.8,0,54.7,61.8,68.9,69.4,0,63,63.3,64.4,61,323.2,88.6,22.3,25.5,21.3,25.4,14.1,9.7,8.3,9.7,4.2,7.5,11.5,4.7,3.1,5.3,,2.5,1.5,0,0,2,9.1
C28200,시군구,2023,인천광역시,남동구,492415,857068.4,17.4,2,22.1,2018,2.3,91.1,99.5,15.4,50.3,26,19.6,20.8,4.2,F,57.5,0,100,F,1.7,1.7,3.5,24.4,644,26.1,1.7,1.7,3.5,3.5,1.7,7,1.7,24.4,26.1,588.9,569,277.6,277.6,327.4,588.9,131.2,257.3,89.6,201,21.3,42.6,7.5,15.8,2.2,10,3,11.8,10,18.1,2.6,0.6,4.3,0.4,3,1.8,12.2,10.6,531.9,665.9,67.8,5.5,5.1,52.2,21.3,15,13.2,0,0,0,0,0,0,0,0,0,0,0,0,0,0,0,0,0,0,0,0,0,0,0,0,0,0,0,0,99.4,95.1,97.4,98.3,92.4,84.1,92.9,85.3,81.8,86.4,84.2,80.8,84.6,82.7,89.1,88,92.6,96.7,85.6,81.9,92.7,83.5,87.1,59.7,97,87.5,,90.1,89.6,89.4,92.9,90.4,99.1,92.5,93.1,90.8,74.9,90,87.5,86.6,57.1,78.1,88.2,87.9,81.1,86.9,89.3,90.7,90.1,87.5,87.9,90.5,91.2,96.1,90.2,89.5,89.3,88.3,54.5,72.8,18.5,24.9,46.4,44.8,43,43,42.5,31.2,14.1,19,53.2,53.6,21.5,47.2,2.9,45,50.3,32.7,39.1,16.8,74.2,45.5,52,55.7,55.6,54.6,43.5,53.1,19.9,34.6,29.7,49.8,37.3,58.2,33.1,52,42.9,20.3,51.8,57.3,42.1,40.9,0,50.9,20.5,33.1,46,45.6,55.8,3.6,45.5,40.2,52.7,48.8,35.4,35.4,41.7,17.1,35.4,37.6,35.4,36.6,34.6,34.6,28.6,49.1,39.7,42.9,38.2,33.9,24.2,42,26.8,27.6,43.6,30.8,64.5,36.9,37.6,36.2,36.4,35.9,30,30.6,26.7,27.8,28.3,26.9,29.2,36.3,44.7,28.2,50,28.3,34.5,32.5,35.1,40.1,0,38.7,30.8,44.7,34.5,49,49.4,23.9,37.5,36.4,44,35.2,321.8,87.7,21.2,26.8,20.6,20.8,19,10.9,7.7,9.7,2.6,4.7,9,3,2.3,3.9,,3.8,1.1,0,0,2.7,12.4
C28237,시군구,2023,인천광역시,부평구,494138,1543920.3,17.7,2.1,22.4,2259,3.4,93.9,102.9,13.8,50.8,26.6,16.9,20.2,4,F,32,0,100,F,3.1,6.2,9.4,31.2,1034.2,18.7,0,6.2,6.2,9.4,3.1,15.6,6.2,31.2,18.7,466.9,183.6,159.9,227.5,278.9,466.9,107.7,202.6,87,172.8,17,33.8,6.3,11.9,3,9.1,3.2,9.1,5.9,12.5,2.6,0,2.4,0,2.8,1,4,3.6,403.5,481.8,23.5,6.9,2.2,30.6,14.8,10.5,9.3,0,0,0,0,0,0,0,0,0,0,0,0,0,0,0,0,0,0,0,0,0,0,0,0,0,0,0,0,99.2,91.5,94.6,94.2,93.3,85.9,93.2,86,84.3,87.2,84.9,82.3,86.5,86.4,88.1,88.3,91.5,96.1,87.3,84.8,94.6,84.7,88.8,87.3,97.7,87.9,,89.2,87.2,87.8,95.5,94,98.2,96.1,96.7,93.8,76.8,88.3,90.8,88.6,90.9,87.5,86.6,87.1,85.2,89.6,96.7,90.4,93.8,90.8,88.6,91.7,91.2,95.3,88.8,87.6,89.7,87.8,53.9,0,32.8,14.1,39.7,41.5,43.2,42,43.3,51.5,38.6,17.4,44.4,40.6,31.8,48.1,35.6,30.3,45.7,65.3,58,37.6,64.7,41.3,39.1,42.6,29.4,30.9,58.2,41.3,88.9,65.6,73.1,36.6,45.4,37.7,46.6,28.4,27.3,12.5,45,43.6,44.7,57.8,0,47.6,78.9,46.6,40.7,31.5,49.4,35.1,39.5,48.7,42.4,50.6,43.8,,61.8,32.2,42.5,45.5,46.7,42.6,43.7,44.5,50.9,52.6,52.3,53.7,60.5,50.7,66.8,46.8,39.4,13.1,21.7,53,76,44.4,51.5,48.5,57.5,58.7,42.5,56.2,35.3,41.5,41.1,45.1,38.2,49.2,53.4,46.9,75,68.8,42.5,42.4,42.4,47.4,0,44.9,25.8,53.4,42.9,56.6,62.1,65.1,48,42.3,55.3,42.4,300.3,79.3,20,22.1,22.4,19.4,18.5,9.2,9.8,7.1,4.4,6,10.1,4.1,3,5.8,,3.7,0.9,0,0,3.7,17.2
C28245,시군구,2023,인천광역시,계양구,280266,615078.5,16.8,1.8,21.2,1069,1.9,92.1,101,13.1,50.2,27.3,16.6,21.5,3.2,F,45.6,0,100,F,0,4.4,4.4,19.8,379.7,13.2,0,4.4,4.4,4.4,0,6.6,2.2,19.8,13.2,554.1,410.7,0,254.8,254.8,554.1,89.2,177.7,85.3,169.1,20.3,36,4.6,11.8,4.3,9.3,2.9,12.5,6.4,13.2,2.1,0.4,6.1,0.4,4.6,1.1,8.9,8.6,444.6,560.2,52.5,8.6,3.9,74.6,13.6,46,8.9,0,0,0,0,0,0,0,0,0,0,0,0,0,0,0,0,0,0,0,0,0,0,0,0,0,0,0,0,98.8,93.7,91.9,90.6,95.6,89,94.9,88.2,84,89.3,87.3,86.1,87.5,90,90.4,88.6,92,97.3,87.9,87.7,92.5,90.3,95.6,89.4,97,89.2,,89.1,89.3,88.5,94.5,95.6,91.2,95.5,94.2,97.5,80.5,89.2,92.3,92.5,90.9,88,88.1,89,87.8,89.5,99,91.2,94,92.3,91.2,92.8,91.7,96.9,92.6,90.3,91.5,88,0,0,35.3,0,46.5,43.9,46,45.1,38.8,41.4,21.8,36.7,52.8,56,24,38.1,31.7,39.5,59.2,0,43.4,33,67.7,45.6,47.4,50.3,55.5,54.2,52.6,69.1,0.3,49.7,34.9,74.3,12.2,58.9,48,70.4,18.2,72.1,47.3,48,50.2,36.1,85.4,47.7,6.3,48,57.8,59.5,59.5,30.6,55.1,54.3,59.6,40.3,,,82.4,,55.4,55.4,55.4,42.1,45.6,56.5,66.5,71.8,55.4,58.7,74.5,44.9,78.1,53,18.8,,51,38.3,78,41.8,40.8,37.9,35.9,35.4,24.3,24.2,40,22.4,16.7,30.9,43.6,38.2,54,21.7,42.9,44.4,34.1,32.7,50.2,52.2,59.3,41.4,47.4,54,44.2,64.1,62.9,78.1,42.7,46.5,49.5,48.9,304.8,83.3,23.7,20.6,22.7,21.7,14.5,12.2,8.9,10.8,5.4,3.9,7.5,3.4,2.7,5,,0,0,0,0,0,10.2
C28260,시군구,2023,인천광역시,서구,624358,524421.2,12.4,1.5,24.1,3182,2.3,86.6,80.1,18.9,49.6,19.7,32,17.8,2.4,F,119.1,4.8,100,F,0,1.7,4.2,13.4,250.3,9.2,0,2.5,4.2,3.4,0,6.7,0.8,13.4,9.2,412.7,339.9,0,158.7,285.4,412.7,71,147.5,62.6,132.8,13.8,26.9,3.5,6.4,3.4,8.5,4.5,13,5.1,11.4,1.4,0.5,3.5,0,0.8,0.8,6.4,5.8,302.7,372.2,38.8,7.5,2.7,15.4,10.9,2.2,5.8,0,0,0,0,0,0,0,0,0,0,0,0,0,0,0,0,0,0,0,0,0,0,0,0,0,0,0,0,98.2,85.5,97.4,94.3,92.2,82.2,93,84.4,78.6,85.3,80.2,73.4,81.8,89.1,86,86.7,89.3,92.1,82.1,92.6,86.6,76.2,90.9,81.8,96.2,84.8,,81.3,84.9,84.4,86.6,88.9,79.5,86.7,83.6,95,65,80.5,93.2,87.2,94.9,89.3,78.4,75.9,76.2,87.2,93.4,87.5,83.1,93.2,86.3,93.3,90.3,90.5,90.8,85.3,89.6,83.5,0,0,50.5,0,52.2,58.3,59.4,52.4,48.6,40.3,43.9,51.6,54.8,69.8,54.8,51.1,47.2,74.6,7.3,28,50,56.3,75.8,51.6,47.4,39.7,54.2,53.3,17.5,23.3,0,15,12.7,21,27.3,36.1,69.4,25.2,88.5,49.6,31.1,28,42,52.3,74.5,53.3,2.8,69.4,47.6,70.5,68.4,43.6,60.2,46.7,64.3,45.5,,,59.9,,57.3,59.8,59.8,60.4,56.3,62.6,59.9,67.6,61.2,61.7,61.4,52.1,64.9,66.1,34.1,52.8,57.4,66.1,72.6,56.8,43.2,49.9,43.6,42.8,39.7,39.8,10,39.6,36.7,45.1,55.9,54.1,57.8,51.7,47.9,53.7,57.3,56.7,60.6,60.2,46.7,61.1,54.3,57.8,61,65.5,63.6,64.8,62.9,61.8,64.6,60.6,348.7,93.5,20.4,31.2,21.1,24.5,12.7,10.8,12.3,8.5,4.6,5.6,14.1,2.8,3.2,6.4,,3.3,1.9,0,0,3.8,13.1
C28710,시군구,2023,인천광역시,강화군,69005,16772.9,37.2,3.2,12.6,176,1.5,119,136.1,10.4,49.9,49.4,12.3,20.8,4.1,T,411.4,15.4,93,T,0,0,0.2,0.5,5.1,1,0,0,0.2,0.2,0.2,0,0,0.5,1,527.5,615.9,0,0,385.5,527.5,39.1,105.8,37.7,84.1,7.2,15.9,2.9,8.7,1.4,5.8,1.4,4.3,1.4,2.9,1.4,0,4.3,1.4,0,0,7.2,7.2,147.8,233.3,42,2.9,5.8,11.6,4.3,0,0,1.7,42.5,36.3,56.1,2,11.2,52.7,2,8,98.9,28.6,11.2,7.6,8,7.9,53.9,22.3,7.7,18,25.1,8,86.6,7.8,31.3,99.4,8,8,7.6,93.3,21.2,50,27.3,36.6,5.7,55.6,31.7,0.5,30.3,35.5,27,6.2,23.2,40.7,28.4,25,7.8,41.8,37.4,9.8,0,21.3,26.8,79.4,30.7,,31.1,38.2,39.9,11.2,13.1,0,9.6,9.6,9.6,7.8,23.4,52.7,24.8,0,36.1,33.9,29.7,32.7,55.9,12.5,28.2,2.4,52.7,29.7,56.2,54.6,7.2,45.2,37.6,44.6,33,0,0,0,0,0,30.9,0,26.4,36.6,25.9,0.6,2.7,30.9,34.8,0,42.1,0,29.1,0,0,19.1,29.3,70,26.4,26.4,28.7,35.3,36.8,0,0,0,0,0,0,7.4,20,43.6,18,0,33.3,31.1,28.9,29.6,51.5,6.3,24.9,2.4,43.6,19.2,56.4,50.8,0,36,31.6,36.1,31.4,,,,,,75.6,,75.6,75.7,78.6,75,75,76.6,74.7,,72.8,,73.3,,,52.9,80,91.5,61.3,35.6,62.8,60.4,63,0,0,0,0,0,0,78.5,75.4,71.4,82,0,92.3,78.7,78.8,74.6,78.2,100,73.7,100,71.4,64.2,76.7,78.2,0,79.1,75.6,72.9,71.6,312.9,86,19.8,22.5,26.8,19.2,6.5,5.4,18.3,4.7,3.6,3.8,4.6,3.8,6.3,3.7,,0,0,0,0,8.3,12.3
C28720,시군구,2023,인천광역시,옹진군,20377,11782,31.6,2.5,11.3,54,1,106,116.6,8.4,42.9,44,8.7,21.2,2.4,T,172.9,100,85.3,T,0,0,0,0.6,1.7,0,0,0,0.6,0,0,0,0,0.6,0,147.2,0,0,0,0,147.2,34.4,176.7,34.4,112.9,0,9.8,0,14.7,0,4.9,9.8,9.8,0,14.7,0,0,0,0,0,0,0,0,24.5,117.8,0,0,0,4.9,0,0,0,51.1,93.5,93.5,93.7,92.6,88.7,99,78.6,94.3,100,93.3,78.6,69.7,93.6,94.3,93.6,95.9,93.6,76.1,95.1,94.3,94.3,94.3,94.1,94.5,94.3,94.3,93.6,29.5,4.5,0,8.3,6.8,1.9,7.3,2.5,0,2.5,2.8,0.2,2.1,1.2,2.2,0,1.9,2.8,4.7,4,3.3,0,0,11.1,0.9,2.4,,1.2,1.2,1.2,2.5,3.9,0,3,3.4,1,1,2.7,5.3,2,0,12.5,1.6,2.4,3.3,4.2,0,3.1,0.9,5.3,1.3,3,1.3,5.1,1.8,1.6,1.5,2.2,0,0,0,0,0,0,0,0.5,0,0.7,0,0.6,0,1.5,0,0,0,0,0,0,6.7,0,0,0.4,0,0.2,0,0,0,0,0,0,0,0,0.2,0.5,0.6,0.2,,0,0.5,0.2,0.3,0,0,1.1,0,0.6,0,2.4,0.4,0,0,0,0,0.2,,,,,,,,94.1,,100,,100,,92.9,,,,,,,100,,,94.1,,100,0,0,0,0,0,0,0,0,100,100,100,100,0,0,100,100,100,0,0,95.5,0,100,0,100,50,0,0,0,0,100,381.8,80,22.7,35.7,34.5,17.9,14.5,7.1,21.5,7.2,2.2,2.2,3.9,4.2,20.4,4.1,,33.9,0,0,0,0,16.7
C29110,시군구,2023,광주광역시,동구,107176,217319.4,22.6,2,21.4,564,0.8,109.5,110,13.9,50.7,30.3,15.6,21.3,4.8,F,49.3,0,100,F,4.1,4.1,6.1,16.2,247.4,16.2,4.1,4.1,4.1,4.1,4.1,6.1,4.1,16.2,16.2,2580.8,1606.7,1798,1798,1911.8,2580.8,797.8,975,462.8,622.3,129.7,156.8,34.5,51.3,12.1,21.5,29.9,41.1,28.9,32.7,19.6,0,23.3,0,8.4,0.9,26.1,23.3,2465.1,2756.2,163.3,15.9,6.5,56,15.9,24.3,1.9,0,0,0,0,0,0,0,0,0,0,0,0,0,0,0,0,0,0,0,0,0,0,0,0,0,0,0,0,84.1,90.9,100,94.8,84.2,84.2,86.9,86.8,83.2,89.9,89.6,82.9,88.5,97.4,90.9,90.2,95,99.8,84.7,88.1,91.6,88.6,97,79,97.9,90.5,,90.6,92.2,92.4,90.9,88.7,99.4,90.1,94.6,81.8,77.2,90.5,95.1,88.7,75,89.2,90,90.4,87.5,92.5,100,90.2,90.4,95.1,90.8,94.4,94.9,99.6,94.4,91.4,95.4,88.4,64.9,90.9,6.3,93.1,45,32.1,44.2,25.8,28.3,35.9,13.9,16.8,20.1,47.6,5.1,54.4,1.5,14.8,23.7,36.5,39,12.9,55.3,26.6,28,31.3,30.2,29.7,19.2,20.2,15.6,11.1,7.5,17.8,18.4,38,14.2,27.3,75,21.6,35.1,37.8,20,13.8,0,34.8,26.6,14.2,18.8,8.8,30.9,3.1,14.4,19.3,29.9,17.3,5.7,5.7,12.1,5.2,5.7,5.7,5.7,7.1,6.4,8.1,5.1,7.7,8.8,6.4,4.9,4.8,9.5,6.7,17.3,5.9,12.7,5.5,21.9,9.3,19,9.7,18.5,18.4,17.8,18.8,14,12.9,8.9,19.8,5.5,6,7.6,5.5,11.1,12.5,6.5,6.4,6,8.2,0,7.5,6.1,7.6,11.1,15.8,10.3,8,12.4,12.5,16.9,9.3,320.8,79.2,24.7,32.3,22.8,20.7,6.6,5.4,4.1,8.9,4.1,9.4,3.8,3,6.1,4.6,,7.4,1.8,0,0,3.7,11
C29140,시군구,2023,광주광역시,서구,283991,594836.3,17,1.9,23.1,1196,0.9,99.4,91.6,16,51.1,24.6,17,21.6,4.1,F,47.7,0,100,F,0,0,10.5,54.5,580.2,20.9,0,2.1,8.4,4.2,0,4.2,2.1,54.5,20.9,882.8,675.7,0,0,354.2,882.8,95.8,257.1,95.4,241.9,15.1,38.4,5.6,16.2,8.8,19.4,10.6,16.2,11.3,16.2,1.8,0.4,2.1,0,0,0,10.6,9.5,376.8,570.4,59.5,5.6,2.8,27.8,7.4,0,0,0,0,0,0,0,0,0,0,0,0,0,0,0,0,0,0,0,0,0,0,0,0,0,0,0,0,0,0,79.5,86,96,92.2,79.1,79.1,88.9,88.7,74.9,90.7,89.8,86.3,86.6,97.7,91.8,87.9,94.5,98.8,84.9,93.4,89.3,90.7,91.5,91.8,96.3,90.9,,91.1,92.5,92.7,91.1,92.8,85.2,93.9,93.8,94.1,76.3,89,96.9,91.2,100,88.9,90.1,90,90.8,93.3,33.3,89.7,96.3,96.9,91.3,95.6,94.9,98.6,95,91.3,95.2,91.3,0,0,61.3,0,0,38.2,26.4,46.1,37.8,40.7,35.7,70.9,48.8,47.1,54.3,21.2,62.6,65.5,0,24.6,67.5,30.1,61.7,39,22.6,25.7,20.7,21.4,4.9,6.3,0,6,4.5,9.2,15.6,20.7,68.9,20.7,0,26.4,33.5,25.4,44.7,41.4,33.3,44.5,82.2,68.9,55.5,62.6,58.4,60.2,51.4,52.5,60.8,47.6,,,35.8,,,54.8,68.9,43,49.2,42,30.5,54.5,38.5,67.7,34.9,42.2,33.2,62.7,,28.3,34.9,48.7,57.2,40.4,31.5,33.9,32.8,33.2,42.3,42.3,0,41.9,36.7,48.9,41.2,41.8,54.2,38.5,0,34.5,39.3,36.4,35.7,56.4,100,47.6,16.9,54.2,23.9,59.4,53.4,33,36.7,26.7,41.7,43.9,295.2,80.8,23,29.3,27.5,15.3,5.9,5.9,4,8.5,4.5,6.2,4.5,2.5,3.2,2.2,,2.9,1,0,0,2.9,13.4
C29155,시군구,2023,광주광역시,남구,209646,343899.5,20.3,2.1,21.9,920,1.1,102.2,101.2,17.7,52.1,28,14,21.5,4.2,F,61,0,100,F,0,1.6,6.6,24.6,251,16.4,0,1.6,4.9,3.3,1.6,3.3,1.6,24.6,16.4,1022.2,1176.7,0,273.8,579.5,1022.2,119.2,248,100.6,221.8,27.7,47.7,6.2,13.4,5.2,13.4,10,16.7,11,17.2,1,0,1.9,0,2.4,1.9,19.6,17.6,505.6,711.7,109.2,3.8,5.7,30.5,34.8,8.6,11,0,0,0,0,0,0,0,0,0,0,0,0,0,0,0,0,0,0,0,0,0,0,0,0,0,0,0,0,82.2,88.8,97.3,90.3,84.5,84.4,88.9,88.8,83.5,90.8,89.8,86.8,85.5,97.4,92.4,90.1,95.1,99,86.4,92.7,92.3,89.9,93.4,81.3,98.5,91.3,,91.2,92.6,92.5,93.7,94.8,90.1,95.1,95.4,94.5,77.1,92.8,95.6,91.2,0,75,90.6,91,90.8,95.7,100,90.5,92.2,95.6,91.3,96.1,94.8,98.5,95.3,92.1,93.5,91.2,0,0,37,8.6,28.1,33.2,27,36.8,27.2,23.4,21.8,67.1,50.1,32.8,27.9,18,28.4,55.7,27,0,0.4,22.3,39.6,36,34.3,32.4,33.4,33.6,28.4,30.5,21.5,23.7,19.1,34.4,11,37.8,57.1,26.4,0,1.6,27.8,29.3,40.5,60.1,100,33.6,0,57.1,34.6,70.1,53.6,27.6,47.7,32.6,41.7,38.2,,,51.1,23.5,25.3,29.5,25.3,35.3,32.4,34.8,37.4,48.2,31,34.7,47,23.3,43.1,47.6,25.5,0,10,48.1,68,32,27,28.1,26.6,26.7,23.1,24.2,19.3,20.5,17.7,25.8,28.8,28.7,42.7,27.3,0,11.1,31.7,27.3,32.3,42.5,33.3,35.5,0,42.7,34.6,43.6,42,43.9,32.1,31.5,35.9,33,291.2,81.7,22,16.6,25.2,15.5,6,6.2,6.6,7.8,4.6,10.1,4.3,2.5,3.3,3.5,,4.8,1.2,120.3,2.2,2.4,17.7
C29170,시군구,2023,광주광역시,북구,421683,350640.8,17.6,2,22,1993,1.2,97.9,97.9,16.3,50.5,25.8,13.3,23.1,5,F,120.3,0,100,F,0,0,5,24.1,229.5,15.8,0,0,4.2,0.8,0,1.7,1.7,24.1,15.8,852.5,996.2,0,0,308.3,852.5,77.8,181.2,76.8,172.4,12.3,35.1,5.9,14.9,6.6,11.4,7.6,12.8,9,14.9,2.6,0.2,3.3,0,3.3,1.4,14.9,13.8,397.2,559.9,98.9,6.2,5.2,61.7,19,27.3,6.4,0,0,0,0,0,0,0,0,0,0.1,0,0,0,0,0,0,0,0,0,0,0,0,0,0,0,0,0,0,81.1,87.2,95.3,88,81,80.4,88.8,88.2,69.5,91,90.3,86,86.6,97.1,93.3,83.8,95.6,99.4,85.2,93,95.3,88.3,93.7,89.5,98.1,91.2,,91.1,92.7,93,93.4,92.7,96.4,94.2,95,92.6,75.3,91.2,96.9,91.5,81.8,85.3,91.3,89.9,92,94.9,100,90.9,94,96.9,91.3,95.4,95.4,99.2,95.1,93,95.7,92.4,0,0,82.1,0,0,33.6,0,44.6,41,34.9,51.6,55,57.4,21,76.3,11.4,83.7,52.8,58.8,31.9,17.5,63.7,64.1,45.4,47,44.7,51.9,52.7,58.7,61.2,48.3,61.8,58.7,68,14.1,30.9,62.7,49.4,9.1,70.5,43.2,32,48.6,60.4,100,43.5,0.1,62.7,51.2,61.1,66.8,83.3,49.6,56.4,57.2,50.4,,,38.8,,,55.3,,48.9,50,42.7,36.3,64.2,54.1,60.1,37.1,44.2,35.5,66.6,33.5,26.7,36.8,24.6,68.4,45.1,39.4,41.6,38.7,38.6,34.5,35.1,31.5,32.5,31.5,34.5,42.9,43.9,62.4,36.6,50,30,49.7,40.5,51.4,62.1,66.7,48.4,33.3,62.4,41.9,66.2,61.1,35,47.3,47.3,56.1,46.8,312.4,79.8,22.1,23.5,29.3,18.5,6.2,5.4,9.1,8.3,5.8,10.3,2.8,3.5,4.5,3.6,,3.8,1.1,0,0,1.1,16.9
C29200,시군구,2023,광주광역시,광산구,396741,178158.3,11.2,1.8,24.7,2191,2.2,98.8,81.5,20.4,49.6,17.4,20.6,19.8,3.5,F,222.7,0,100,F,0,0.9,3.1,10.8,99.7,7.2,0,0.9,3.1,1.8,0,1.3,0.4,10.8,7.2,954.3,1052.8,0,261.1,568.4,954.3,95.8,189.3,92.3,177.9,16.4,34,4.3,10.1,6.6,14.6,9.8,15.9,11.8,15.4,3.3,0.5,2.3,0.5,4,1,17.1,15.4,506.4,658.4,98.6,5.3,5.3,62.3,17.1,24.7,6.6,0,0,0,0,0,0,0,0,0,0.5,0,0,0,0,0,0,0,0,0,0,0,0,0,0,0,0,0,0,78.7,85,95.9,91.9,81.4,76.4,89.8,87.1,63.4,90.3,88.1,79.6,88.2,97.5,93.7,70.7,95.5,98.8,81.2,94.2,93.3,84.5,76.9,83.6,96.4,90.7,,90.6,94.3,94.1,92.2,93,89.8,91.8,89.2,98.1,63.9,88.2,96.7,90.2,66.7,84.8,89.4,88.6,91.2,95.2,0,89.7,93.9,96.7,91.1,97.5,94.9,98.5,96.4,92,96.6,89.9,0,0,46,0,29,55.6,45,58.8,54.2,35.4,51.2,77.8,67.6,48.8,49.3,31.4,56.5,78.1,47.5,23.5,38.1,45.2,76.2,56.5,50.4,50.7,58.1,57.3,43.8,47,34.8,37.1,32.9,47,17.8,47.9,77.5,44.4,33.3,32.3,51.6,49.5,52.9,78.6,0,56.3,11.4,77.5,44.2,87.9,74.5,55.2,73.2,50.9,73.8,55.9,,,54.5,,29.5,45.6,47.7,50,51.3,43.5,51.1,70.6,48.5,46.1,50.1,30.8,49.1,70,21.9,27.8,40,45.7,60.8,44.3,32.9,34.8,32.2,32.1,21.9,21.9,21.8,21.4,20.1,24,34.6,30,61.5,26.9,20,29.9,40.6,32,50.7,62.5,0,47.7,15.7,61.5,48.9,66.1,59.2,49.1,52.1,40.4,59.5,46.3,328.1,82.6,22.2,20.9,36.3,17.7,5.6,7.3,5.8,8.7,5.5,10.9,4,5.3,5.6,3.2,,3.7,1,0,0,2.1,15.9
C30110,시군구,2023,대전광역시,동구,217628,159209,21.9,2.6,20.3,906,1.5,100.8,121.2,14.2,49.7,30.5,11.1,25.2,5.4,F,136.7,0,100,F,0,0,0.7,2.9,120,9.5,0,0,0.7,1.5,0,2.2,0,2.9,9.5,201.3,1046.3,0,0,101.1,201.3,30.3,144.7,29.9,136,6,24.4,3.2,12.4,0.5,10.1,2.3,8.7,3.7,10.6,1.4,0,1.4,0,0.5,0,17.9,16.1,133.7,250.4,89.6,1.4,8.7,6.4,6,0.5,0,0,0,0,0,0,0,0,0,0,0.4,0,0,0,0,0,0,0,0,0.3,0,0,0,0,0,0,0,0,0,78.2,91.4,90.1,88.2,87.1,85.7,87.3,86,82.5,87.3,85.3,79.2,80.5,95,89.3,87.3,92.8,93.2,85.2,87.6,96.4,82.9,88.8,94.2,97.1,88.7,,90,91.5,91.8,95.4,92.8,99.7,97.7,97.4,98.4,74,90.1,94.7,91.4,66.7,94.9,88.5,86.9,85.4,89.9,96.9,88.3,94.7,94.7,85.4,94.3,91.1,92.8,88.1,87.1,87.7,88.2,0,0,45,0,0,8.7,0,11.1,8.4,10.7,5.1,34.5,15.8,8.3,49.1,9.5,0.8,19.9,1.4,0,7.1,87.1,20.6,24.8,49.8,32.3,58.1,58.4,0.7,1.1,0,0.4,0.3,0.7,0.9,6.8,18.2,4.3,0,0,15,10.6,20.5,22.4,0,8.3,0,18.2,13,29,16.8,0.8,12,20.3,33.7,18.4,,,47.6,,,42.1,,38.6,42.5,19.8,38.8,60,33.3,40.5,40.3,31.7,75,59.9,44.9,,27.3,14.7,44.3,38.6,38.6,38,37.6,37.6,44.9,44.9,0,58.1,76.9,44.4,39.3,39,47.2,36.1,0,0,38.6,41,42,43.6,0,42.3,0,47.2,27.3,55.5,37.1,75,29.4,34,33.4,32.2,340.6,80,22.8,25.4,25.8,19.7,25.8,4.8,10,8.1,2.4,13.5,3.5,2.9,1.7,1.9,,0,0,0,0,3.1,10.4
C30140,시군구,2023,대전광역시,중구,223256,358977.4,22.7,2.3,20.6,831,1.3,104.3,119.7,14.1,50.9,31.1,12.6,24.1,4.3,F,62.2,0,100,F,1.6,4.8,4.8,11.3,275,19.3,1.6,4.8,4.8,4.8,3.2,4.8,3.2,11.3,19.3,1161.4,999.3,554.1,996.6,996.6,1161.4,361,486,221.7,339.1,54.2,78.8,14.3,22.4,7.2,12.1,12.5,19.7,13,22.8,9,1.3,8.5,0,6.7,3.6,22.4,20.2,1263.1,1440.1,120.5,14.3,10.3,45.2,54.2,18.4,30,0,0,0,0,0,0,0,0,0,0.2,0,0,0,0,0,0,0,0,0.1,0,0,0,0,0,0,0,0,0,79.9,92.5,92.1,85.6,87.4,86.6,87,86.2,85.6,87.3,83.8,78.8,86.6,91.5,90.3,90.4,92.8,95.9,86.6,86.8,92,82.7,93.9,94.2,96.9,87.8,,88.1,87.6,87.4,92.9,90.8,96.4,93.2,93.5,92.1,71.3,89.7,92.9,90.6,100,75.8,87.7,85.4,86.3,90,95.6,89.5,93.2,92.9,88.5,93.6,92.9,95.3,91.5,88.7,89.6,88.8,78.5,79.9,6.3,60,72.4,68.7,73.4,54,63.7,60.1,35.7,29.7,37.6,75.6,8.3,63.6,6.5,54.8,17.2,72.1,67.6,7.6,70.4,53,51.1,55.5,44.7,44.7,45.9,51.4,36.8,50,49.8,50.7,56.9,69.8,23.7,56.1,50,40.3,55.6,52.5,53.4,40.5,66.7,56.4,74.2,23.7,15.6,49,51.9,6.7,31,22.7,30.4,50.7,17.3,17.3,14.5,12.2,20.5,20.5,20.5,20.5,19.8,17.5,16.9,19.8,19.4,23.4,13.9,19.9,12.3,21,18.3,17,20.1,23.6,38.7,22.8,30.5,23.8,31.3,31.4,23.6,21.6,30.3,24.6,25.9,20.5,16.5,21.1,23.7,21.5,41.7,23.6,19.7,19.4,18.3,23.8,19,22.3,20.3,23.7,20.9,22.9,21.4,12,22.6,21.1,22.1,21.7,321.9,87.3,18.3,25.8,21.8,15.3,28.7,9.5,8.7,8.3,3.8,9,2.8,4.1,4.5,2.1,,2.5,0,0,0,0,7.5
C30170,시군구,2023,대전광역시,서구,464634,486313,15.4,1.7,24.3,2308,1,93.6,97.1,16.7,50.9,22.8,16.8,21,2.9,F,95.5,0,100,F,0,2.1,3.1,26.2,468.9,10.5,1,2.1,3.1,3.1,2.1,8.4,5.2,26.2,10.5,743.2,335.7,0,312.1,368,743.2,168.1,330.4,120.3,265.2,21.3,50.6,6.9,16.8,9.7,20.4,8.8,16.1,14.6,20.9,3.7,0,3,0,3.7,0.2,7.1,6.5,518,640.3,38.3,3.7,2.4,47.8,5.4,16.6,0.9,0,0,0,0,0,0,0,0,0,0,0,0,0,0,0,0,0,0,0,0,0,0,0,0,0,0,0,0,69.6,91.7,95.5,93.6,84.7,83.2,84.2,82.8,82.6,85.7,81.5,74.9,84.1,93.8,89.2,88.1,92.7,96.1,83.9,88.5,93.3,83.8,93.2,95.1,96.6,85.2,,85,86.2,86.1,90.8,86.8,99.8,91.9,93.4,89.3,69.6,87,95.6,88.4,58.8,75.3,85.6,83.7,86.6,92.1,96.3,88.2,89.8,95.6,87.4,92.8,91.6,96,90.3,88,88.3,86.6,0,43,79.2,50.9,40.2,41.6,40.8,44.6,40,34.8,58.3,34.9,63.1,48.1,70.6,51,75.5,38,42.5,30.9,56.7,16.8,59.5,41.7,33.4,37.1,36.7,37.4,30.9,19.9,55.9,31.6,36.6,22.8,27,42.3,47.2,37.4,52.9,20.6,43,43.3,55.9,34.4,58.8,50.3,44.9,47.2,63.6,41.4,63.8,76,61.9,60.3,64.2,41.3,,26.5,32.8,25.3,27.6,28.8,27.6,28.6,25.7,28.2,29.6,36.9,27.8,31.4,31.6,23.8,31.1,33.5,30.9,38,31,32.7,49.6,29.9,36.6,30.1,37.7,37.4,30.7,25.5,36.7,32.5,37.7,23.4,22.1,26.3,32.8,26.6,22.5,22.2,25.8,24.3,30.7,33.9,24.4,33.4,20.2,32.8,22.6,40.8,32.6,31.3,24.5,26.5,33.7,29.7,272,68.1,15.6,19.2,25.2,12.3,30.7,5.3,6,6.4,2.7,6.6,1.7,3.4,4.3,0.9,,4.3,1.3,0,0,2.6,11.5
C30200,시군구,2023,대전광역시,유성구,366845,207711.8,11.4,1.3,24.9,2132,1.1,90.7,77.8,19.4,49.4,18,28.7,16.3,1.8,F,176.6,0,100,F,0,0.6,0.6,7.9,124.6,5.1,0,0.6,0.6,0.6,0,1.1,0.6,7.9,5.1,513.6,495,0,89.7,89.7,513.6,63.8,160,61.6,148,6.8,21.5,3,7.1,3.3,7.4,9,17.2,4.9,11.2,3.3,1.1,2.2,0,4.1,1.6,11.2,9.5,277.5,395.8,67.3,2.5,3.5,60.2,16.4,29.4,10.1,0,0,0,0,0,0,0,0,0,0.1,0,0,0,0,0,0,0,0,0,0,0,0,0,0,0,0,0,0,56.8,85.7,95.2,80.6,83.6,82.6,82.7,81.6,72.2,84.7,75.2,70.1,86.3,93.6,87.4,82.7,93.5,96.5,77.9,86.9,89.2,77.7,92.8,87.1,97.2,84.2,,80.9,83.9,84,87.8,81.7,99.4,88.4,89.3,85.8,59.1,83,95.1,83.6,90,84.1,83.2,78.4,80.8,92.3,92.9,88.9,81.1,95.1,84,93.5,90.3,95.8,87.3,88.5,88.1,86,0,0,33.4,0,33.6,32.6,34,38.4,20.6,18.7,22.8,66.6,27.7,48.6,34.6,11.9,38.8,59.2,23.3,1.6,10.8,25.5,34.3,39.2,42,34.4,45.7,46.3,32.1,48.7,0,25.5,20.3,40.9,12.5,25.4,65.3,35.9,10,39.1,25.5,25.4,16.6,71.6,0,44.2,0,65.3,27.7,64.3,36.1,38,34.4,42.1,38.2,46.5,,,49.6,,48.8,48.8,48.8,38.1,32.6,45.2,47.3,39.4,32.5,58.5,46.5,38.1,52.8,42.5,12.9,35.7,45,51.9,62,35,27.8,25.8,28.5,29.1,16.6,16.7,0,16.3,16.6,15.9,26.4,29.8,36.7,15.4,50,30,23.9,19.6,35.4,37.3,0,45.4,0,36.7,23.7,42.7,41.9,52.3,31.7,33.5,41.7,31.2,263.4,68.3,20.4,23.8,26,14,23.2,5,2.7,8,2.9,6.6,2.7,1.8,2.1,1.7,,0.8,0.8,0,0,0.8,11.2
C30230,시군구,2023,대전광역시,대덕구,169853,247097.4,19.5,2.5,19.6,745,1.8,96.4,102.3,13.8,49.2,28.9,14.4,23.3,4.6,F,68.7,0,100,F,0,1.5,2.9,8.7,157.1,4.4,0,0,1.5,2.9,0,2.9,0,8.7,4.4,745.9,288.5,0,227.8,385.6,745.9,63,159.5,57.7,144.2,11.8,29.4,2.4,6.5,1.2,7.7,2.9,8.2,5.9,11.8,2.9,0,2.9,0,4.7,0.6,5.9,5.3,359.1,431,29.4,7.1,1.2,58.9,9.4,27.1,5.3,0,0,0,0,0,0,0,0,0,0.3,0,0,0,0,0,0,0,0,0,0,0,0,0,0,0,0,0,0,74.1,90.7,91.5,86.3,86,83.9,86.3,84.4,71.2,87.3,84.4,79.7,84.4,94.2,90.9,77,92.9,96.7,84.6,90.9,93.8,93,95.1,90.9,98,87.1,,87.6,88.1,88.4,90,87.2,99.8,90.4,92,86.5,72.5,87.5,96.7,90.6,100,88.6,87.4,84.9,86.3,92.6,97,87.7,93.7,96.7,87.7,95.2,92.1,96.2,91.1,88.1,89.6,89.3,0,0,1.1,0,4.3,6.4,0,15.7,14.9,5,0.1,37.3,17.5,2.3,0.1,10.7,0,46.3,54.1,16.6,34,1.7,55.8,17,20.3,19.7,20.2,20.1,43.5,30.1,90.7,48.6,55.1,32,3.9,6.5,49.4,10.2,0,71.4,15.9,21.4,9.3,31.3,0,16.7,5.8,49.4,10.9,47.9,20.1,0,15.9,13.5,12.7,17.4,,,50,,11.9,15.8,,26.4,24.7,16.1,100,67,25.1,19.1,50,28.4,,61.7,17.7,13.3,62,9.7,52.9,30,41.5,29.8,35.6,36,19.4,25.7,15.1,18.7,20.1,14.4,14.3,16.3,51,16.6,0,14.3,20.2,21.4,28.5,43.7,0,20.8,11,51,21.9,59.2,42.2,0,26.6,14.5,32.8,26.6,331.3,77.9,22.6,27,28,15.9,21.4,5.7,9.4,7.6,3.1,7.7,1.9,4,5.2,4.3,,5.3,2.7,0,0,2.7,28.5
C31110,시군구,2023,울산광역시,중구,208668,563906.2,18.9,1.7,19.4,741,1.5,82.5,106.2,15.7,49.4,28.3,16.9,19.1,2.6,F,37,0,100,F,0,2.7,5.4,18.9,297.3,13.5,0,2.7,2.7,5.4,0,5.4,2.7,18.9,13.5,557.8,427,0,272.7,389.1,557.8,65.2,137.5,64.2,130.8,14.9,28.8,2.9,8.1,5.3,9.6,2.9,7.2,7.7,11.5,2.4,0,0.5,0,1,1.4,7.7,7.2,428.9,520.9,46,1,2.9,20.1,31.6,2.9,22,0,0,67.7,64.6,0,0,0,0,0,0,0,0,0,0,0,0,0,0,0,0,0,0,0,0,0,0,0,0,80.1,86.3,94,71.6,85.9,84.9,87,85.4,77,86.8,87.2,83.1,80.7,91.3,90,81.6,92.3,98.1,85.4,90.4,83.9,65.5,77.3,75.3,96.6,85.9,,85.1,86.5,86.5,85.6,86.1,44.1,85.2,83.5,87.5,67.1,85.6,93.3,85.4,100,78.6,88,80.4,86.9,94.1,90,89.4,83,93.3,87.4,93,94.3,97.8,93.3,87.4,92,91.2,0,0,29,0,33.6,35.6,33.8,33.4,31.2,23.2,18,34.5,46.7,41.9,30.1,36.9,33.5,37.9,7.9,2.7,13.3,40,46.5,30.8,23.8,35.8,20.4,21.1,38.4,38.4,35.3,39.1,37.2,41.9,7.5,36,26.9,34.6,0,57.1,46.9,40.1,37.5,32,0,43.4,19.9,26.9,27.6,21.1,49.2,32.4,59.7,25.6,46.1,23.8,,,28.2,,32.4,33.3,32.4,36.7,37.3,29.3,24.7,51.6,37.7,34.2,20.9,27.6,22,44.7,29.1,21.4,15.6,36.2,51.7,36.5,35.9,36.1,39.8,40.1,27.2,27.2,33.3,24.5,21.8,29.1,34.1,30.4,32.2,32.7,0,36.4,36.3,36,39.6,48.2,0,36,40.6,32.2,43,45,41.2,21.9,48.9,43.9,40.9,34.8,316.5,75.1,39,29.1,14.3,18,5.3,12,12.7,9.2,6.9,4.2,8.9,6.1,3.8,8.7,,1.4,0,136.2,2.5,2.7,17.4
C31140,시군구,2023,울산광역시,남구,307232,415068.3,15.4,1.5,21.2,1356,1.3,77.1,92,15.6,49,24.2,26.5,17.2,2,F,74,0,100,F,0,2.7,4.1,31.1,383.7,21.6,0,2.7,4.1,4.1,0,5.4,5.4,31.1,21.6,845,903.9,0,241.8,339.2,845,95.4,229.8,91.8,211.9,18.2,34.8,5.9,13.3,8.1,21.2,6.5,13,8.1,14.3,2.6,0.3,3.6,0,1.6,0.3,12.4,11.4,457,618.1,87.6,2.3,7.8,37.8,14.3,3.6,3.6,0,0,57.2,2.7,0,0,0,0,0,0,0,0,0,0,0,0,0,0,0,0,0,0,0,0,0,0,0,0,79.2,83.5,94.4,85.2,84,82.1,84.6,82.8,69.1,84.3,86.2,81.5,81.4,86.6,87.9,71.9,93.2,96.2,81.9,86.3,76.8,41,86.3,61.5,97.6,85,,84.3,87.9,87.7,79,79.2,26.3,80.2,79.5,81.8,64.7,82.2,91.8,80.1,91.7,85,81.6,74.3,84,91.4,100,86.8,78.4,91.8,82.9,92.3,92.4,96.3,88.6,85.6,91.3,91.3,0,0,73.7,0,35.9,39.1,36,51.5,44.3,55.9,52.4,66.1,67.2,36.4,75.4,31,84,57,36.4,0.5,58.8,33.3,79,54.6,62.4,57.6,65.6,65.6,28.6,28.7,0,26.3,27.7,23.6,9.6,52.4,68.9,37.6,0,30,51.8,46.4,61.2,73.3,0,54.1,39.9,68.9,68.6,79.5,75.9,81.2,65.3,69.4,73.4,76.5,,,33.1,,46.1,41.6,46.1,37.1,39.2,34.1,31.1,34.3,39.8,43,31,36.2,32.2,38.3,35.5,33.3,47.8,37.1,48.9,37.2,37.4,38,36.2,35.8,34.9,34.9,0,33.7,38.4,26.1,33.7,37,37.4,34.1,0,46.2,38.6,36.9,40.6,37.6,0,40,28.5,37.4,30.5,39.8,45.2,32.5,40.8,35.6,42.5,34.8,315.9,83,33.2,33.3,14.2,21.9,3.6,10.8,7.7,8.4,6.2,4.5,6.1,7.1,4.3,4.7,,2.2,0.7,0,0,1.5,11.6
C31170,시군구,2023,울산광역시,동구,152287,422141.3,16.6,1.8,20.3,602,1.9,69.6,90.8,18.1,47.9,25.6,19.2,17.2,2.2,F,36.1,0,100,F,2.8,2.8,2.8,2.8,238.4,8.3,2.8,2.8,2.8,2.8,2.8,5.5,2.8,2.8,8.3,642.9,384.1,642.9,642.9,642.9,642.9,244.3,321.1,160.9,231.8,40.1,53.2,16.4,22.3,3.9,7.9,8.5,15.8,5.9,13.8,5.9,0,3.3,0,2.6,0,5.3,4.6,1063.8,1130.1,25,5.3,2.6,9.8,3.3,2.6,1.3,0,0,100,100,0,0,0.1,0,0,0.1,0,0,0,0,0,0,0,0,0.1,0,0,0,0,0,0,0,0,0,91.2,93.9,97.3,81.7,87.1,87.1,86.6,86,85.5,84.3,84.3,83.6,83.5,80.8,84.1,86.8,94.9,96.6,84.2,82.2,86.2,66.7,81.1,63,97.5,81.7,,77,83.1,83.2,77.6,78.3,31,75.4,72.8,79.4,72.1,81.8,87.4,87.6,97,57.1,76.4,72.3,74.9,87,97.3,85.1,86.8,87.4,83.5,88.7,85.7,96.2,82.2,83.3,79.7,84.3,88.7,93.9,44.6,81.7,68,62.1,68.2,47.1,63.3,39.9,45,8.1,15.5,75.3,43.2,67.5,17.8,34.6,22.6,66.7,62.3,41.3,85.4,47.7,48.9,38.8,58.3,59.4,12.8,12.6,20.7,7.3,5.4,10,65.7,52.9,30.3,39.5,97,42.9,24.2,25.3,26.6,24.4,97.3,46,63.8,30.3,7,26.8,22.1,22.8,13.1,14.3,12.4,23,23.7,23.7,29.2,15.4,23.7,23.7,23.7,23.7,19.4,20.6,17.5,20.7,33,28.2,34.9,19.8,24.9,24.3,26.6,13.6,25.6,27.9,61.6,30.9,68.4,51.7,67.3,67.4,26.6,26.6,25,26.6,24.2,28.8,16.7,25.4,22.5,23.6,20,30,25.8,22.9,20.9,25.9,26.3,29.6,17.8,22.5,22.2,36.8,40.2,21.3,32.2,26.7,37.2,25,310.5,86.9,30.8,28.2,11.8,19.9,5,11.9,8.1,7.2,7.3,4,7.4,6.6,3.1,3.2,,3.2,0,0,0,1.6,14
C31200,시군구,2023,울산광역시,북구,216477,137575.4,10.8,1.6,22.4,1233,1.7,81.7,83.6,20.8,48.2,18.4,24.5,14.4,1.5,F,157.4,0,100,F,0,0.6,1.3,3.8,48.3,3.8,0,0.6,0.6,0.6,0,0,0,3.8,3.8,439.8,435.2,0,165.8,241.6,439.8,36,85.5,35.1,80.4,7.4,13.9,1.8,4.2,0.9,3.2,5.1,11.5,5.1,7.9,0,0,0.5,0,2.8,0,6.9,6,219.9,285.5,37,1.4,3.2,40.7,4.2,18.9,0,0,0,100,100,0,0,0,0,0,0,0,0,0,0,0,0,0,0,0,0,0,0,0,0,0.2,0,0,0,81.4,83.7,94.4,77.7,82.5,82.2,84.6,83.5,63.6,84.8,84.4,81,87.3,90.8,88.5,63.2,94.8,97.9,81.1,91.1,83.9,65.2,78.7,61.8,96.9,82.5,,78.5,79.1,79.1,77.8,78.4,53.2,77.5,69.5,88.4,58.6,78.9,95.9,83.4,94.4,33.3,82.8,76.2,81.8,93.9,95.7,86.6,79.6,95.9,87.4,93,92.8,97.6,85.3,86.1,90.2,89,0,0,0,0,28.8,35.3,28.9,35,31.2,18,0.1,67.9,45.9,22,0,14.8,0,71,61.3,2.2,12,25,37.2,35.1,35.2,36.9,41.8,41.2,42.1,42,42.6,39.7,30.3,52.7,2.9,14.2,70.2,38,0,0,40.4,33.8,41.8,71.4,0,40.8,0,70.2,44.2,61.3,60.6,0,37.4,54,51.6,31.1,,,,,52.4,58.3,52.4,57.7,60.4,59.7,50,72.4,56.4,52.7,,43.6,,72.7,26.2,100,56.3,55.9,72.1,52.8,41.4,43.9,39.8,40.1,26.2,25.9,74.1,24.8,20.1,30.3,43.7,44.5,73.2,31.4,0,0,49.2,40.9,57,66.1,0,54.3,0,73.2,55.3,67,61.2,0,56.1,50.6,60.5,52.7,311.6,80.1,37.6,25,17.7,20.4,6.7,7.7,4.2,6.9,9.6,5.1,5.7,7.6,3.5,7.1,,4,1.6,0,0,1.6,11
C31710,시군구,2023,울산광역시,울주군,218997,28877.1,18.4,2.1,19.1,976,2,92.6,102.6,16,48.2,27.6,32.5,18.6,2.3,T,758.4,33.3,95.4,F,0,0,0.1,0.8,10.7,1.1,0,0,0.1,0,0,0,0,0.8,1.1,227.9,680.8,0,0,97.3,227.9,21,78.1,21,72.1,3.7,11.9,0.9,8.7,0.5,2.7,1.8,6.8,0.9,6.4,0,0,6.8,0.5,0,1.4,13.7,11.9,95.4,196.8,75.8,4.1,6.8,5.5,21.9,0,10,0,1.3,2.3,2.2,1.1,0,1.3,0,0.1,26.2,0,0,0,0,0,0,0,0,1.3,0.4,0.5,0.4,0,2.3,49.5,1.4,0.5,0,78.6,78,91.8,75,77.5,48.3,83,62,28.8,66.1,61.5,62.2,63.6,86.7,72.8,42.7,81.4,87.7,56,78,43.4,11.5,58.7,50.4,88.7,70.2,,73.5,81.9,81.8,57,55.8,88.6,55.6,59.7,49.5,32.6,63.2,77.8,61.6,10,40,66.1,59.6,77.5,83.5,0,71.4,38,77.8,72.9,84.9,83.3,85.2,77.1,69.5,83.2,81.2,0,0,0,0,0,14.1,0,14.4,15.1,4.3,6.5,38.2,11.6,10.6,0,0,0,35.9,0,0,6.7,14.9,22.6,26.5,50.5,35.6,54,53.7,15.3,15.9,0,16.2,21.3,8.6,10,4.4,14.7,8,0,0,13.9,12.5,39.6,25.2,0,11,0.3,14.7,20.7,29.1,14.5,0,21,7.2,31,13.2,,,,,,76,,57.4,65.2,78.7,18.2,76.9,75.5,73.9,,,,80.5,,,83.3,87.5,71.5,51.3,48.5,51.8,52.1,52.3,36.2,36.2,0,39.5,39.8,38.6,17.3,62.5,75.9,65,0,0,58,61.9,78.5,76.4,0,57.7,66.7,75.9,71.1,78.9,72.2,0,46.1,64.6,70.3,67.6,324,82.7,39.7,23.7,15.1,17.7,5.2,11.2,8.6,7.5,9.8,6.3,4.7,8,6.9,5.3,,0.9,0,0,0,0.9,16.4
C36110,시군구,2023,세종특별자치시,세종특별자치시,386525,83130.4,11,1.3,25.6,2725,1.3,97.3,83.2,24.4,50.2,16.4,57.2,12.9,1.1,F,465,0,89.6,F,0,0.2,0.4,1.1,49.3,0.9,0,0.2,0.4,0.2,0.2,1.5,0.4,1.1,0.9,208.5,139.2,0,105.6,157.3,208.5,45,135.6,45,127.3,8.8,24.3,2.1,6.5,3.1,8,5.2,17.6,2.6,8,1.6,0,1.3,0,0.5,0,1.8,1.8,221.7,282.3,8.3,1,1,5.2,1,0.8,0.3,0,0,0.2,0,0,0,0,0,0,2,0,0,0,0,0,0,0,0,0.2,0,0,0,0,0,33.8,0,0,0,44,57.9,90.4,81.3,77.2,62.5,76.6,62.5,55.3,60.7,48.4,43.6,66,82.2,57.6,69.6,82.4,84.2,52.2,64.9,42.4,7.4,38.7,42.6,89.8,60,,59.3,61.5,61.4,39.9,39.8,40.3,35.3,39,27.2,29.8,59.1,62.7,56.3,57.1,66.7,57.1,47.2,44.1,68,39.3,73.2,47.9,62.7,55.7,82.3,66.5,83.1,49.5,55.7,59.1,59.4,0,0,64.3,43.8,46.4,46.6,47,41.6,27.8,30,53.3,71.7,28.9,61.8,72.3,30.4,70.7,46.7,2.7,0,19,14.2,82.6,38,25.7,33.9,29.2,28.8,1.8,2.3,0,1.2,0.5,2.7,17.3,32.2,32.5,24.8,0,7.1,34.8,22.4,22.8,41.5,0,56.8,38.4,32.5,23.6,70.8,37.6,70.6,19,21.9,33,36.9,,,76.3,45.3,62.4,63.2,62.4,64.6,54.7,60.6,64.3,70,66.7,65.8,74.6,53.3,77.9,69.5,51.8,,68.4,57.9,74.6,65.1,68,59.8,66.8,66.2,51.8,51.8,0,71.4,90,65.6,48.4,53.5,69.6,52.8,0,75,54.4,52,62.5,67,0,66.2,58.9,69.6,67.3,69.1,73.9,76.2,69.5,66.2,72.6,63,277.4,75.8,23.9,19.2,28.5,17.6,15.9,5.1,3.1,6.4,3.1,5.9,2.6,2.8,4.3,2.6,,2.5,1.4,0,0,1.1,10
C41111,시군구,2023,경기도,수원시 장안구,270849,812334.4,15.8,1.5,22.7,1051,1.8,101.7,93,15.3,49.7,23.7,46,18.4,1.5,F,33.3,0,100,F,0,0,3,12,443.9,24,0,0,3,3,0,9,0,12,24,129.2,488.1,0,0,61.7,129.2,21,121.5,21,117.4,2.2,21.8,1.5,11.1,0.4,10,0.4,8.1,3.3,10.3,0.4,0,3,0,0.4,0.7,11.1,10.7,97.1,213.4,61.7,4.1,3.3,10.7,9.2,1.5,3.3,0,0,0,0,0,0,0,0,0,0,0,0,0,0,0,0,0,0,0,0,0,0,0,0,0,0,0,0,98.7,93.4,96.9,98.9,93.3,83.8,93.3,84.3,78.4,84.7,84.8,83.9,85.6,87.3,86,84,91.6,95.6,86.5,84,79.5,87.1,78.9,39.7,96.2,85.1,,85.2,83.4,83.3,83.6,83.2,91.5,78.3,76.2,82.3,80.6,83.9,89.7,84.4,100,73.6,86.9,82.1,84.3,82.6,96.3,86.5,73.7,89.7,86.8,88.1,88.3,94.3,82.9,81.4,81.2,85.6,0,0,28.3,0,0,5.2,0,6.8,6.2,5.5,0.5,6.3,17.3,4.3,29.4,3.3,0,10.1,3.1,1.1,9.3,9,31.8,18.6,51.2,29.3,46.6,46.9,15.8,16.6,0,15.5,10.1,25.9,0.4,2.3,12.5,3.2,0,10.7,9.3,7.6,7,4.8,77.8,4.5,3.3,12.5,20,10.4,15.9,0,13.8,15.5,14,16.6,,,53.6,,,50.1,,48.2,49.2,49.4,66.7,63.3,52.2,55.8,56.8,47.2,,51.3,25.3,100,40.5,70,72.4,36.2,33.2,35.1,34.3,34.4,40.9,40.9,0,38.7,31.5,46.6,27.8,42.4,49.5,42,0,71.4,45.6,46.8,48.2,55.9,70,50,39.1,49.5,43.7,54.4,54.1,0,48.6,42.8,49.9,53,298.9,79.1,25.6,18.6,21.3,19.2,14.1,10.9,10.5,9.3,4.5,6.4,5.9,3.3,2.4,5.9,,3.1,3.1,0,0,6.2,14.3
C41113,시군구,2023,경기도,수원시 권선구,366167,776109.1,13.7,1.5,23.8,1996,2.4,90.3,93.4,15.8,49.5,21.6,46,19,1.5,F,47.2,0,100,F,0,0,2.1,17,354,8.5,0,2.1,2.1,2.1,0,10.6,6.4,17,8.5,282.7,217.7,0,0,55.2,282.7,32.8,113.1,32.5,107.6,5.2,19.4,1.4,10.9,6.3,9.3,1.6,11.5,4.1,9.3,0.8,0.3,0.5,0,0.8,0.8,3,3,124.3,203.7,19.9,1.1,1.6,22.1,6.8,9.3,4.1,0,0,0,0,0,0,0,0,0,0,0,0,0,0,0,0,0,0,0,0,0,0,0,0,0,0,0,0,98.7,92.1,96.9,86.6,90.4,80.8,91.6,83.6,80.1,85,83.9,82.3,87.3,87,87.8,85.2,90.6,95.3,84.5,79.2,85.5,82.3,78.3,57.1,97.2,85.4,,85.3,81.3,81.6,89.6,89,93.7,88.2,87.2,90.4,76.8,82.6,88.4,86,50,92.8,85.5,81.2,83.9,85.6,77.8,87.1,79.6,88.4,87.3,91.7,91.6,93.9,87.5,83.6,86.5,86.5,0,0,63,0,0,15,16.4,21.2,15.9,10,29.5,34.3,27.6,22.5,52.5,11.5,62.4,23.4,28.3,20.6,47.9,14.3,32.9,22.1,25.6,20.4,23.9,23.8,32.1,24.1,87.4,32.4,32.8,31.4,1.2,11.3,14.4,12.1,16.7,50.4,15.8,16.2,21.7,22,0,29.7,0,14.4,28.6,38.7,33.7,60.6,42.3,28.5,37.6,27.4,,,46.7,,,51.1,51.1,36.7,34.3,44.1,41,49.5,45.9,51.5,41,38.7,43.6,41.5,21.4,10.8,26.5,33.3,55.9,36.5,35.9,37,34.6,35.3,27.4,30.4,23.1,26.1,25.8,26.9,30.6,41.8,46.9,31.6,50,42.6,36.6,32.9,36.3,40.7,0,38.8,0,46.9,35.8,50.6,48.1,43.5,44.3,22.8,42.6,32.2,302.1,83.9,25.7,20.6,18.6,18.8,14.8,8.1,7.9,9.8,5.2,4.9,5.4,5.5,2.9,5.6,,2.1,1.6,0,0,2.1,10.9
C41115,시군구,2023,경기도,수원시 팔달구,197213,1532931.7,16.2,1.7,24,1057,3.1,95.6,98.3,13.1,49.7,24,46,20.1,1.5,F,12.9,0,100,F,0,15.5,23.3,108.8,1951,31.1,0,15.5,23.3,23.3,7.8,38.9,15.5,108.8,31.1,1216.5,399.1,0,618.6,737.3,1216.5,300.2,505,237.8,419.9,45.6,73.5,16.7,31.9,19.8,36,8.6,17.7,20.8,32.5,7.1,0,6.1,0,4.6,1.5,7.6,7.1,1048.1,1245.9,56.3,7.6,2.5,60.8,10.1,21.3,7.1,0,0,0,0,0,0,0,0,0,0,0,0,0,0,0,0,0,0,0,0,0,0,0,0,0,0,0,0,98.9,92.2,96.8,96.9,93,85.1,92.6,84.7,81.2,85.6,86.5,80.9,86.8,87.8,86.6,85.2,90.7,96.1,86,80.2,85.2,79.2,76.3,61.2,97.6,85.8,,85.7,84.4,85.3,89.5,89.3,93.5,91.2,91.6,90.4,81.1,86.7,91,87.8,33.3,95,85.8,83.6,86.5,86.6,50,87,84,91,86.4,90.6,88.8,95.4,85.7,82.2,83.6,87.3,0,0,40,21.7,49,47.7,47.2,44.7,51.3,47.6,47.5,23.1,54.9,52.2,38.7,55.8,45.8,37.1,29.4,30.8,17.2,35.8,74.3,41.1,31.4,42.8,27.7,28.2,33.8,35.4,0,30.2,29.4,31.8,43.8,55.2,43.3,48.2,0,80,47.8,54,62.1,47.5,16.7,57.4,22.7,43.3,41.7,56.6,60.6,44.4,49.6,41.7,47.1,51.5,,,23.3,9.1,15.9,15.1,15.9,15.5,16.5,16,16.2,19.6,13.7,16.6,25.1,15.4,25.4,18.5,15,9.3,20.6,21.8,26.4,17.3,30.8,18.5,24.3,24.1,24.4,24.5,0,23.9,25.2,22,14.8,15.6,17.4,17.6,0,13.3,14.7,14.7,16.6,19.1,50,16.1,13.1,17.4,11.4,17.1,14.7,25.5,15.9,12.8,15.9,15.1,329.1,95,24.3,29.3,18.6,23.9,11.6,8.2,11.6,8.9,4.2,4.7,4,4.5,3,8.2,,4.2,2.1,0,0,4.2,17.7
C41117,시군구,2023,경기도,수원시 영통구,363028,1309961.2,8.9,0.9,27.4,2189,1.2,92.3,79.9,19.6,49.9,14.6,46,12.3,1.5,F,27.7,0,100,F,3.6,3.6,3.6,43.3,898.5,14.4,3.6,3.6,3.6,3.6,3.6,10.8,7.2,43.3,14.4,579.6,386.2,319.8,319.8,319.8,579.6,208.5,328.1,143.5,253.4,30.6,49.6,11.3,18.5,10.5,17.4,8.8,20.7,9.6,14.9,5.5,1.4,2.8,0,2.8,1.9,8.8,7.7,738.8,846.5,57.6,5,2.2,43.5,22.9,17.1,13.2,0,0,0,0,0,0,0,0,0,0,0,0,0,0,0,0,0,0,0,0,0,0,0,0,0,0,0,0,98.9,93.3,96.4,88.4,91.4,81.2,90.5,80.3,77.6,83,77.9,76.2,87.9,87.6,84.8,83.9,91.5,96.4,79.5,80.6,82.1,84.2,87.1,38.8,97.3,82.4,,79.9,77.8,77.9,86.6,86.1,92,86.4,87.7,84.7,70,81,88.6,82.9,0,76.5,82.9,71.9,80.3,83.9,73.3,82.8,82.8,88.6,86.6,85.3,88.6,96,83.6,80,83,81.6,67.6,78.5,48,39,40.4,37.4,39.6,38.9,30,36.8,39.4,29.9,42.8,39.1,43.1,29.8,49.4,33.1,31.7,11.4,7.3,4.5,31.6,37.8,32.8,32.1,32.5,32.6,39.3,42.7,0.3,34.1,34.3,33.9,32.8,35.9,19.5,41.6,0,3.9,35.2,24,17.3,14,0,26.4,64.9,19.5,49.2,15.3,39.9,48.7,43.6,34.7,45.6,28.3,12.5,12.5,33.7,12.8,12.5,12.5,12.5,15.2,9.7,10.6,19.1,20,24,14.9,31,8.1,33.4,13.2,8.5,12.5,12.3,5.7,32.7,15.4,16.5,13.2,18.9,19,11.7,11.7,1.1,10.4,9.4,12.2,8.3,12.9,14.1,11.6,0,4.5,9.9,10.3,13,12.1,0,18.4,19.8,14.1,25.7,18.4,27.6,32.5,26.6,20,28,19.7,250.3,72.1,23.3,12.3,13.3,15.7,17.2,5.7,5.2,7.9,4.1,4.5,4.7,4.3,1.9,2.7,,1.4,0.5,0,0,2.4,12.1
C41131,시군구,2023,경기도,성남시 수정구,235942,519089.9,18.4,1.7,22.1,1103,2.4,88.4,105.3,13,49.4,26.9,59.6,22.1,2,F,45.5,0,100,F,0,0,4.4,19.8,523.6,13.2,0,2.2,4.4,4.4,0,2.2,2.2,19.8,13.2,542.9,495,0,0,229.7,542.9,55.9,201.3,55.1,196.2,11,36,1.3,11.4,4.2,14.8,1.7,13.6,9.3,18.6,2.1,0.8,3.4,0,2.5,1.7,9.3,9.3,284,414.1,64,8.5,3,34.8,13.1,15.7,6.4,0,0,0,0,0,0,0,0,0,0,0,0,0,0,0,0,0,0,0,0,0,0,0,0,0,0,0,0,98.5,96.7,96.5,99.3,95.1,89.3,94.9,89.1,82.4,88.3,89.1,86.2,93.9,90.6,89.8,84.6,93,97.1,86.5,88.1,86.7,91.8,64.6,71.1,96.5,85.8,,84.1,75.9,76.8,86.3,86.4,72,83.7,82.1,86.3,89.2,87.2,86.2,86.5,82.4,67.3,88.3,87.9,82,86.1,85.7,90.1,88.4,86.2,89.9,85.1,89.7,97.4,87.3,88.1,89.8,87.6,0,0,30.6,0,0,15.1,10.7,20.9,16.4,7.5,19.5,27.6,43,15.6,40.3,12.6,49.7,18.4,16.6,30.5,29.1,20.5,59,26.8,43.7,31.5,43.6,43.8,34,34.2,0,30.5,26.3,37.3,4.3,8.4,34.1,16.1,5.9,3.6,24.1,20.4,22.3,38.9,0,22.7,5.6,34.1,43.5,32.6,46.8,46.1,45,42.4,55.5,29.4,,,19,,,43.5,43.6,32.9,40.7,47.8,20.5,23.7,36.3,45.2,18.8,32.3,18.6,43.1,14.9,19.3,27.1,58.6,51.9,30.5,27.7,29.5,29.5,29.4,28.1,28.1,0,25.5,22.1,31,28.5,31.1,39.2,19.4,100,33.3,33,29,41.4,39.2,0,36.2,35.2,39.2,35.9,49.8,40.3,18.5,33.6,35,35.1,38.2,319.3,88.4,27.8,23.7,15.5,17.8,8.2,11.8,9.4,7.5,3.3,7.5,19.9,3.9,2,9.4,,0.9,0,0,0,0.9,10.2
C41133,시군구,2023,경기도,성남시 중원구,210848,798164.1,18.6,1.9,22,1038,1.8,88.5,110.9,12.8,49.5,27.5,59.6,22.3,2,F,26.4,0,100,F,0,0,3.8,11.4,586.8,11.4,0,0,3.8,0,0,3.8,0,11.4,11.4,151.8,258.5,0,0,94.9,151.8,20.4,117.6,20.4,108.6,3.3,19.4,0.9,5.2,0.9,7.6,0.5,8.5,4.3,11.9,0.9,0,0,0,0,0.5,8.1,7.1,57.4,132.3,35.6,0,0.9,7.6,8.1,0,3.8,0,0,0,0,0,0,0,0,0,0,0,0,0,0,0,0,0,0,0,0,0,0,0,0,0,0,0,0,97.9,97.2,98.2,99.3,95.4,89.7,95.1,89.2,82,88.1,89.1,84.5,92.3,93,89.6,85.1,93.3,97.7,86.2,87.8,78.8,75.4,67,48.4,96.7,84.1,,81.5,66.2,69.4,78.9,82.2,13.7,75.6,70.7,85.6,88.2,87,84.6,82.3,93.8,64.3,88.1,86.2,83.1,86,82.1,90.1,90.6,84.6,90.9,87.4,87.7,97.6,88.9,86.7,88.9,88.1,0,0,0,0,0,5,0,6.5,9.9,6.2,0.3,0.1,19.3,4.1,0,0,0,5.4,0,0,1.5,4.7,44.2,9.6,18.5,15.4,14.8,16,3.6,3.8,0,2.9,2.1,4.6,1.1,3.4,8.9,2.7,0,0,13,5.9,17.6,13.8,0,7.6,0,8.9,13.7,12.8,17.6,0,14.7,7.1,15.7,14.4,,,,,,51.7,,46.3,51.4,57.2,80,42.9,41.6,52.1,,,,50.5,,,42.9,50,62.9,36.4,29.9,33.9,27.2,27.8,16.8,16.8,0,13.5,9.8,20.5,34.3,46.2,47.9,49.1,0,0,48.9,47.1,44,47.9,0,45.3,0,47.9,36.8,62.9,50.7,0,38.2,39.2,45.3,48.3,312.8,79.1,24.6,25.8,15.6,22.9,7.5,10.3,12.8,8.2,4,5.4,17.2,5.9,3.6,6.3,,1.8,0.9,0,0,0.9,9.7
C41135,시군구,2023,경기도,성남시 분당구,472957,677971.1,14.8,1.2,25.1,2173,1,105.7,93.9,18.1,51.6,21.6,59.6,12.6,2,F,69.8,0,100,F,1.4,5.7,5.7,18.6,746.8,8.6,2.9,4.3,5.7,5.7,4.3,5.7,4.3,18.6,8.6,911.3,259.6,282.3,721,721,911.3,364.3,548.7,263.2,436.6,56.7,83.5,18.6,26.2,17.8,29.4,12.9,22.6,17.5,26,10.6,1.3,7.2,0,7.8,1.7,7.4,7.2,1122.3,1277.3,55,6.8,1.9,52.9,21.6,21.4,15.2,0,0,0,0,0,0,0,0,0,0,0,0,0,0,0,0,0,0,0,0,0,0,0,0,0,0,0,0,98.7,96.8,98,100,95.8,89.8,95,88.4,81.1,87.6,85.7,86.5,93.6,91,84.7,84.5,94.2,98.1,83.5,90.3,78.4,91.9,86,44.8,96.8,84.4,,81.2,69.6,70.5,79,79.4,48.3,73.6,71,79.1,87.7,85.4,83.2,84.8,85.7,76.2,85.8,86.6,79.4,78.6,93.2,89.2,88.2,83.2,85.9,86.7,88.9,97.8,78.2,79.9,82,87,57.2,88.4,82.4,56.7,72.9,69,71.2,64.9,59.5,47.6,76,70.2,54.2,77.5,75.3,57.3,83.7,78,53,69.7,56.1,41.4,74.3,56.4,27.1,45.9,27.6,28.5,40,40.3,10.3,35.4,33.5,39.5,58.8,62.4,57.1,64.4,78.6,51.2,59.2,60.7,43,49.7,72.7,71.6,55.5,57.1,42.9,76.9,64.6,82.7,44.9,42.3,49.3,64.3,13.5,14.7,27.8,13.1,18.2,18.2,18.3,18.3,13.7,16.3,17.5,22.5,18.4,24.4,23.4,13.6,24.6,27.2,14.9,35,21.7,22.5,46.7,18.9,25.4,17.4,28.9,29.3,15.2,15.3,3,13.3,14,12.2,11.1,18.4,24,14.6,14.3,24.9,13.8,15.1,14.2,18,22.4,19.5,18.3,24,12.2,31.8,33.2,23.4,16,12.2,23.7,22.6,209.6,60.4,17.3,16.9,12.3,12.3,6.8,6,2.8,6.7,4.7,3.8,5.6,3.2,1.4,2.3,,1.4,1.4,0,0,1.8,4.6
C41150,시군구,2023,경기도,의정부시,464213,569246.2,17.7,1.8,22.4,2097,1.6,99.7,107.1,15.2,50.8,25.9,22.6,21.9,2.9,F,81.5,0,100,F,0,2.5,6.1,20.8,361.7,9.8,1.2,2.5,6.1,6.1,2.5,6.1,4.9,20.8,9.8,659.8,316,0,277.9,414.9,659.8,126.2,226.4,103.8,193.4,21.3,39.4,8.4,14,5.4,9.3,3.9,11.4,8.4,15.1,4.5,0.4,5.2,0.2,3.2,1.3,6.5,6.2,525.6,613.9,38.3,8.8,1.7,43.9,12.1,25.9,7.3,0,0,0,0,0,0,0,0,0,0,0,0,0,0,0,0,0,0,0,0,0,0,0,0,0,0,0,0,97.3,96.7,97.4,94.7,95,78.6,94.7,79.7,70.3,81,77.6,75.3,79.6,86.3,84.2,81.4,86.3,91.7,81.6,80.1,83.8,86.8,89.5,73.2,96.3,80.1,,80.7,76,76.8,83.5,90.5,36.9,79.8,70.9,96,60.1,80.4,87.6,89.9,91.7,76.8,82.9,81.9,80.4,84.3,78.9,82.9,75.5,87.6,84,93.2,86,90,83,83.8,83.6,85.2,0,78.3,51.1,32.2,62,63.9,62.8,64.7,61.6,58.9,54.5,69.2,64,74.3,49.1,66.9,53.1,63,71.9,72.6,83,51.4,87.5,62.2,50.7,63,53.7,55.4,67.3,77.4,0.6,61,46.2,87.9,38.9,64.8,68.8,79.8,16.7,47.5,68.2,69.6,67.8,69.9,28.9,68.8,54.5,68.8,69.3,84.8,70,51.1,66.6,68.4,69.4,70.3,,36,56.2,39.4,38.1,40.2,38.1,42.1,39.8,37,49.8,44,47.3,40.6,55.7,34.9,58.6,41.9,48.6,34.7,55.2,38.7,65.5,42.4,43.9,42.4,42.8,43.3,46.4,46.5,23.1,45.5,46.1,45,36.5,36.4,40.3,43,28.6,45.2,43.4,41.1,41.4,41.8,73.3,43.4,35.3,40.3,43.6,46.4,48.3,58.4,42.7,46.9,52.8,43.9,321.7,86.2,22.1,22.6,19.9,23,24.1,11.8,11.2,9.9,3,3.2,4.5,4.2,2.5,2.9,,5.7,4.7,0,0,5.2,11.3
C41171,시군구,2023,경기도,안양시 만안구,230664,630867,19.2,1.6,21.3,1230,2.1,93.2,105.9,12.9,50.1,28.6,39.6,19.3,1.5,F,36.6,0,100,F,0,2.7,5.5,13.7,363.8,19.1,0,2.7,2.7,5.5,0,2.7,0,13.7,19.1,329.1,427.9,0,140.5,223.7,329.1,53.3,150,48.1,137.4,10.4,28.2,2.2,10.8,1.3,5.2,0.9,5.6,5.2,10.8,2.6,0.4,0.4,0,0.4,2.2,9.1,9.1,233.7,323,54.2,2.6,3.5,10.4,21.2,1.3,16.5,0,0,0,0,0,0,0,0,0,0,0,0,0,0,0,0,0,0,0,0,0,0,0,0,0,0,0,0,99.1,94.2,94.4,99.2,96.2,84.2,95.6,83.4,77.1,83.3,83.1,76.6,80.1,86.8,86.9,82.3,86.6,91.9,83.9,80.5,79.1,44.9,72.9,87.6,95.2,82.9,,84.1,79.4,81.5,79.9,83.4,62.5,75.8,70.3,86.8,74.2,82,90.8,83.2,93.8,79.7,83.1,79.2,85.9,84.5,92,82.6,79.2,90.8,87.6,88.8,89.3,91.3,87,78.8,87.6,80.6,0,0,0,0,28,27.2,27.5,25,26.1,22.1,3.8,12.7,37.5,30.1,0.1,27.2,0.1,26.4,1.8,0,19.2,32.6,66.2,29.3,47.6,33.7,41,42.9,25.6,30.8,0,26.7,26.2,27.7,8.7,26.4,32.7,16.9,50,28.4,18.1,10.6,59.6,13.2,74,23.9,4.2,32.7,46.4,24.4,46.4,0.1,42.7,33.4,41.4,29.8,,,,,53.9,50.9,53.9,51.4,48.2,51.1,60.1,64.4,57.4,55.8,100,49.3,100,53.5,36.8,,55.7,70.7,59,43.6,32.5,39.4,34.4,34.5,27.4,27.4,0,24.9,24.2,26.4,34.4,50,44.6,50.5,100,61.8,51.4,43.6,55.8,47.4,58.3,53.6,50,44.6,51.3,59.5,62.4,100,54.7,48.5,60.2,48.9,291.1,85.1,24.9,19,11.2,22.5,11.5,8.7,11.2,6.3,4.6,3.6,9.5,2.9,4.4,6.2,,1.5,1.5,0,0,1.5,9.8
C41173,시군구,2023,경기도,안양시 동안구,313996,1431305.1,14.6,1.2,24,1689,1,91.9,90.4,17.2,51,22.4,39.6,14.1,1.5,F,21.9,0,100,F,4.6,4.6,4.6,50.1,1271.8,0,4.6,4.6,4.6,4.6,4.6,18.2,4.6,50.1,0,605.1,0,268.8,268.8,268.8,605.1,145.9,280.6,97.1,222.3,23.2,43.3,4.5,11.5,6.4,15,6.1,18.2,10.2,18.2,4.1,0,1.9,0,2.9,0,0,0,473.6,535,0,4.5,0,47.8,0,25.2,0,0,0,0,0,0,0,0,0,0,0,0,0,0,0,0,0,0,0,0,0,0,0,0,0,0,0,0,0,99.2,98.2,96.3,97.9,96.8,86.4,96.1,85.5,71.9,86.1,83.5,83.9,86.2,89.1,87.1,81.7,91.8,95.6,86,80.5,91.3,65.5,78.7,64.8,95.7,83.5,,80.8,73.4,73.6,85.9,80.9,97.8,85.7,85.6,86,79,83.1,89.9,85.1,50,73.2,86.2,83.5,83.1,83.9,95.6,85.5,72,89.9,89.2,84.3,89.7,94.8,85.5,78.6,88.7,78.5,68.2,82.6,63.4,17.2,51.3,49.3,50.6,52.6,45.9,33.5,50.1,44.3,60.4,62.5,64.7,53.5,71.4,43.6,75.2,35.2,55.9,47.3,68.6,42.7,0,27.8,3.3,3.2,48.4,32.3,89.4,51.2,56.6,37.7,34.2,50,40.9,56.9,0,31.7,56.6,49.7,23.8,44.1,0,56.4,34.7,40.9,58.7,32.3,65.3,69.8,57,43.9,64.3,39.5,28.8,28.8,39.7,21.9,28.8,28.8,28.8,29.6,24.1,27.2,35.6,36.5,29.8,32.7,38.2,22.2,40.7,30.2,26.5,27,22.7,31.9,42.7,29.6,,24,28.1,28.7,26.5,21.2,34.1,28.8,30.3,24.2,22,26.7,26.2,24,0,23.2,23.8,23.7,23.5,26.1,0,31.1,22.9,26.2,26.9,38.4,36.7,40.6,28.3,25.3,34.4,24.9,229.1,64.9,19.5,12.3,13.2,17,9.8,5.6,5,8.5,5.3,3.9,4.2,2,2.4,3.4,,2.8,2.2,0,0,1.7,12.2
C41190,시군구,2023,경기도,부천시,779968,1459027.7,17.2,1.8,22.3,3482,3.3,88.1,103.7,14.1,50.6,26.5,31.1,20.6,2.3,F,53.5,0,100,F,1.9,5.6,11.2,48.6,1028.8,33.7,1.9,5.6,7.5,11.2,3.7,15,7.5,48.6,33.7,499,560.2,115,236.4,316.9,499,122.2,231.3,91,191.3,20.9,39.1,5.4,13.3,4.9,12.7,5.9,12.6,9.4,16.7,2.6,0.5,3.5,0.3,1.9,1.9,11.5,10.5,449,573.9,67.8,6.5,3.5,26.3,17.3,8.6,10.4,0,0,0,0,0,0,0,0,0,0,0,0,0,0,0,0,0,0,0,0,0,0,0,0,0,0,0,0,98.9,96.5,96.5,97.1,95.3,86.2,95,86.5,80.7,87.2,86.4,79.7,83.5,88.2,90.3,86,91.7,94.4,87.5,86.6,89.8,75.9,90.2,80.6,96.6,87.4,,88.2,87.8,87.9,92.7,91.1,98.9,92.7,94.7,87.9,75.3,88.6,90.9,88.7,83.3,94.3,86.9,86.4,82.8,85.5,79.6,89.1,90.3,90.9,90.8,93.7,91.1,93.6,90.2,86.4,90.9,87,66,79.5,70.2,56.1,71.8,70.8,71.6,68.5,72.2,60.5,63.4,67.7,74.5,77.6,72.1,73.1,74.2,71.2,24.9,15.1,65.8,56.3,87.5,69.1,71.3,71.4,74.7,74.6,49.3,61.8,1.5,40.2,35.6,51.9,55.9,73.7,70.8,62.8,69.4,82.3,69.6,68.4,66.9,62.2,48.1,67.5,42.4,70.8,73.6,82,77.1,70.9,71.3,64.8,75.4,67.4,55.6,55.6,59.2,40.1,57.6,59,57.6,59,56.2,61.3,55.5,54.7,60.2,62.5,57.7,53.8,55.1,60.4,48.9,51.1,61.2,60.8,66.1,55.9,48.2,54.1,46.2,45.7,52.5,52.4,60,48.6,47.1,51.4,55.6,48.8,60.3,56.4,58.1,50.6,59.7,57.2,61.9,62.3,61.9,60.8,58.2,60.3,63.2,65.7,62.5,53.6,59.8,61.7,66.9,63,296.3,82.3,27,21.9,14.9,21.4,15.6,7.8,8.7,9.1,6,5.5,4.5,4.5,2.4,4.9,,1.8,0.6,0,0,2.1,12.4
C41210,시군구,2023,경기도,광명시,280197,727384,16.7,1.6,23.1,1417,1.7,91.8,108.3,16.7,50.9,24.5,36,17.3,1.8,F,38.5,0,100,F,0,2.6,5.2,18.2,586.7,10.4,0,5.2,5.2,5.2,5.2,13,2.6,18.2,10.4,400.1,290.5,0,218.1,313.7,400.1,100.6,237,89.6,218.1,16.8,43.5,6.4,11.1,3.2,13.2,7.9,16.4,6.8,17.1,2.9,0.4,1.4,0,1.8,1.1,5.7,4.6,421.1,518.6,37.8,1.4,2.1,15,14.3,2.5,7.5,0,0,0,0,0,0,0,0,0,0,0,0,0,0,0,0,0,0,0,0,0,0,0,0,0,0,0,0,98.8,97.2,97.4,99.4,96.9,85.9,97.1,88.4,80.3,87.1,86.9,83.7,78.3,93.8,87.9,85,90.3,83.6,85.5,91.4,74.8,64.5,78.2,81.5,96.7,85.8,,86.8,79.6,80.1,82.4,83.1,77.1,79.8,79.6,80,83.3,86.3,92.2,87.7,75,86.7,86.6,88.6,80.7,91.5,96.1,88.6,93.4,92.2,85.6,93.5,90.5,85.6,85.6,82.1,86.9,85.4,0,0,70.9,40.7,34.9,48.3,50.9,46,35.6,40.6,28.6,74.5,50.2,59.9,71.4,32.8,28.4,59.8,5.8,1.1,20,29.3,71.1,47.5,52.4,48,55.3,55.1,34.3,38.9,2.2,28.9,25.4,35.5,20.9,40.2,71.1,35,35.7,64.4,35.8,37.8,29.8,60.4,90.9,48.6,29.8,71.1,44.3,77.8,65.3,33.6,45.9,43.6,59,51.1,,,43.9,39.8,33.6,43.8,43.8,42.2,42.9,22.3,38.2,38.4,50.5,49.2,49.8,38.7,39,45.9,43.3,37.5,43,38,63.5,44,49.9,42.1,54.5,54.3,45.7,45.5,100,43.1,44.2,41.7,20.6,42.9,36.7,47.9,83.3,54.7,37.2,35.5,40.9,33.5,61.7,44.6,52.7,36.7,44.6,42.5,50.6,37.9,44.4,41.7,51.5,53.5,252.5,70.5,18.2,17.4,14,22.7,9.8,5.9,8.3,6.4,4.6,5,7.3,3.1,2.1,4.9,,2.1,1.4,0,0,2.7,8.2
C41220,시군구,2023,경기도,평택시,591022,128917.9,13.2,1.5,22.6,3484,2.9,101.5,89.5,17.7,47.5,19.9,45.8,17.3,1.9,T,458.4,0,92.7,F,0,0.4,0.9,3.5,65.4,2.2,0,0.4,0.9,0.9,0,1.3,0,3.5,2.2,402,249.9,0,133.8,194.1,402,47.4,128.9,47,123.2,8.6,22,2.9,8.5,1.7,9,2.4,8.8,5.6,11,1.4,0.2,1.2,0,0.5,0.3,3.9,3.7,185.8,239.4,25.7,1,1.9,22,5.6,3.4,2,0,3.1,80.4,1.9,0.4,0,1.5,0,0,9.3,2.2,0,0,0,0,0.7,0,0,2.7,0,0,15.8,0,0,0,0,0,0,97.5,47.1,90.1,62.8,75.4,58,75.7,59.1,48.7,61,54.4,50.3,30.1,70.7,73.6,56.8,77.6,25.3,53,72.9,46,46,78.9,48.8,91.9,60.9,,57.8,65.2,65.6,51.2,53.9,38,48.3,51,43,19.4,57.3,76.1,60.6,56.5,51.4,58.8,53,63.5,69.5,66.7,70.1,8.2,76.1,72.9,78.1,79.8,23.1,73.1,69.4,76.7,70.7,0,0,73.7,0,53.9,53.4,52.7,54,49,45.5,18.9,57.2,68.7,60.1,70.3,43.4,0,62.8,32.2,36.6,73.4,40.2,90,53.5,51,51.3,59.3,59.6,34.1,41.1,0,28.3,25.4,34.1,12.9,51.5,61,53.2,17.4,44.8,54.2,49.2,57.7,63.8,0,64.9,0.4,61,64.1,66.4,73.9,0,69.2,61.6,70.9,65.8,,,68.8,,68.4,68.2,68.4,67.4,67.4,61.8,69.4,76.7,68.6,67.7,68.5,65,,73.3,71.6,49.7,60.3,70.5,79,67.2,66.2,66.1,64.2,64.5,68.7,68.7,0,68.4,70.5,65.5,66.5,67.3,66.6,66,66.7,69.8,65.7,65.2,64.5,70.1,0,66.8,100,66.6,65,72.5,68.1,0,69.2,65.1,72.1,64.5,320.9,85.3,27.3,24.8,18.8,23.4,3.4,22.2,6.2,10.7,4.3,4.6,11,5.8,5.9,6.8,,3,1.4,0,0,2.2,13.6
C41250,시군구,2023,경기도,동두천시,88626,92633.7,24.1,2.8,18.6,332,2.8,112.1,108.6,13.9,50.1,33.3,13.9,27.3,5.1,F,95.7,0,100,T,0,0,0,1,43.9,8.4,0,0,0,0,0,0,0,1,8.4,194.1,1628.2,0,0,0,194.1,28.2,126.4,28.2,120.7,7.9,24.8,2.3,7.9,0,11.3,0,7.9,2.3,9,1.1,1.1,6.8,1.1,0,4.5,28.2,26,36.1,211,146.7,3.4,10.2,5.6,31.6,0,18.1,0,0,99.7,100,0,0,0.5,0,0.5,20,0,0,0,0,0,0,0,0,0.3,0,0,0,0.5,5.5,0.5,0.5,0.5,0,96.1,83.5,78.4,70,69.7,62.1,69.5,61.6,42.3,63.5,62.8,58.9,67.4,77.3,59.3,47.4,77.7,85.4,65.6,51.7,39.3,73.5,68.5,50,89.5,71.9,,74.1,89.2,88.9,72.2,76.6,12.6,69.3,60.8,80,39.2,64.5,70.9,59.9,0,52.6,60,56.6,66.3,70.8,0,62.4,65.5,70.9,58.6,81.6,72.3,82.7,70.4,63.2,61,69.4,0,0,0,0,0,0,0,7.2,10.7,4.2,0,0,5.8,0,0,0,0,4.5,0,0,1.1,5,76.2,31.2,75.6,44.1,79.6,78.8,53.5,56.5,12.6,51.9,45.3,60.3,1.9,3.5,19.9,2.1,0,21.1,13.5,9.4,10.6,11.8,0,5.7,31.3,19.9,2,22.6,15.1,0,31.3,9.9,14.4,15,,,,,,,,72.8,73.9,76.7,,,70.6,,0,,,82.8,,,100,66.7,77.4,38.5,35.6,35.4,32.6,31.2,47.8,47.4,100,46.3,42,51.2,76.7,73.6,74.2,70.2,0,100,72.3,73.8,72.3,69.6,0,72.5,69,74.2,55.2,78.7,73.5,0,71.9,69.3,81.1,75.1,368,90.8,28.8,25.8,20.2,31.7,12.7,21,17.7,12.3,7.6,4.5,7.6,6.6,5,3.3,,3.4,0,0,0,0,6.8
C41271,시군구,2023,경기도,안산시 상록구,334867,577429.3,14.3,1.9,22.3,1529,3,98,91.8,14.3,49,23,37.2,22,2.8,F,58,0,100,F,0,1.7,3.4,12.1,212.1,12.1,0,0,3.4,3.4,0,1.7,0,12.1,12.1,299.8,376.6,0,113.5,179.8,299.8,36.4,90.2,36.1,85.7,6,14.6,4.5,8.7,0.9,6,1.2,6.3,3.6,6.6,0.6,0.6,2.4,0.3,1.5,1.2,6,5.4,191.1,282.5,55.5,3.6,3,23,12.8,6.9,7.5,0,0,0,0,0,0,0,0,0,0,0,0,0,0,0,0,0,0,0,0,0,0,0,0,0,0,0,0,99.2,94.5,92.8,90.4,86.6,72.9,89.5,78.9,64.6,80.5,81.2,83.9,77.2,77,85.1,76.5,86.6,89,78,76.4,58.4,58.2,74.8,52.3,95.1,81.5,,82.1,83.2,83.8,77.3,79.4,52.7,80.5,77.2,86.8,68.2,74.8,84,70.5,92.9,75.8,80.4,80.6,82.7,82.8,20,86.4,54.2,84,89.5,88.7,89.2,87.2,87.3,82.1,86.7,88.3,0,0,10.6,0,4.1,15.1,0,19.7,22.9,34.2,0.9,8.3,32.1,11.9,15.4,18,0,18.4,17.9,7.9,10.5,26.1,43.7,21.5,27.7,20.2,38.5,39.9,26,28.1,0.2,30.1,26.6,36.8,4,10.6,20.1,19.3,0,0,20.9,13.8,29.4,30.4,0,21.4,0.1,20.1,32.2,47.3,37.8,0,34.1,30.5,38.2,31.2,,,76,,35.3,53.5,,56.1,54.9,55.7,63.8,76.6,66.2,60.9,74.8,51.9,,65.5,36.8,19.2,56.3,37.7,81.6,51.2,42.3,44.5,40,40.8,40,40,16.7,42,40.2,44.8,54.8,42.9,60,49.4,0,0,52,42.8,59.9,58,0,60.8,33.3,60,58.9,62.1,68.1,0,63.7,58.4,65.9,57.8,329.2,81.3,25.6,27.9,16.1,27.3,8.1,13.2,9.6,12.8,11.6,3.6,7.3,4.3,2,8.3,,1.4,0,0,0,2.1,21.2
C41273,시군구,2023,경기도,안산시 단원구,294441,299003.3,13.4,1.9,22.5,1738,5.1,89.6,96.7,14.7,48.5,22.2,37.2,18.1,2.8,F,98.5,8.3,100,F,1,1,3,16.2,237.6,10.2,1,2,3,3,1,6.1,3,16.2,10.2,798.5,850.1,282.9,282.9,480.9,798.5,191.9,327.7,145.4,267.3,30.6,51.6,11.5,20.7,8.5,20,8.8,18.3,12.2,18.7,4.8,1.7,4.1,0,2.4,2.7,15.6,14.6,711.5,870.5,85.2,6.1,4.8,40.1,39.4,3.4,23.1,0,2.1,2.9,1.8,1.8,0,2.4,0,2.2,2.9,2.4,0,0.3,0.3,0.3,2,1.3,2,2.9,2.8,2.2,2.4,2,2.3,2.9,2.2,2,1.7,99,92.5,97.6,84.2,85.4,71.2,89.4,79.2,72,80.2,78.4,79.9,78.9,79.6,82.7,80.1,89.6,91.9,75.2,76.5,50.9,57.2,72.9,71.3,93.5,81.6,,82.1,85.3,85,81.3,81.6,47.6,82.7,82.7,82.7,62.4,75.8,84,75.2,72,58.6,76.6,78.7,81.8,79.4,22.2,87.4,56.4,84,86,87.4,85.6,90.2,84.8,82,85.2,86,71.2,79.8,78,66.5,57.1,64.6,67.2,65.4,63.1,59.3,69.5,59.6,65.3,72.6,74.5,55.2,75.6,65,18.7,44.9,59.1,52.5,78.6,65.7,66.7,66.8,59.3,60.2,54.8,55,28.6,55.3,49.1,64.3,55,57.6,63.2,52.3,72,20.7,62.3,66.1,65.1,56.7,0,76,53.3,63.2,70.3,62.5,67.2,75.1,65,67,66.1,69.7,30.8,30.8,46,32.7,30.8,37.1,37.5,38.3,38.6,35.7,35.8,38.1,39.8,39.1,44.4,36.5,42.7,40.7,31.3,35,34.5,45.1,48.1,36.5,31.5,34.1,33.4,33,30.6,30.5,57.1,33.7,31.6,36.5,32,34.1,39.8,39.1,23.4,19,36,33.1,38.9,36.2,0,40.4,31.7,39.8,37.6,49,41.7,42.3,38.7,43.1,44.8,38.4,343.4,81.5,27.5,32,17.4,34.2,9.3,9.8,8,7.8,7.4,4.4,9.5,4.8,3,6.9,,1.9,0.6,0,0,3.2,16.5
C41281,시군구,2023,경기도,고양시 덕양구,496438,299782.1,16.7,1.5,23,2514,1.6,103.8,97.4,15.6,50.8,24.7,32.7,19.1,1.9,F,165.6,0,100,T,0,0.6,0.6,6,173.9,4.8,0.6,0.6,0.6,0.6,0.6,0.6,0,6,4.8,288.1,277.6,0,113,113,288.1,69.3,157.5,53.8,137.6,11.7,26.6,3.2,6.6,1.2,6.6,1.8,12.3,6,12.7,2.2,0.4,4.2,0,1.8,1.2,5.4,5,217.1,285.6,35,3.2,1.8,15.1,8.3,6.4,5.4,0,0,0,0,0,0,0,0,0,0,0,0,0,0,0,0,0,0,0,0,0,0,0,0,0,0,0,0,96.9,97,97,94.4,95.6,87.7,95,86.9,78.6,86.6,86.6,80.4,89.7,90.3,83.4,84.7,90.6,94.5,85.7,85.3,93.6,84.2,87.2,75.8,96,85.9,,83.7,81.5,81.8,92.5,90.2,99.4,93.6,94,92.7,81.7,87.1,92.4,88.2,93.4,92.9,83.5,80.5,82.2,90.4,94.4,88,91.7,92.4,77.7,91.6,86.6,93.3,85,85.6,79.5,83.7,0,65.8,0,0,32.9,30.3,34,30.8,34.3,23.5,3,30.8,43.3,36.6,0.1,34.1,0.1,35,11,25.6,53.2,10.1,60.1,32.7,39.5,33,40.7,41.9,28.6,37.5,2.4,20.3,17.7,26.7,11.3,34.7,56.9,22.6,52.6,34,23.4,20.9,17.9,42.9,61.6,38.3,5,56.9,35.3,35,53.5,0.1,41.2,45.3,47.9,21.4,,53.8,,,53.8,53.8,53.8,51.8,54.8,60.9,37,56.6,48.2,57.4,40,44.6,40,60.9,25.1,30.2,18.8,33.3,82.5,50.5,47,49,45.7,47.2,38.6,39.5,19.2,36.3,33.8,41.2,50.2,51.3,53.3,43.3,29.6,34,47.2,40.8,49.4,56,50,56.2,53.3,53.3,64.8,61.9,56.4,40,52.4,53,54,48.9,273.5,82.7,19.7,16.9,18.6,17.2,26.3,7.3,9.3,6.8,3.7,2.7,3.3,3.8,2.5,2.4,,0.7,0,0,0,1.4,9.7
C41285,시군구,2023,경기도,고양시 일산동구,291597,486286.8,15.5,1.5,23.6,1100,1.6,108.5,89.8,15.2,51.5,23.9,32.7,18.4,1.9,F,60,0,100,T,0,5,6.7,21.7,298.5,26.7,1.7,3.3,6.7,6.7,5,10,8.3,21.7,26.7,1103.9,782.2,0,674.2,763.4,1103.9,313.8,422.5,261.3,352.5,59.7,74.1,24.3,30.2,24,32.2,12.3,18.9,9.3,13.7,8.9,0.3,8.9,0,7.9,1.7,14.1,13,1288.4,1444.5,95.7,15.4,7.2,57.6,29.1,31.6,10.6,0,0,0,0,0,0,0,0,0,0,0,0,0,0,0,0,0,0,0,0,0,0,0,0,0,0,0,0,96,93.9,97.6,92.9,92.8,82.6,92.4,82.4,74.5,83.4,80.4,77.7,89.1,86.1,82.7,85.5,89.1,94,81,82.6,90.3,83.7,90.4,74.5,95.4,83.9,,82.8,84.3,84.1,87.9,85.8,97.8,91.4,90.8,92.8,75.3,81.3,88.8,85.3,94.4,88.1,78.9,76.5,72.6,82,95.2,84.7,88.8,88.8,73.8,91.7,85.6,93,83.2,85.1,78.4,81,0,65.4,83,68.1,58.1,59.2,54.7,56.2,54.9,54.1,79.8,48.9,47.4,65.4,80.9,51.8,89,58,39.7,64.2,47.2,45.1,67,55.7,54.3,52.3,51.2,50.1,44.5,53.4,3.9,39.6,32.9,54.3,58.4,53.9,47.8,53.7,77.8,69.3,53.6,47,45.6,44.8,63.2,54.7,74.6,47.8,36.9,64,56.6,87.2,41.6,53.1,45.7,48.3,,21.5,16.4,11.7,19.8,19.1,24.9,19.7,16.8,16.3,14.1,17.8,27.2,26.7,16.1,18,16.2,21.4,16.4,19.4,30.3,31.5,41.7,20.3,22.2,20,26.9,26.2,19,19.6,6.2,18.3,15.7,23.4,10.1,22.2,20.4,18.9,27.5,12.2,17.3,15.9,19.1,21,31.6,22,20.9,20.4,24.7,35.5,36.6,15.9,27.2,29.6,32.3,17.3,260.6,72.7,18.1,19.5,20,16.7,25.7,6.9,7.9,7,3.3,3.6,5.7,2.6,2,1.5,,0,0,0,0,1.8,14.6
C41287,시군구,2023,경기도,고양시 일산서구,286872,673989.6,15.7,1.4,23,1080,1.5,112.6,88.3,16.6,51.6,23.7,32.7,16.5,1.9,F,42.6,0,100,T,0,2.3,2.3,14.1,448.7,11.7,0,2.3,2.3,2.3,2.3,4.7,2.3,14.1,11.7,449.7,316.9,0,224.8,224.8,449.7,111.5,205.7,70.8,161,17.4,37,4.9,8.7,2.1,7.3,3.1,11.2,6.6,13.6,3.1,0.3,1.7,0,2.8,0.3,7,5.9,360.8,450,37,3.1,2.4,39,5.2,16.7,2.4,0,0,0,0,0,0,0,0,0,0,0,0,0,0,0,0,0,0,0,0,0,0,0,0,0,0,0,0,96.4,86.7,96.3,88.1,90.8,79,90.4,79,73.2,81.2,76.6,77.1,87.4,84.7,81.8,83.7,90.7,94.8,74.9,77.9,90.2,84.9,90.5,69.6,96.6,81.3,,78.2,80.1,79.2,85.9,85.3,93.4,88.9,86.5,93.6,69.6,76.1,86.9,83.1,96.8,86,77.1,74.5,69.2,75.7,97.6,83.2,86,86.9,76.8,90.5,85.9,94.1,84.9,81.6,76.4,78,0,0,17.9,15.9,30.2,27.3,32.3,27,25.2,30.5,9.8,1.3,33.7,39.5,16.2,28.5,1.9,16.8,29.6,16.8,59.3,11.4,57.9,27.9,30.7,29.4,34.7,33.4,24.7,26.6,0,26.8,21.2,37.5,10.8,26,17.6,34.1,42.9,34.9,24.1,25.6,21.4,15.4,52.8,30.8,14.5,17.6,34,25.2,33.6,2.3,35.6,29.7,26,32.1,,,30.1,13.5,27.2,27.2,27.2,27,24.3,30.5,21.2,20,33.5,32.4,26,22.5,25,28.9,13.1,19.4,39.9,31,47.2,27.9,30.8,27.1,29.7,29.4,14.6,14.6,0,15.6,14,17.9,16.6,24.4,26.6,16.7,22.1,38.1,23.7,19.8,33.2,27.5,29.6,30,22,26.6,29.8,37.3,40,22.8,32.5,30.2,36.8,31.7,229.1,69.1,16.1,21.1,16.8,13.5,18.9,6.8,3.2,5.3,4.8,3.1,5.3,2.2,0.7,2.1,,0.9,0,0,0,0.9,11.9
C41290,시군구,2023,경기도,과천시,81000,225806.6,14.5,1,23.4,541,0.9,101.3,85.5,19.6,51,22.1,45.3,12,0.8,F,35.9,0,100,F,0,0,0,0,139.4,0,0,0,0,0,0,0,0,0,0,0,0,0,0,0,0,0,81.5,0,72.8,0,17.3,0,1.2,0,3.7,0,8.6,0,8.6,0,0,0,0,0,0,0,0,0,23.5,0,0,0,0,0,0,0,0,0,0,0,0,0,0,0,0,0,0,0,0,0,0,0,0,0,0,0,0,0,0,0,0,0,0,0,98.9,96.2,96.8,96.3,94.8,82.8,93.7,81.4,70.7,82.1,79.1,84.9,84.1,88.9,83,78.3,90.6,90.9,84.9,80.9,72.1,74.3,62.2,43.8,89,78.4,,74.3,58.5,57.2,74.5,78.4,62.2,80.7,78.7,85.6,78.6,77.8,79.2,82.1,50,57.9,79.6,80.7,80.5,80,100,79.3,77.9,79.2,84.9,82.4,89.1,91,77.5,74.5,84.7,76.7,0,0,0,0,0,0,0,0,0,0,0,0,0,0,0,0,0,0,0,0,0,0,0,0,0,0,0,0,0,0,0,0,0,0,0,0,0,0,0,0,0,0,0,0,0,0,0,0,0,0,0,0,0,0,0,0,,,,,,,,,,,,,,,,,,,,,,,,,,0,0,0,0,0,0,0,0,0,0,0,0,0,0,0,0,0,0,0,0,0,0,0,0,0,0,0,0,0,0,0,192.6,63.9,19.9,17.6,17.7,12.3,8.1,3.4,1.5,3.9,1.6,1.6,2.1,1.8,2.1,1.4,,1.7,0,0,0,3.3,8.3
C41310,시군구,2023,경기도,구리시,187093,561188.1,16.6,1.6,22.4,787,1.3,92.9,112.2,15.3,50.5,25.2,28.4,19,2.3,F,33.3,0,100,F,0,3,3,27,479.9,12,0,3,3,3,3,6,3,27,12,678.8,436.1,0,283.8,283.8,678.8,157.1,286.5,113.3,233,26.7,47.6,6.9,13.9,1.1,9.1,4.3,20.3,10.2,18.7,3.7,1.1,7.5,0,4.3,2.1,9.6,9.6,461.8,608.3,68.4,5.9,3.2,58.3,17.1,27.3,8.6,0,0,0,0,0,0,0,0,0,0,0,0,0,0,0,0,0,0,0,0,0,0,0,0,0,0,0,0,98.7,92,94.5,100,96.1,91,95.3,89.9,80.3,90.4,90.7,90.8,87,92.4,90.2,85.4,93,95.3,87.5,92.7,90.6,87.1,92.2,78.1,95.9,87.8,,85.9,77.9,78,88.4,87.9,98.3,88.8,86.8,92,88.7,92.6,95,89.5,100,98.1,89.5,90.8,89.6,87.5,98,90.6,90.2,95,89.7,87.8,93.6,94.9,90.1,90.4,90.7,89.9,0,0,28.4,29.5,40.4,37.5,40.5,41.3,43.3,22.7,5.2,17.7,49.5,47.8,30.2,30.5,1.8,29.3,65.4,17.4,36.9,39.7,80.5,44,52.4,48,53.6,54.9,61.2,60,84.4,59.7,53.8,69,25,56.5,56.3,52.9,18.2,25,45,37.4,51.8,38.6,55.1,49.4,33.7,56.3,45.1,44.7,61.1,3.2,46.4,47,58.9,45.4,,,43.1,19.1,23.8,23.8,23.8,27.3,25.7,23.9,21.9,26.1,38.1,24.9,40,20.6,25.9,28,28.1,19.4,28.8,24.2,43.6,28.2,30.8,32.1,33.7,34.1,29.4,29.6,26.4,29.6,26.4,34.9,21.5,26.2,26.7,27.2,36.4,15.9,29.7,33.1,35.3,34.2,28.4,31,18.8,26.7,30,43.9,38.3,18.8,32.4,30.1,35.1,31.2,291.1,81.9,17,20,18.9,21.3,25.5,7.8,7.4,8.9,3.4,7.9,6.4,4,1.6,2.5,,2.5,0,0,0,3.7,10.9
C41360,시군구,2023,경기도,남양주시,732265,159837.9,16.7,1.6,22.6,3094,1.6,95.6,103.1,18.2,50.4,24.1,30.6,19.5,2,T,458.1,6.3,97.6,F,0,0.2,0.4,3.9,81.4,3.5,0,0.4,0.7,1.3,0,1.3,0,3.9,3.5,266.6,376.2,0,54.6,95.5,266.6,33.2,112.9,32.6,106.9,6,21,3.3,6.8,0.8,7.1,1.8,9.8,4.2,10.9,1.1,0.1,1.6,0.3,0.4,1,7.9,7.2,94.5,166.1,36.1,1.9,2.7,12,9.7,1,3.8,0,0.1,0.2,1.2,0.1,0,1.5,0,1.4,12.8,0.1,0.1,0,0,0,1.3,0,0,4.3,0.1,0,1.4,0,1.1,1.7,1.4,1.1,0,98.2,83.4,94.4,94.9,90.8,72.3,90.6,73.9,52,76.5,73.1,75,63.1,83.5,80,64.9,83.9,76,74.1,85,72.6,53.1,70.8,68.8,93.2,75.6,,73.8,73.2,72.8,76.2,76.8,57.8,75.3,75.7,74.6,60.7,78.7,88.9,76.8,75.6,88.1,73.4,69.3,77.7,84.5,80.7,78.4,81.2,88.9,78.2,86.4,85.7,74.9,80.5,79.4,85.7,80,0,0,33.6,0,15.1,23.5,24.6,33,26.8,35.1,3.2,52.6,44.8,36.5,36.9,36.3,0,60,14.2,0,26.1,29.7,62.6,37.1,52.4,39.9,53.6,53.1,37.7,38.9,1.9,34.8,38.1,30.1,6.3,33.5,56.8,26.5,1.3,66.8,31.6,26.4,46.6,65.3,0,34.1,39.9,56.8,45.6,60.9,51.5,0,50.7,46.5,56.4,47.7,,,80.1,,62,66.2,66.2,68.9,62.1,69.8,89.3,72.9,73.9,68.7,78.4,54.7,,67.9,55.2,,68.5,70.1,79.4,59.8,45.6,53.6,46.9,46.4,52.4,52.4,70,52.2,51.9,52.6,59.7,63,61.9,60.7,100,69.8,66.5,64.1,70,66.9,0,70.2,74.5,61.9,71.4,75.6,76.9,0,72.9,69.8,74.7,72.9,294.3,78.7,19.9,23.8,23.5,22.3,24.7,9.3,7.5,7.6,4.2,5.3,3.4,4.3,3.8,2.3,,1.2,0,30.8,0.6,1.8,12.8
C41370,시군구,2023,경기도,오산시,229656,537942.1,11.7,1.5,24,1158,3.4,92.6,83.4,19,47.9,18,33.9,17.6,1.6,F,42.7,0,100,F,0,0,4.7,23.4,238.9,11.7,0,2.3,2.3,4.7,0,4.7,0,23.4,11.7,457.2,450.7,0,0,219.9,457.2,51.8,119.7,48.3,113.6,8.3,20,2.2,8.3,0.4,4.8,6.1,13.1,7.4,11.8,1.7,0,1.3,0,0.4,2.6,7,7,201.2,274.8,47.9,1.3,3,20.5,30.9,2.2,23.1,0,0,0,0,0,0,0,0,0,0,0,0,0,0,0,0,0,0,0,0,0,0,0,0,0,0,0,0,98,83.6,94.1,87,80.9,69.9,85.7,77.9,58.8,81,76.2,77.4,80.9,92.1,85.7,67.6,90.9,93.6,81.2,85.9,78.1,73.8,88.4,64.3,94.3,80.4,,74.4,73.7,74.2,87.7,84.8,98.4,88,92,77.6,59.6,74.3,94.2,79.1,90.6,93.8,76.3,66.1,74.8,82.8,95.9,78,63.8,94.2,84.1,94.1,89,92.3,83.4,77.8,89,83.7,0,0,29.4,0,0,29.2,23.8,37.9,32.3,22.3,0.7,70.7,59.2,30.5,33.6,28.9,0,65.1,10.5,36,44.9,41.7,57.2,41,55.4,40.8,49.3,50.4,59.9,59.6,61.2,53.1,52.9,53.7,2.6,26.5,76,28.4,87.5,60,32.2,24.5,35.3,47.4,65.8,32.1,0,76,51.6,76,64.3,0,57.4,41.6,72.3,45,,,71.4,,,61,57.9,54.8,60.4,61.7,71.4,52.5,52.7,56.2,73.1,48.2,,60,54.6,30.4,31.4,63.6,65.1,49.4,37.7,43.2,39.8,39.7,33.9,32.3,41,28.7,27.3,33,55.8,54.4,52.4,56.7,49.1,58.2,56.4,50.8,55.6,62.9,55.8,56.6,0,52.4,52,54.2,55.8,0,57.6,56,57.6,56.9,302.2,78.6,21,26.7,27,21.4,8.3,11.4,9.1,11.6,3.4,3.3,14.8,5.3,3.9,6.3,,0.9,0,0,0,1.9,19.5
C41390,시군구,2023,경기도,시흥시,519715,371393.8,11.5,1.5,23,3014,4.1,90.6,87.9,18.4,47.8,18.8,40,18,2.1,F,139.9,0,100,F,0,0.7,2.1,7.1,205.8,9.3,0,0.7,2.1,2.1,0,2.1,0,7.1,9.3,277.1,407.5,0,95.2,172.8,277.1,35.4,127.4,34.6,120.5,8.1,22.7,1.7,6.9,0.8,8.3,1.2,11.5,4.4,11.5,1.3,0.2,0.2,0,0.4,1.5,8.9,8.1,193.4,291.7,49.5,1.5,3.7,12.9,16.4,1.2,9,0,0,0,0,0,0,0,0,0,0,0,0,0,0,0,0,0,0,0,0,0,0,0,0,0,0,0,0,98.7,91,95,91.3,90.6,81.1,91.2,82.6,72.7,82,81.3,76.3,75.9,86.7,85.4,79.2,88.8,89.7,81.2,83.8,70,57.5,74.2,76.8,94.6,82.4,,83.4,86.7,86.7,80.3,80.7,78.3,78.7,78,80.2,63.7,82.5,88.4,78.1,75,81.7,80.1,81.7,81,83.8,61.5,85.8,67.9,88.4,82.3,91.2,87.4,88.2,89.3,84.4,85.5,83.7,0,0,20,0,35.1,40.1,34,37,39.4,23.5,3.6,40.4,51.5,40.9,18.8,38.1,0,41,12.6,2.4,37.2,27.7,68.3,39.5,49.8,39.1,59,60.3,38.9,45.7,0,31.2,28.1,37.4,6.2,36.8,49.4,33.6,0,11.9,34.1,28.3,42.7,46,0,37.1,0.2,49.4,38.7,58.7,55.5,0,61.2,52.2,58.4,43,,,83,,69.5,69.2,69.5,68.6,64.9,71.2,75,83.1,67.8,70.4,83.1,57.2,,72.3,48.6,17.9,64,63.9,84.5,59.7,42.6,49.8,42.3,42.1,44.5,44.5,0,42.8,41,45.7,63.3,62.9,65,58.2,0,29.4,64.6,60.3,72.5,70.3,0,69.9,33.3,65,64.9,74.2,68.5,0,72.8,66.9,68.3,66.5,304.3,83.6,24,24.5,21,26.6,10.5,7.4,8.6,6.8,4.6,4.6,9.9,4.7,2.7,5.4,,2.1,1,0,0,1.7,13.8
C41410,시군구,2023,경기도,군포시,261229,717297.1,16.7,1.6,22.4,1364,2.3,100,97.2,15.1,50.4,25.4,32.7,17.2,2.1,F,36.4,0,100,F,0,2.7,5.5,13.7,389.9,13.7,0,5.5,5.5,5.5,0,8.2,2.7,13.7,13.7,375.1,249.6,0,148.5,235.8,375.1,76.6,159.2,65.1,144.3,14.9,29.9,3.8,8.4,7.3,11.9,3.1,10,3.8,10,1.9,0.8,1.5,0,1.1,0.4,5,5,241.6,300.1,24.9,2.7,1.9,15.7,3.8,5.7,0.4,0,0,0,0,0,0,0,0,0,0,0,0,0,0,0,0,0,0,0,0,0,0,0,0,0,0,0,0,99.1,92.3,97.2,96.5,93,78.8,93.7,81.4,72.7,81.4,79.6,78.5,82.9,84.6,83.6,80.7,89.5,94.5,83.7,75.2,85.8,58.5,79,56.7,96.5,80.6,,78.6,75.3,75.2,84,82.5,98.9,85.7,84.5,88.2,68.2,80.5,88.8,83.3,96.3,76.7,78.6,73.6,80.8,78.7,98.7,82.5,55,88.8,82.2,85.7,87.7,92.1,80.1,73.2,81.9,77.3,0,0,73.9,0,23.7,35.7,37,35.2,31.8,27,49.3,46.6,39,44.5,68.1,34.5,75.6,33.3,26.1,2.4,31.1,30.8,65.3,35.1,34.6,29.5,35.4,34.9,27.6,30.5,0.3,22.9,18.2,32.7,11.8,34.9,47.1,32.6,88.9,48.3,20.6,14.2,43.8,22.2,88.3,32.7,11.3,47.1,16.9,53.2,53,70.8,25.5,23.3,39.4,30,,,31.3,,41.7,51.2,51.2,46.9,40.8,49.8,33.7,44.4,58.3,58.3,30.6,51.5,32.2,52.2,40.2,33.3,52,78,77.4,47.7,51.5,48.3,49.4,48.5,45.7,45.7,100,40.8,35.9,48.4,19,53.3,57.1,42.6,63.2,30.9,45,46.5,48.2,45.7,57.1,47.4,67,57.1,54.2,62.1,64.3,31.8,63.1,53.9,60.9,47.5,277,89.1,24.3,16.4,17.8,23,9.6,5.4,8.6,8.4,3.5,3.2,6.9,3.1,1.7,5.6,,0.7,0.7,0,0,3.6,13.4
C41430,시군구,2023,경기도,의왕시,158870,294033.6,16.7,1.4,22.1,768,1.2,92.5,105.4,15.7,50.4,25.5,35.7,16.2,1.1,F,54,0,100,F,0,0,0,1.9,127.7,5.6,0,0,1.9,0,0,0,0,1.9,5.6,99.5,342.4,0,0,0,99.5,25.2,81.8,22,75.5,1.9,10.7,0.6,5,0,0.6,0,9.4,1.9,4.4,0.6,0.6,12,0,0,0,5.7,5.7,67.4,139.7,43.4,17.6,0.6,1.9,2.5,0,0,0,0,0,0,0,0,0,0,0,0,0,0,0,0,0,0,0,0,0,0,0,0,0,0,0,0,0,0,99.5,97.8,99.2,100,96.3,85.9,95.6,84.8,69.9,86,83.8,84,88.7,88.7,87,80.7,93,96,86.7,83.4,89.9,65.3,90.9,66.7,95.8,83.7,,80.7,74.2,74.6,87.5,79.6,98.4,88.3,89.3,84.5,79.6,81.1,87.4,85.4,100,87.5,85.1,81.8,83.1,84.5,100,87.1,71.2,87.4,85.3,84.6,87.6,96,85.8,80.1,86.3,80.2,0,0,0,0,0,0,0,5.2,5.9,1.3,0,0,14.5,6.5,0,0,0,6.7,0,0,2.3,2.1,14.3,12.6,39.1,20.9,47.1,47.9,6.3,10.6,0,4.1,2.5,9.9,1,5,9.2,5.1,0,0,10.7,4.2,11.7,12.5,0,7.7,0.3,9.2,6.2,21.3,15.5,0,15,9.8,18.1,14,,,,,,,,69.9,66.7,62.3,,,73.8,69.5,,,,62.9,,,33.3,50,53.2,30.8,24.4,27.9,22.5,22.2,29,29,0,33.1,34.1,32.2,53.5,70.6,65.1,67.5,0,0,67.8,58.3,65.6,68.9,0,71.8,100,65.1,75.5,75,72.6,0,74.9,78.2,72.5,65,238.2,78.7,22.9,13,19.3,18.5,10.8,4.2,5,8,3.7,6,2.8,2.5,1.9,5,,0,0,0,0,4.8,16.5
C41450,시군구,2023,경기도,하남시,329861,354745.1,14.4,1.3,24.5,1844,1.3,84,91,18.9,50.2,21.4,51.5,17.1,1.3,F,93,0,100,F,0,0,0,7.5,246.3,7.5,0,0,0,0,0,2.2,0,7.5,7.5,121.6,384.4,0,0,0,121.6,11.8,123.4,11.8,116.7,3.3,21.5,0.6,7.3,0,7.6,0.3,13.3,3.6,9.7,0,0.3,0,0,0,2.7,8.8,7.9,35.8,133.1,52.4,0,2.4,9.7,23.9,0,15.5,0,0,0,0,0,0,0,0,0,0,0,0,0,0,0,0,0,0,0,0,0,0,0,0,0,0,0,0,98.5,95.1,97.5,97.9,94.4,85.7,93.2,83.9,76.7,84.6,82.8,88.7,87.3,82.2,88.1,79.6,92.4,92.6,80.6,78.2,65.7,71.5,72,67.1,94.5,81.9,,78.9,66.5,68.5,79.3,79.1,90.4,74.7,74.8,74.4,81.5,83.2,83.1,76.8,97.8,80.8,81.6,80.8,81,77.9,97.4,86.3,89.1,83.1,87.9,83.9,88.8,92.8,83.1,87.8,88.7,82.5,0,0,39.2,0,0,0,0,10.7,9.9,13.4,0,0,37.4,0,38.1,0,0,9.2,0.9,0,0,7.1,57.2,18.6,47.8,33.4,40,41.6,50.7,51.6,0,42.7,36.8,54.6,2.9,6.8,6.3,5.8,0,3.8,17.2,12.8,24.1,8.2,0,11.4,0,6.3,35.6,15.7,39.2,0,33.9,38.2,54.9,22.4,,,58.3,,,,,60.3,59.7,61.9,,,61.4,,58.6,,,72.2,57.9,,0,50,73.2,35.9,27,29.9,26.2,27.2,24.4,24.4,0,22.4,21.7,23.5,49.9,60,53.8,44.7,0,7.7,62.1,61.9,66.4,52,0,58.5,0,53.8,57,72.9,72.7,0,58.9,58.8,57.1,64.2,254.9,67.6,20.1,17.1,17.7,19,18.3,8.5,5,9.6,3.3,5.2,3.1,1.9,2.8,2.5,,1,0.5,0,0,2,5.4
C41461,시군구,2023,경기도,용인시 처인구,261488,55932.3,17.1,2,21.3,1091,2.3,98.3,92.4,16.1,48.6,25.2,47.9,19.2,0.9,T,467.5,0,92.6,F,0,0,0.4,1.5,21.8,1.3,0,0.4,0.6,0.4,0,0,0,1.5,1.3,452.8,292.2,0,0,183.2,452.8,49.3,108.2,47.4,101,8.4,21,2.3,3.1,0.8,3.8,2.3,8.4,5.4,9.6,1.5,0.4,1.9,0,0.4,0.8,6.1,5,260.4,319.7,25.2,6.1,1.5,11.9,10.7,1.9,3.8,0,1.3,4.1,1.1,0.2,0,5.2,0,0,4,0,0,0,0,0,0.1,0,0,3.8,0.9,0,5.5,0,0.1,0.6,0,0.7,0,97.7,78.9,91.1,90.4,81.5,64.2,87.5,75.8,61.2,76,75.8,70.2,69.8,88.2,77.5,63.9,82,78.8,74.9,80.1,55.6,66.2,82.7,60.8,92.2,73.8,,70.5,63.2,64,65.4,66.3,24.6,65.8,62.4,73.5,61,76.6,89.7,69.6,44.4,64.7,75.7,72,74.1,86.7,50,81.5,71.2,89.7,72.1,84.5,84.6,77.8,77.2,73.7,83.9,82,0,0,53.2,0,0,34.7,35.7,40.2,39,27.7,3,59.2,51.6,38.2,45.1,38.9,0,55.8,10.2,3.9,41,48,65.6,40.1,39.6,37.8,37.5,37.4,28.7,29.1,5.8,32.4,32.3,32.6,7.8,32.5,70.1,30.1,0,26.5,44.4,32.9,39.4,60.5,0,51.5,0.1,70.1,45,44.3,66.3,0,52.5,52.4,68.6,55.7,,,69.4,,,62,62,59.2,57.7,57.1,69,72.3,61.6,59.4,71,48.5,,74.8,60.1,6.3,23.8,65.9,81.5,56.1,46.1,57.4,51.9,51.4,53.9,53.8,100,60,65.1,51,22.9,56.9,65.8,59.1,0,25,60.2,56,61.4,63.7,0,60.7,16.7,65.8,69.7,68.1,59.8,0,65.4,63,62.9,65.8,321.1,85,27.1,23.4,25.6,22.4,15,12.1,9.2,8.6,3.8,4.9,4.4,8.4,3.3,3.8,,2.8,2.8,0,0,0.9,5.6
C41463,시군구,2023,경기도,용인시 기흥구,436656,534855.3,15.2,1.2,24,1880,1.4,106.4,87.4,18.9,50.7,21.3,47.9,15,0.9,T,81.6,0,100,F,0,1.2,2.4,9.8,279.3,13.5,0,2.4,2.4,2.4,1.2,1.2,1.2,9.8,13.5,301.6,511.2,0,151.6,203.8,301.6,71.9,185.5,67.3,172.2,15.1,34.8,3.7,6.9,2.1,6.4,4.1,13.3,4.4,9.8,3,2.1,6,0.5,1.1,1.8,10.1,9.4,304.6,436.7,64.8,5.5,4.4,9.4,13.1,2.7,8,0,0,0,0,0,0,0,0,0,0,0,0,0,0,0,0,0,0,0,0,0,0,0,0,0,0,0,0,98.4,90,96,99.2,90.6,81.1,91,82.3,77.8,82.3,80.6,75.4,88.5,89.2,82,82,91.9,96.1,81.5,79.7,78.1,80.3,87.9,48.8,94.4,81.3,,79.3,76.1,75.8,83.3,84.1,27.3,82.7,77,92.4,75.8,83.1,87.1,82.4,73.3,64.1,80.8,79.5,77.3,83.5,84.1,83.5,78.9,87.1,82.9,88.3,86,95.7,79.2,75.9,81.8,82.1,0,0,10.6,20.6,32.8,37,38,32.1,34.3,34.2,18.8,32.7,32.5,42.5,9.5,28.9,11.7,39.6,17.7,45,36.3,23.8,68.4,35.8,49.1,38.9,51.6,51.7,38.2,38.8,2.6,33.9,26.8,46.2,20.6,41.6,37.3,25.9,6.7,21.9,29.5,31.6,40,38.5,54.5,34.2,31.9,37.3,33.7,56,33.4,12.4,33.9,25.4,35.3,38.9,,,38.7,23.1,34,38.7,38.7,37.8,33.8,32.2,31.5,53.2,44.5,45.1,34.8,32,44,46.5,34.1,19.6,20.8,51.4,60.4,33.6,26.6,29.3,26.7,27.2,27.8,27.8,20,26.2,20.9,34.9,21.3,35.4,45.6,34.9,33.3,46.7,32.8,31.9,33.6,35.6,64.9,40.7,28.9,45.6,43.4,55.1,56,39.2,46.6,36.5,55.6,35,230.9,69.7,19,18.5,18.1,12.4,13.8,5.9,5,4.6,3.5,3.9,3.3,4.3,2,3.5,,2,1,0,0,3.1,15.1
C41465,시군구,2023,경기도,용인시 수지구,377422,896335.9,14.6,0.8,25.1,1804,1,106.1,85.4,20.4,51.3,20.1,47.9,12.2,0.9,T,42.1,0,100,F,0,0,0,11.9,513,9.5,0,0,0,0,0,2.4,0,11.9,9.5,209.3,192.6,0,0,0,209.3,9,93,8.7,89,0.5,17.8,0.3,2.6,0,7.2,0.3,7.4,1.6,6.6,0,0.5,0,0,3.2,0.5,3.7,3.4,56.2,126.1,22,1.3,1.6,21.2,7.4,14.6,2.6,0,0,0,0,0,0,0,0,0,0,0,0,0,0,0,0,0,0,0,0,0,0,0,0,0,0,0,0,98.9,95,98,98.7,93,82.1,92.3,80.8,72.6,81.1,78,75.8,87,86.6,79.9,78.9,92,95.2,81.2,79.8,80.7,80.8,83.6,43.8,94,79.3,,79.1,68.7,68.6,79.8,80.5,7.3,77.4,77.7,76.9,78.7,80.9,80.9,83.7,75,80.7,83.1,80.6,74.2,76.8,68.4,83.2,72,80.9,78.2,83.7,83.8,94.5,74.4,76.7,80.9,77.1,0,0,33.2,0,0,0,0,6.3,0,2.5,0,0,24.7,0,29.4,0,0,1.7,33.4,0,3.6,0,49.9,10.1,23.7,16.3,21.5,21.9,28.4,28.7,0,22.1,14.1,39.5,2.8,2.8,0.2,12.4,0,0,8.4,10.1,8.9,1.2,0,7.4,0.1,0.2,32.8,1.1,27.3,0,30.7,26.6,35.1,5.9,,,58.1,,,,,24.9,42.9,23.1,,,40.7,12.5,57.7,,,67.7,12.1,,100,0,70.5,28.3,32.5,30.1,31.8,33.8,17.8,17.8,0,13.6,10.1,18.8,18.2,15,16.1,9.6,0,0,20.1,23.4,25.9,17.9,0,22,100,16.1,25.6,39.5,52.2,0,29.7,29.8,48,27.6,203.7,65.6,12.1,16.8,13.7,12,10.4,4.6,3.1,6.8,3.5,2.7,3.3,2.3,3.4,1.5,,0.5,0,0,0,2.6,12.4
C41480,시군구,2023,경기도,파주시,497753,73855.5,15.7,1.7,22.5,2439,2.1,106.4,92.3,18.5,49.3,22.7,30,19,2.3,T,674,0,95.1,T,0,0,0.3,2.2,30.9,3,0,0.1,0.3,0.3,0,0.4,0.3,2.2,3,280.1,703.4,0,0,84.2,280.1,32.9,106.9,31.7,97.6,5.8,15.5,1.4,7.6,2,5.4,3.6,11.5,5.4,12.9,0.8,0,0.8,0.2,0.8,1.2,12.1,10.4,114.5,220.2,74.3,3.2,4.2,20.7,14.3,7.8,5.2,0,0.6,15,1.6,0.2,0.2,9.5,0,1.6,3,0,0,0,0,0.1,1.4,0.9,0,1.9,1.7,1.4,1.6,0.1,1.8,10.2,1.6,0.2,0.1,95.4,78.6,92.4,86.3,82.7,59.4,84.8,65.2,48.4,73.6,67.8,62.9,81.3,85.5,76.6,59.1,86,90.8,57.1,75.3,91.2,64.6,64.5,40.8,77.4,75.8,,75.3,84.3,84.6,88.8,83.9,95.2,88.7,88.8,88.5,55.5,64.8,83.6,77.1,77.8,81.5,71,67.5,57.8,75.8,82.4,78,70.7,83.6,70.7,89.7,83,89,81.1,72.1,80.5,72.5,0,0,46.6,0,0,15.8,7.1,37.7,26.8,14.7,45.6,72.5,52,12.6,46.8,4.4,61.4,50,75.9,0,21.2,21.9,70.2,46,70.5,54.2,74.3,75.3,73.3,58.4,92.6,76.1,78.7,70,5.9,23.5,62.4,40.6,4.8,32.3,43.1,37.1,31.6,53.7,17.6,44.6,0,62.4,46.9,72.9,58.6,57.6,62.7,40.5,65.8,43.2,,,85.5,,,82.9,81.7,74.7,83.2,82.9,84.8,72.6,79.6,82.7,86.3,69.1,91.4,78.9,66.4,,91.9,66.1,88.8,57.9,42.8,53.4,48.5,48,62.1,62.2,62.1,60.4,56.3,74.5,62.5,77.6,73.3,76.7,100,89.4,81.8,81.4,80.4,75.5,88.2,71.5,0,73.3,80.6,77.3,79.1,91.2,72.3,74.1,77.7,79.7,297.3,77.7,23.8,24.5,16.9,20.1,22.4,7.2,7.9,8.1,5.7,5.9,4.7,3.8,4.9,0.9,,2.5,0.8,0,0,1.2,13.4
C41500,시군구,2023,경기도,이천시,222098,48128.9,16.6,2,21.5,1148,2,101.1,98.1,16.8,47.9,24.6,43.9,16.8,2,T,461.5,0,83.3,F,0,0,0.2,1.1,24.5,1.3,0,0.2,0.2,0.2,0,0.4,0,1.1,1.3,236.4,388.1,0,0,92.8,236.4,27,118,26.6,107.2,5.4,21.6,1.4,6.3,0,10.4,0.9,8.1,5.9,11.7,0.9,0.5,2.3,0.5,0.5,0,7.2,6.3,90.5,171.1,31.1,4.1,3.6,11.3,2.7,1.8,0.5,0,32.7,89.9,72.5,14.4,7.2,94.6,0,8.5,11.4,0,0,0,0,0,62,0,0,11.4,5.5,8.5,95,1.1,8.5,70.6,3.9,0.3,0,96.1,25.2,83.5,38.9,23.3,0.9,48.6,29.9,28.6,33,35.1,16.9,0.9,15.3,47.1,34.5,64.4,1,28.6,27.4,17.7,2.1,31.7,30.8,88.4,42.5,,41.7,71.4,71.1,25.5,25.4,29.9,28.1,21.4,38.9,5.8,35.5,52.9,23.7,50,37.5,27.4,16.5,23.9,43,50,39.3,10.6,52.9,32.6,63.2,61.7,1.5,53.9,23.4,48.7,33.8,0,0,67.7,0,0,29.4,30.4,31.1,34.1,14.2,0,9.1,44.6,36.4,63.3,28.5,0,26,13,0,23.5,26.9,84.8,32.6,36.1,34.9,48.1,49,7.5,7.7,0,5,1.3,11.2,5.3,33.9,51.6,22,58.3,37.5,23.6,13.7,19.4,34.7,52.9,37,0,51.6,30.9,57.3,58.5,0,53.1,20.8,44.8,30.2,,,61.1,,,72,72,70.3,73.7,63.5,,88.1,69.6,69.7,63.1,73.7,,73.8,67.6,,71.1,70,75.8,62.5,50.7,56.9,52.2,52.3,67.7,67.7,0,72.4,66.7,73.6,66.2,70.9,72.7,68.9,100,50,70.5,67.7,75.2,73.7,100,69.8,0,72.7,66.7,72.3,72.1,0,63.4,59,62.1,68,316.4,77.2,24.3,23.3,19.3,21.8,12.1,8.2,9.4,8.5,8.6,7,4.1,7.5,9.5,3.2,,0.9,0.9,0,0,2.6,12.8
C41550,시군구,2023,경기도,안성시,189034,34152,20.2,2.2,19.7,868,2.6,106.2,117.3,15.1,48.3,28.9,29.6,18.9,2.8,T,553.5,0,71.6,F,0,0,0.4,0.7,15.2,1.3,0,0,0.4,0.4,0,0,0,0.7,1.3,278.8,459.2,0,0,216.4,278.8,40.2,114.3,40.2,106.3,7.9,17.5,2.1,6.3,1.1,7.4,2.1,10.1,4.2,6.9,1.6,1.1,2.6,0,0.5,0.5,9.5,9.5,161.9,247.6,50.8,4.8,3.7,12.7,9,2.1,3.2,0,6,96.5,5.3,4.5,0.8,10.1,0,0.4,19,0,0,0,0,0,0.9,0,0,4.4,3.6,0.4,17.6,0.2,0.9,14.3,0.3,2.1,0,98.1,51.9,89.7,53.1,61.3,45.1,70.1,57.3,28.4,55.2,53.7,44.5,29.1,68.3,67.1,41.3,69,17.2,56.5,64,34.1,33,43.3,39.7,88.5,57.6,,57.5,73.3,73.8,46.7,48.8,12.6,46.3,45.5,47.7,25.4,53.6,70.8,50.6,25,42.9,55.2,49.5,52.5,64.6,90,61.5,18.3,70.8,67.7,77.3,75,17.4,62,58.4,67.9,66.7,0,0,0,0,0,23.7,0,21.4,26.6,15.6,4,9.7,35.2,14.4,0,31.8,0,17.9,9.7,0,16.4,19.2,57.2,29.4,56,36.5,62.7,63.2,26.1,27.6,1.5,23.5,23.5,23.4,6.3,19.8,34.4,15.2,0,14.3,24.1,20.1,19.2,22.9,90,16.4,0,34.4,34.8,33.4,41.7,0,24.6,28.4,36.5,28.4,,,,,,81.3,,76.5,81.3,80.9,85,94.1,80.1,83.2,,78,,63.9,79.9,,95.7,87.5,93,63.8,52.8,59.1,53.8,53.9,70.7,70.6,100,69.4,78.7,57.5,73.9,81.3,79.5,86.7,0,41.7,81.2,80.3,74.8,83.2,94.7,74.4,0,79.5,50,85.4,82.5,0,73,56.7,74,75.6,315.7,77.3,35.1,23.2,18.5,17.7,9.7,8.1,9.3,5.6,4,4.8,5.6,7.5,7.1,2.2,,8.3,1.4,137.6,2.7,1.4,14.9
C41570,시군구,2023,경기도,김포시,486172,175769.5,14.7,1.4,23.8,2676,2.5,92.8,91.6,20.3,50.1,21.4,37.2,17.1,1.6,T,276.6,0,94.4,T,0,0.7,0.7,6.1,90.4,2.2,0,0.7,0.7,0.7,0,1.8,0.4,6.1,2.2,401.7,205.7,0,173,173,401.7,53.7,131.4,50.2,123.6,9.5,20.4,2.7,6.8,3.1,7.8,4.5,15.4,5.6,11.5,0.8,0,2.9,0.2,1.2,1.2,2.9,2.9,231.8,286.9,20.8,4.5,1.2,24.9,7.2,7.4,3.7,0,0,0,0,0,0,0,0,0,1,0,0,0,0,0,0,0,0,0.3,0,0,0.2,0,0,1.4,0,0,0,97.1,70.9,93.8,87.5,89.6,72.7,89.4,72.9,60.8,76.3,67.4,66.7,78,89.4,80.9,72.5,85.1,85.3,69.1,87.6,70.2,53.7,72.7,63.5,92.9,75.5,,67.1,72.3,73.7,74.3,80.1,47.1,69.9,66.4,78.8,49.6,69.1,90.7,74.4,94.1,80.9,65.2,61,65.4,85.3,90.3,77.1,51.9,90.7,79,92,83.8,84.7,85.8,79.4,85.4,78.8,0,0,46.8,0,48.5,43.7,48.8,51.2,40.5,33.3,29.4,73.8,60.7,59.8,50.4,43.6,35.3,72.6,31.5,2.2,47.3,39.1,76,49.6,41.1,37.6,47,48.9,46.2,55.8,1.2,37.1,33.3,47,7.9,43.8,77.2,49.9,51.8,56,36.6,31.1,39.7,71.7,61.9,52.7,2.5,77.2,58.2,79.5,66.4,33.9,66.5,59.5,70.7,56.2,,,65.7,,71.1,71.1,71.1,67.8,65.5,67.9,60.6,72.1,67.5,73.4,65.4,65.5,56.5,73.7,47.7,8.3,52.1,69.3,78.8,64.9,50.4,55.2,55,54.9,50.3,50.2,100,46.3,46.4,46.1,57.9,62.6,68.8,55.2,86.3,71.8,60.9,53.3,65.3,68.7,78.3,70,58.7,68.8,62.9,74.7,70.4,56.7,69.5,65.7,68.8,70,272,72.9,18.6,22.1,20.7,15.1,20.1,5.7,6.5,5.6,5,3.9,4.1,4,4.5,2.5,,2.2,1.1,0,0,4,16.4
C41590,시군구,2023,경기도,화성시,944342,134782.5,10.3,1.2,25,5865,2.3,92,80.3,21.7,48.1,16,61.1,14.2,1,T,700.6,8.3,90.5,F,0,0.1,0.4,2.7,63.1,1.6,0,0.1,0.6,0.4,0.3,1,0.3,2.7,1.6,265.3,177.6,0,86.1,130.8,265.3,52.5,131.2,41.7,114.6,8.8,20.6,2.4,5.4,3.3,9.7,4.4,14.1,4,9.3,1.6,0.1,1.5,0,0.5,0.4,2.8,2.4,173.8,236.5,19.2,1.9,1.7,11.6,2.3,1.8,1.2,0,0.6,18.1,0.5,0.5,0,3.8,0,0.7,14.7,0.8,0,0,0,0,0.3,0.3,0,1.1,1,0.7,3.7,0,0.7,1.7,0.7,0,0,98.1,78.9,94.8,79.8,80.7,60.6,82.1,63.9,50.7,69.6,59.7,60,74.1,80.4,76.3,63.6,84.1,88.6,60.6,67.1,75.3,59,61.9,44.8,84.6,68.5,,62,61,60.7,73.1,65.5,93.7,72.8,73.9,70.3,44.7,58.6,77.4,64.4,83.9,59.2,60.4,56.2,64.1,73.7,92.5,74.7,49.1,77.4,76.1,82.3,83.5,86.9,76.3,74.8,80.2,74.6,0,0,55.2,25.9,34.1,34.8,32.3,41.3,30.7,29.2,45.2,58.9,43.9,46.8,60.1,34.2,58.5,40.8,44,2.1,21.9,29.2,62.1,39.5,30.3,29.7,34.4,34.3,35.2,22.8,68.6,37.1,38.6,33.9,11,30.2,59.5,32.7,32.3,22.4,27.9,21.9,33.1,60.4,86.4,46.8,18.7,59.5,44.2,58.7,53.9,56.6,43.3,51.7,50.5,48.5,,,63.4,52.1,50.5,53.7,50.5,56.3,50.2,60.4,49.2,55.8,64.8,57.7,58.2,42.7,62.1,56.5,65.3,27.4,51.4,47.1,71.1,53.8,41.2,50.8,43.5,44.5,59.8,52.5,68.4,57.8,57.3,58.9,37.5,49.6,50.4,53.5,58.8,45.2,55.5,59,58.8,51.7,56.2,60.8,50.1,50.4,66,63.9,68,62,67.1,66.4,70.4,60.8,282.7,70.6,22.8,18.3,18.5,21.2,10.2,8.9,6.1,7.8,7.4,5.9,12,5,4,2.8,,2.2,0.9,14.9,0.4,1.2,8.9
C41610,시군구,2023,경기도,광주시,391377,90809.2,16.4,1.6,21.8,1875,2.3,86.4,100.6,16.6,49,24.6,36.6,19.2,1.4,T,431,10,94.3,F,0,0,0.2,0.7,35.7,1.4,0,0.2,0.2,0.2,0,0.5,0,0.7,1.4,142.1,273.9,0,0,65.4,142.1,18.4,82.3,18.4,77.4,3.3,15.1,1,3.8,0.5,3.1,0.8,7.9,3.1,6.9,0.5,0.8,0.5,0,1.5,1.5,6.9,5.9,89.9,153.8,34.7,0.8,2.6,24.3,13.8,12,6.6,0,0.1,0.2,0.5,0,0,5.1,0,0.1,0.8,0,0.1,0,0,0,0.1,0,0,0.8,0.6,0.1,5.3,0.1,0,5.3,0.1,0,0,98.3,89.6,93.7,92.2,87.7,63.5,90.6,74.1,56.7,72.5,64,63,78.2,79.7,75.6,60.3,84,88.8,66.1,73.9,72.3,66.8,66,70.2,79.2,70.4,,65.1,56.7,57.7,73.1,72.7,78.5,72.7,71.4,76,57,68.1,73,70.4,38.5,42.3,67,66.8,68.7,69.4,71.9,77.5,51,73,69.1,90,82.4,88.1,76.2,69.1,80,74.4,0,0,1.1,0,0,31.5,32.4,27.7,18.2,23.5,1,30.7,36.8,28.7,1.3,26.8,0,25.6,44.1,3.5,17,59.6,53.9,30,40,31.6,35.8,36.6,48,45.8,77.9,46.1,50.7,34.8,2.5,29.7,40.8,28.2,7.7,7.7,25.1,27.4,32.8,38.8,0,36.9,0,40.8,24.3,69.3,50.8,0,37.5,28.7,48.9,34.5,,,100,,,76.4,76.4,70.9,75.1,78.1,85.5,91,70.8,72,78.1,68.6,,84.3,29.4,75,72.7,73,86.8,59.5,39.8,51.3,44.6,44.5,30.6,29.2,49.5,24.2,25.5,20.5,61.9,68.6,79.6,44.3,40,5.4,67,61.1,65.4,73.8,0,72.3,0,79.6,69.2,83.5,69,0,73.3,65.4,73.2,69.6,282.6,76.5,23.2,24.4,14.9,14.2,13.2,9.9,8,7.2,4.2,4.9,12.1,6.1,3.2,2.9,,3.1,1,51.6,1.2,2.6,8.7
C41630,시군구,2023,경기도,양주시,268026,86324.3,17.2,1.9,21.7,1154,2.3,98.1,90.9,18.1,49.5,24.8,26.7,21,2.8,T,310.5,0,95,T,0,0,0,1.9,33.8,4.2,0,0,0,0.3,0,0.3,0.3,1.9,4.2,342.5,675.7,0,0,0,342.5,31,98.5,31,95.5,4.9,16.8,1.5,5.6,3.4,5.6,0.4,7.5,6.7,13.8,0.4,0.4,2.6,0,1.1,1.5,11.9,11.9,105.2,188.8,54.5,2.6,6,7.5,13.8,0,8.2,0,0,19.9,9.1,0,0,0.1,0,0.2,4.3,0,0,0,0,0,0,0,0,4.2,0,0,0,0.2,1.7,0.2,0.2,0.2,0,96.4,87,90.4,85.3,82.7,67.5,82.7,68.1,61.5,69,66.1,62.9,75.6,78.7,73.6,72.5,81.4,86.6,72.5,68.5,46.9,71,69.5,50,94.1,70.8,,71.2,79.7,77.7,59.2,77.9,2.6,57.2,40.4,80.1,44.3,70.6,76,77.1,19,28.6,68.5,67.3,71.3,72.7,28.6,67.7,60.7,76,75,84.6,79,85.7,74.9,76,69.3,75.3,0,0,43.8,0,0,0,0,7.8,2.1,0.1,35.6,13.2,30.6,0,48.4,0,51.6,1.2,0,0.3,0,1.6,39.5,16.9,50.2,23.1,51.8,45.8,15.3,20.3,0,14,16.1,11.1,0.5,1.2,1.3,0.7,0,0,8.5,4.2,12.7,2.5,0,5.9,0,1.3,20.3,2.5,30.6,51.4,20,31.1,22.3,9.3,,,53.3,,,,,59.8,76.5,20,50,55.9,66.8,,47.4,,56,57.1,0,33.3,,40,85.6,33.8,27.1,29,25.3,23.5,32.6,32.6,0,29.7,28.2,33.3,64.2,63.6,88.1,68.3,0,0,72.4,71.1,67,75,0,64.1,0,88.1,61.7,66.3,73.1,55.9,65.5,61.9,66.2,67.8,328,77.9,24.4,25.9,19.6,22.1,29,8.9,9.3,9.7,5.3,7.1,4.6,7.5,3.6,2.2,,2.2,0.7,0,0,1.4,12.8
C41650,시군구,2023,경기도,포천시,143323,17327,24.3,2.6,16.4,485,3.1,103.6,131.8,12,47.1,35.6,24.6,24.4,4,T,827.2,28.6,87.6,T,0,0,0.2,0.5,7.7,0.5,0,0.1,0.2,0.2,0,0.1,0.1,0.5,0.5,387.2,327.2,0,0,248.4,387.2,73.3,135.4,73.3,131.2,9.8,20.9,4.2,9.1,3.5,8.4,3.5,7.7,7.7,11.9,2.8,0,4.2,0.7,0,1.4,7,6.3,186.3,245.6,29.3,5.6,2.8,14,9.1,0.7,4.2,0,11.1,38.6,56.7,9,7.3,24.4,0.1,6,14.5,9,14.9,0,0.3,2.8,2.5,2.8,1.8,7.3,2.6,6,2.5,2.5,25.1,25.8,2.5,6,0,93.2,74.7,80.8,57.7,63,42.2,72.3,54,35.5,52.5,50.4,52.7,58.5,58.5,55.3,46.2,60.4,64,50.2,46.1,42.6,59.8,58.2,45.9,84.3,53.5,,51.4,49.3,49.6,59.2,59.6,0,57.3,54.4,60.2,32.5,51.7,58.4,48.8,9.1,67.5,51.9,44.2,67.8,60.6,66.7,54.9,49.7,58.4,48.3,72.6,65.4,60.4,59.2,49.6,53.1,54.2,0,0,15.4,0,0,27.7,17,24.3,26.8,20.6,11.7,19.2,37,33.9,17.7,23.4,21.3,20.2,0.2,0,31.3,35.1,71.9,27.1,36.5,26.9,29.6,29,38.3,38.6,0,32.3,31.5,33,4.7,22.5,43.8,10.9,18.2,55.4,27.2,17.7,50,36.8,66.7,31.2,0,43.8,19.8,48.1,50.4,20.2,38.5,25.1,31.6,19.8,,,88.9,,,65.3,78.3,66,64.8,65,81.4,58.9,70,66.5,81.9,64.9,84.4,70.3,50,0,87.5,57.8,84.9,62.1,55,65.5,71.2,71.8,68.9,68.9,0,62.7,56.6,70.2,76,71.4,50.3,69.2,100,95.8,71,74.2,76.4,62.2,75,63.3,0,50.3,74.6,68.5,68.4,86,74.6,72.5,68.2,71.3,366,89.5,31.6,24.7,24.1,32.5,25.7,5.9,11.1,11.4,7.3,6.3,2.9,8.2,7.9,1.3,,4,2,0,0,5.9,17.5
C41670,시군구,2023,경기도,여주시,114412,18811.3,25.3,2.6,17.6,396,2,104.4,110,13.6,49.2,35.4,21.5,20.8,3.6,T,608.2,8.3,75.7,F,0,0,0,0.3,8.4,0.8,0,0,0.2,0,0,0,0,0.3,0.8,230.7,874.9,0,0,0,230.7,35.8,115.4,35.8,103.1,6.1,19.2,1.7,8.7,0,3.5,0.9,5.2,5.2,10.5,0.9,1.7,7.9,0,1.7,1.7,14,13.1,68.2,195.8,90,2.6,5.2,12.2,15.7,1.7,7,0,20.9,98.6,98.8,19.1,18.2,98.6,0,18.2,83.7,0,0,0,0,0,95.3,0.1,0,6.3,10.9,18.2,98.9,0.1,2.8,97.9,8.6,9.8,0,93.9,33.4,73.9,12.8,19.9,0.4,26,7.5,3.8,34.7,33.9,25.8,0,53.8,42,31.8,58.8,0,10.4,35.3,13.8,1.9,12.3,23.7,78.9,42.4,,42.2,67.2,67.3,31.4,33.2,0,31.5,29.1,37.4,4.3,29.7,51.2,22.3,0,26.9,30.6,24.2,30.2,65.6,0,34.3,73.6,51.2,23.3,82.5,58.2,0,56.8,29.2,64.4,41.5,0,0,0,0,0,0,0,28.2,26.9,22.1,0,52.7,33.8,30,0,0,0,29.6,3.8,0,7.7,21.1,45.6,38.5,64.1,38.8,66,65.9,27.9,29.4,0,28.9,28.2,30.5,3.1,20.3,39.4,14.3,0,7.7,24.4,18.7,27.7,62.3,0,26.2,73.4,39.4,17.1,78.5,48.2,0,49,22.4,57.2,36,,,,,,,,81.8,79.9,83.6,,87.7,81.8,80.4,,,,85.2,80.7,,100,80,82.1,49.4,34.6,54.6,38.2,39.5,35.7,35.7,0,28.1,28,28.3,75.5,73.3,79,68.1,0,100,82.2,77.4,82.9,80.9,0,80.2,82.6,79,84.5,86.4,83.1,0,83.2,83.6,81.9,81.9,345.4,84.8,26.6,20.9,20.6,30,4.3,6,6.5,11,5.3,8.4,3.7,6.3,6.1,1,,0,0,0,0,2.4,9.5
C41800,시군구,2023,경기도,연천군,41584,6133.9,31,2.9,14.3,141,2,115.4,123.3,11.8,47.6,41.6,15,22.6,4.4,T,677.9,10,79.2,T,0,0,0,0.1,2.2,0.1,0,0,0.1,0,0,0,0,0.1,0.1,125,476.1,0,0,0,125,38.5,101,36.1,81.8,4.8,12,7.2,9.6,2.4,4.8,4.8,4.8,0,9.6,0,0,0,0,2.4,0,7.2,7.2,69.7,120.2,21.6,0,2.4,7.2,2.4,0,0,1.4,44.7,100,100,40.4,40.4,99.6,4,40.7,96.9,34.2,55.2,0.2,20.8,0.2,40.1,25.9,20.8,7.1,32.1,40.1,40.2,34.9,100,99.7,40.7,36.6,0.1,72.9,42.7,50,26.3,31.6,0.4,31.1,0.6,0.1,4.2,3.6,12.2,1,0.1,4.2,0.1,0.7,0.8,0.9,3.8,0,0,0,26.7,77.8,14.5,,23.7,39.1,42.3,9.1,9.2,0,12.9,6.7,19.9,2.4,1.9,6.1,2.5,0,0,5.2,3.3,4,6.8,0,7.4,10.1,6.1,1.9,10.2,8.2,0.8,12,7.5,8,6.9,0,0,0,0,0,0,0,1.1,0,11.5,0,0,0,0,0,0,0,0,0,0,0,26.7,68.3,6.1,18.6,11,16.3,17.8,0,0,0,0,0,0,1.7,0.2,0.9,0.8,0,0,0.4,0.6,0,0.2,0,3.5,0,0.9,0.6,2.7,0.3,0,3.2,2.9,1.1,1.7,,,,,,,,93.6,,93.6,,,,100,,,,,,,,100,86.1,84.2,83,81.1,84.4,84.3,0,0,0,0,0,0,100,100,100,100,0,0,100,81.8,0,100,0,92.9,0,100,100,100,50,0,95,96.4,75,94.7,328.6,89.6,22.2,23.1,10.4,26.2,21.4,8,15.8,3.9,7.3,4.7,3.7,4.7,3.1,9.3,,0,0,0,0,0,12.9
C41820,시군구,2023,경기도,가평군,62302,7392.1,30,3.4,15.1,185,3,105.9,129,11.4,48.4,41.3,20.5,23.8,4.6,T,842.8,66.7,87.3,F,0,0,0,0.2,3,0.6,0,0,0,0,0,0,0,0.2,0.6,258.4,730.3,0,0,0,258.4,24.1,94.7,22.5,81.9,6.4,11.2,1.6,12.8,1.6,8,0,1.6,1.6,8,1.6,0,8,0,0,0,9.6,8,133.2,248.8,65.8,3.2,0,4.8,8,0,0,0.5,13.2,31.2,40.4,10.8,6.6,81.6,6.3,82,99.8,11.3,57.4,14.4,14.5,28.1,82.1,45.5,24.9,99.8,30.7,44.7,82,38,77.2,95.4,76.8,79,3,86.8,43.2,52.2,30.8,46.7,3.9,45.5,3.8,0,14.7,21.4,18.5,4.6,22.9,16.1,0,25.4,0,8.6,22.2,0.6,2.2,4.4,8.7,41.8,16.8,,20,25.9,25.2,17.9,18.2,0,19.4,17.3,23.8,6.4,14.9,29,15.5,0,15,22.8,22.6,37.8,31.2,0,13.9,2.5,29,11,36.8,27.3,0,15.8,14.3,16.5,23.9,0,0,0,0,0,0,0,9.9,17.7,11,4.1,0,10.3,0,0,0,0,10.6,1.2,2.2,5.9,8.7,9,8.3,3.5,9.5,6.9,6.4,0.5,0.5,0,0.3,0,1,6.8,6.4,20.8,11.4,0,0,18.5,19.4,32.9,20.4,0,7.3,0,20.8,5.1,26,15.8,0,10.8,9.7,3.6,20.3,,,,,,,,59.6,74.6,96,48.5,,60.6,,,,,74,75,13.3,80,100,92.7,15.8,2.2,31.9,81,78.4,75,75,0,50,0,100,25.7,68.4,87.9,67.7,0,0,63,65,58.6,80.4,0,59.6,0,87.9,52.2,85,74.2,0,53.5,60.6,56.7,68,353.1,83,18.4,37,27.5,19.8,12.7,13.6,10.4,7.1,3.9,8.3,5.1,6.6,5.9,4.9,,0,0,552.5,10.6,0,26.9
C41830,시군구,2023,경기도,양평군,125238,14266.9,29.4,2.5,15.9,374,1.7,100.6,120.1,13.2,49.9,40.6,20.5,20.8,2.7,T,877.8,50,86.6,F,0,0,0,0.2,5.4,0.9,0,0,0.1,0,0,0,0,0.2,0.9,301.8,729,0,0,0,301.8,21.6,89.4,19.2,78.3,3.2,13.6,2.4,10.4,0,5.6,0,2.4,3.2,8,0.8,0,0.8,0,6.4,0.8,15.2,13.6,111,226.8,77.5,2.4,4,57.5,10.4,35.9,0,0,43,74.8,82.2,38.7,38.7,91.5,2.9,86.5,100,24,24.9,1.9,2.2,3.2,91.3,51.7,2.2,26.1,82.6,80.4,86,43.9,7.7,91.9,85.9,8.9,0.8,92.8,20.3,39.3,19.6,19.4,2.1,19.4,2.3,0.2,14.4,8.5,18.1,1.4,3.7,29,6.8,3.7,1.9,3.8,6.9,47.3,2.8,0,9.1,46,25.4,,28.3,52.2,49,45.6,47.8,0,44.8,40.5,54.5,1.9,7.5,10.4,33.4,4,0,17.1,10.6,11.2,14.9,3.7,17.4,4.9,10.4,11.5,24,33.9,1.8,11.6,15.1,28,24.6,0,0,0,0,0,0,0,11.5,5,15.6,0,0,26.3,7.7,0,0,0,3.7,46.3,0,0,7.3,41.7,23.4,49.3,27.1,53.5,50.6,39.7,41.7,0,35.9,28.4,52.7,0.8,3.6,4.4,30.8,0,1.6,13.7,8,7.4,8.2,0,14.8,1.2,4.4,8.4,12,30.7,0,6.6,11.4,23.4,21.2,,,,,,,,46,80.8,84.3,,,82.3,80.3,,,,40.4,23.6,,,25,89.5,38.9,36.1,40.6,46.3,48.3,29.1,30.2,0,19.9,15.9,28.9,28.7,34.8,69,45.8,0,3.8,44.4,30.1,61.9,53.5,0,56.4,63.6,69,69.6,56.3,63.2,0,63.6,65,69.6,58,300.2,88.1,30.4,13.9,11.3,23.4,18.8,6,9,5.2,4.8,5.9,5,6.7,2.3,2.1,,0,0,0,0,0,6.7
C43111,시군구,2023,충청북도,청주시 상당구,200575,49615.1,17.7,2.1,21.4,926,1.4,101.6,102.1,17.6,50.3,25.7,30.5,20.3,2.4,T,404.3,0,97,F,0,0.5,0.5,1.5,33.1,0.2,0,0.5,0.5,0.5,0,0.7,0,1.5,0.2,591.8,118.7,0,409.8,409.8,591.8,84.3,168.5,80.3,154.1,13.5,26.9,4.5,7.5,2,8,5,12,7.5,12.5,2,0,5.5,0,1.5,0,1.5,1.5,277.7,351.5,17,6,1,17.4,0.5,4,0,0,0.3,0.2,0.2,0.1,0,0.8,0,0.9,2.9,0.1,0,0.1,0.1,0.1,1.1,0,0.1,2.8,0.6,0.9,0.9,0.1,1,1.4,0.8,0.7,0.1,68.9,83.1,89.5,73.5,83.3,79.6,82.3,78.6,75.8,80.2,75.9,64.1,66.9,88.9,84.3,84.2,90,84,79.5,83.8,90.4,77.7,70.4,74.1,94.1,78.7,,76.7,71.5,71.6,86.6,85.8,94,86.8,85.3,89.1,52.2,83.4,89.9,88.6,70,82.5,80.8,74.1,73.6,88.1,91.4,80.8,57.5,89.9,73.8,90.8,91.5,80.5,82.2,81.4,85.2,82.3,0,0,23.2,0,44.6,43.9,46.4,39.3,38.5,27.3,15.1,45.7,49.4,50,33,43.3,0,39.4,2.1,21.5,33.8,25,38.7,34.3,11.1,19.7,12.1,11.5,1.4,1.5,0.3,1,0.7,1.5,5.7,39.1,62.6,50.2,70,5,27.6,17.2,31.4,54.5,87.7,34.7,0,62.6,19.9,48,54.9,0,42.2,46.5,54.9,35.4,,,47.8,,39.3,39.3,39.3,38.8,36.5,42.1,45.6,47.9,41.7,36.9,45.8,29.3,,42,35.4,27.6,40,45.8,58.1,37.8,27,29.2,26.3,26.4,35.4,34.9,100,32.2,24.2,42.3,36.8,35.9,38,29.2,43.8,50,31.7,28.2,36.6,36.9,42.3,36.3,0,38,42.1,47.2,45.1,0,37,37,39.4,36.6,325.5,86.4,24.4,23.2,27,20.7,16.4,9.6,6.4,11,3.6,5.9,3.2,5.2,2.5,4,,4,2,0,0,5.9,13.6
C43112,시군구,2023,충청북도,청주시 서원구,186302,151867.7,18.3,2.2,21.4,844,1.3,99.7,105.7,15.3,50.2,26.8,30.5,20.7,2.4,T,122.7,0,95.7,F,0.8,1.6,1.6,5.7,90.5,5.7,0.8,0.8,1.6,1.6,0.8,4.1,1.6,5.7,5.7,957,750.4,431.6,744.5,744.5,957,227.6,318.8,151.4,232.4,33.3,46.7,12.3,17.7,10.2,18.8,11.3,18.2,8.1,12.9,3.8,1.6,8.1,0,5.4,1.1,17.2,15,808.4,952.8,92.3,8.1,3.8,42.9,29,25.2,16.6,0,0,0,0,0,0,0,0,0,0.7,0,0,0,0,0,0,0,0,0,0,0,0,0,0,0,0,0,0,73.7,87,96.8,70,82.4,80.5,81.4,79.3,77.7,81.4,76.9,63.1,68,89.1,84.1,86.5,92.1,90.4,80.1,81.6,93.7,78.3,75,80.6,96.6,80.9,,83.6,82.5,82,93.3,92.8,99.3,93.3,90.6,96.9,55.3,87.3,91.9,90.4,87.5,83.3,84.1,80.8,71.1,89.1,100,82.4,61.4,91.9,79.4,90,93.2,86,87.1,81.9,84.4,83.9,70.8,85.7,70.2,51.7,39.7,39,36.5,34.3,39,33.7,51.6,15.9,15.6,44.5,70.6,35.4,79.3,29.5,37.3,66.2,39.3,9.3,47.2,38.3,54,47,55.1,53.7,44.4,48,0.7,46.2,48.5,43.1,44.5,49.3,19.6,28.3,37.5,44.4,42.8,40.2,19.9,20.4,9.8,31.4,50.7,19.6,8.8,9.6,15.1,76.1,23.7,13.7,10.7,42.8,19.8,19.8,18,12.5,20.3,20.3,19.8,21,20.4,19.9,19.4,17.2,21.5,21.5,19.9,19.2,20.1,16.3,21.8,17.5,14.2,30.3,43.8,21.8,24,21.9,23,21.7,25.9,25.9,13.3,28.3,28.1,28.7,19.5,21.8,20,21.7,25,16.3,20.5,20.8,15.3,21.2,21.1,21.2,20.6,20,24.3,19.5,24.7,19.6,24.3,20.4,22,23.3,309.9,84.4,15.4,29.5,22.3,23.7,12.7,5,5.5,10.8,4.9,5.8,2.8,5.3,4.9,4.8,,3.5,3.5,0,0,3.5,11.5
C43113,시군구,2023,충청북도,청주시 흥덕구,274594,137910.9,13.1,1.5,23.8,1659,1.4,94.1,94.2,17.8,49.1,20.1,30.5,17.8,2.4,T,199.1,0,99.2,F,0,0.5,1,5,90.4,1,0,0.5,1,1,0.5,2,0,5,1,552.1,174.1,0,161.3,237.1,552.1,50.3,157.3,44.8,138.8,6.2,18.2,2.2,8.4,1.1,8.4,4,11.3,6.2,10.9,1.8,0.7,0.7,0,2.5,1.1,4,3.3,215.2,294.3,22.2,3.3,1.1,36.1,10.9,19.7,6.9,0,0,0,0,0,0,0,0,0,0.1,0,0,0,0,0,0,0,0,0,0,0,0,0,0,0,0,0,0,69,83.1,93.9,76.6,79.6,76.9,78.6,75.8,72.8,79.3,73.2,59.7,73.5,87.4,82.7,83.9,91.4,88.1,80,85.2,87.6,78,80.5,88.2,95.5,78.5,,79.9,76.7,77.1,84.8,86,74.5,85.9,84.8,87.1,52.2,86.5,89.7,88.1,90,87.3,82.3,78.5,74,90.2,73.9,81.1,50.3,89.7,79.1,91.8,91.1,86.2,82.7,80.1,85,82.3,0,0,15.3,0,23.9,24.4,25.2,31.1,20.2,17,3.3,47.7,52.2,30.8,14.3,29.5,0,41.9,32.6,0,18.8,76.3,49.6,29.9,23.2,28.7,16.8,17.7,38.9,39,38.4,41.4,42.9,39.7,3.6,31.4,39.2,38.1,40,3.2,26.9,32.3,37.9,46.8,0,37.9,0,39.2,59.7,48.5,68.7,0,39.1,48.4,55.3,25.3,,,46.2,,46.8,44.8,46.8,37.8,41.3,30.1,56.5,44.3,31.5,48.1,44.1,34.2,,53.3,25.7,,47.1,8.6,46.2,36,27,31.3,27,27.9,28.6,26.4,91.5,31.3,32.9,29.4,45.9,43,45.7,33.6,36.4,25,33,32.6,34.6,50,0,40.4,0,45.7,30.4,45.5,29.8,0,33.8,35.1,35.5,38.3,296.4,74.1,21,27.3,18.8,17.4,15.5,6.4,8.1,5.6,6.1,4.1,2.6,4.2,5.1,1.8,,3.4,1.7,56,1.5,5,16
C43114,시군구,2023,충청북도,청주시 청원구,190718,88702.6,15.2,1.8,22.5,1117,1.6,103.5,94.4,18.6,48.5,22.1,30.5,18.6,2.4,T,215,25,95.1,F,0,0.5,0.5,3.7,49.3,0.9,0,0.5,0.5,0.5,0,1.9,0.5,3.7,0.9,702.1,130.6,0,215,215,702.1,65.5,145.8,64.5,138.9,13.6,27.3,3.7,8.9,5.8,10.5,6.8,11.5,4.2,9.4,2.6,0,0.5,1,3.7,1,3.1,3.1,280,342.9,21.5,2.1,1.6,55.6,8.4,28.8,5.8,0,0,0,0,0,0,0,0,0,0.1,0,0,0,0,0,0,0,0,0.1,0,0,0,0,0,0,0,0,0,65.5,81.3,95.3,73.6,79.6,77.3,78.5,76.1,70.5,79.5,75,62.9,77.5,88.6,79.5,77.7,88.5,89.8,78.2,80.2,88.6,83.4,78.4,78.1,97.3,78,,77.9,74.4,73.2,88.2,87.3,93.7,89,91.4,86.8,54.1,81,91,90.5,33.3,64.5,79.7,77.4,69.9,88.7,76.9,81.8,66.4,91,74.2,92,88.1,88.5,81.1,74.9,82.7,84,0,0,49.6,0,32.6,31.8,33.8,38.8,32.8,33.4,52,52.7,30.7,34.3,46.6,29.6,69.9,40.4,60.8,4.9,16.2,14.6,70.5,34.9,12.3,29.5,19.8,20.3,55.2,49,93.7,54.7,56.7,52.9,19.3,25.6,49.1,39.7,0,45.2,33.3,38.5,29.6,51.5,0,45.3,25.6,49.1,36.3,71.2,38,67.1,41.8,36.4,41,46.9,,,49.2,,37,37,37,33.2,30.9,36.2,40.7,36.5,26.7,40.4,44.8,34.3,42.1,36.4,23.2,53.3,16.2,53.8,45.6,33,29.9,28.2,25.7,27.5,24.7,24.3,26.4,24.9,22.1,28.5,27.7,29.9,33.5,29.4,0,21.9,28.5,28.3,30.8,28.1,0,34.3,25.5,33.5,29,37.1,40.9,43.5,27.3,29.1,35.1,33.8,322.2,87.1,21.6,26.9,20,17.5,19.7,9.1,5.2,7.8,2.9,7.4,1.5,4.5,3.5,1.9,,0.9,0,0,0,0,17
C43130,시군구,2023,충청북도,충주시,207778,21131.6,23.1,2.4,18.1,848,1.8,109.3,108.2,14.5,49.3,32.7,18.2,22,3.6,T,983.3,24,88.6,F,0,0.1,0.2,0.5,13.2,0.8,0,0.1,0.2,0.2,0,0.4,0,0.5,0.8,427.9,588.1,0,144.9,286.4,427.9,48.1,150.6,47.2,137.2,11.1,24.1,3.9,9.6,2.4,11.6,1,6.7,3.9,12.5,1,0,2.4,0,1,0.5,11.6,9.6,269,401.9,60.6,3.4,4.3,11.1,5.8,1.9,0.5,0,90.7,100,100,90.3,0,1.3,0,1.3,6.1,0,0,0.4,0.5,0.5,1.4,0.4,0.5,6.1,1.9,1.3,1.4,1.1,4.2,99.3,1.1,1.1,0.3,47.1,5.3,45.5,5.1,49.7,47.2,56.1,52.5,44.9,49.5,40.3,51.3,10.3,57.2,47.9,56.5,51.9,25.6,51.2,49.8,6.4,38.5,80.7,61.8,93.2,57.1,,51.2,77.9,77.9,25.8,26.3,0,24.1,18.7,32.3,21.3,40.3,57.2,50.5,62.5,28.2,29,21.6,71,42.5,30,67.9,14.3,57.2,16.7,71.8,61.8,8,50.5,48.5,61.4,52,0,0,40.9,0,47.7,54,47.5,50.3,41.4,53.3,10.4,57.3,47.8,62.5,52.2,53.3,25.6,52.1,6.5,38.5,80,61.2,90.7,57.9,76.9,51.7,78.7,79.1,25.6,26.1,0,23.4,17.6,32.3,22.5,41.2,59.2,51.3,62.5,30.6,29.5,21.4,72.2,42.3,45,68.5,16.5,59.2,15.3,72.9,62.4,8,50.3,48.8,60.5,52.3,,,75,,73.8,76.5,73.8,73.7,80.1,82.7,82.8,83.9,80.5,76.3,79,79.4,82.5,78.9,74.1,80,77.3,64.6,92.7,72.4,70.2,69.9,69.7,69.3,74.1,74.1,0,68.2,52.9,89.2,52.1,77.6,85.2,77.5,50,92.9,67.4,72.7,73.1,80.1,75,73.4,50.7,85.2,65,75,77.6,88.2,44,63.2,71.9,75.2,358.9,86.3,31.6,33.9,25.2,24.4,15.7,11,12.1,8.3,4,5.4,6.1,5.8,6.4,4.5,,3.2,2.2,0,0,1.1,4.3
C43150,시군구,2023,충청북도,제천시,130194,14748.3,25.9,2.9,17.2,487,1.7,103.4,113.9,14,49.7,36.1,13.9,24.3,3.9,T,882.8,41.2,61.8,F,0,0,0.2,0.3,9.3,0.6,0,0.1,0.2,0.2,0,0.2,0,0.3,0.6,420.9,504.6,0,0,349.5,420.9,51.5,128.3,51.5,119.1,10,21.5,3.1,7.7,0.8,7.7,2.3,8.4,5.4,11.5,1.5,0.8,4.6,0,0,0.8,6.9,6.1,261.1,359.5,50.7,2.3,3.8,10.8,14.6,0.8,6.9,0,8.2,100,100,7.5,5.4,98,1.4,4.3,5.6,5.9,1.5,3.7,4.2,4.3,98.1,2.3,4.2,5.6,2.3,4.3,12,4.3,99.4,99.5,4.3,4.3,3.2,46.2,59.3,83.6,61.7,35.7,0.4,69.1,52.8,40.8,47.8,46.6,46.9,0.1,47,46.3,67.5,48.9,0,43.1,64.7,1.1,0,60.8,38.3,91.4,50.2,,41.5,65.2,65.6,34.5,35.4,0,38.2,45.4,29.4,11.7,40.6,62.2,36.9,44.4,78.5,32,26.4,30.3,71.2,88.9,62.3,0,62.2,41.7,75.6,64.1,0,48.3,41.2,55,49.3,0,0,63.9,0,0,54,42.4,48.8,47.7,48.8,0.1,47.5,47.2,70.5,47,44.6,0,65.4,0,0,63.1,37.2,92.3,51.1,60,41.5,65.3,65.7,34.6,35.6,0,37.6,45.7,27.6,11.9,41.7,65.1,37.2,44.4,81.3,31.9,26.1,30.7,72.7,88.9,63.6,0,65.1,42.1,77.3,64.9,0,48.3,41.4,57.2,49.9,,,72.2,,,62.8,68.3,62.8,59.4,62.9,100,70.3,62.8,64.1,72.9,57,,73.4,,,62.1,66,69.9,61.8,58.7,59.7,55.7,56.3,62,62,0,63.4,61.1,68.7,69.2,55.9,61.1,58.1,100,60.4,65.4,63.3,59.9,68,54.5,66,0,61.1,59,66.2,61,0,70.8,60.8,61.6,63.4,335.3,82.3,33.2,32.6,27.5,20.5,9.6,5.2,10.1,9.9,3.8,4.6,5.1,3.9,4.1,4.3,,4,2,0,0,5.9,7.9
C43720,시군구,2023,충청북도,보은군,31010,5307.5,39.3,3.5,10.7,66,2.8,125.5,139.3,9.6,49.5,51.9,10.4,25.2,4,T,584.3,45.5,76.9,F,0,0,0,0.2,2.4,0.5,0,0,0,0,0,0,0,0.2,0.5,361.2,1189.9,0,0,0,361.2,32.2,116.1,32.2,96.7,3.2,19.3,0,12.9,0,3.2,3.2,6.4,6.4,9.7,0,0,12.9,0,0,0,19.3,16.1,112.9,280.6,93.5,9.7,9.7,9.7,12.9,0,0,0,30.2,21.6,21.6,18.7,8.4,93,3.8,43.1,99.9,9.7,10.1,0.5,0.5,0.5,95.3,0.8,0.5,98.8,96.8,43.1,93.5,0.5,43.2,98.8,44.5,93.9,0.4,65.8,42.9,57.1,37.5,47,4.1,46.1,4.4,0.2,23.5,32.6,11.9,1,15.1,40.8,0.2,1.5,2.6,6.2,31.2,4.8,0,33.3,21.9,61.7,29.2,,23.4,45.1,44.5,3.3,3.3,,0,0,0,10.4,21.3,33.9,13.3,0,0,10.8,10.8,25.7,22.4,15,47.8,1,33.9,10.8,66.4,36,2.6,29.1,28.3,55.6,19.6,0,0,0,0,0,0,0,20.7,30.4,9.5,0,13.7,38.4,0,0,0,0,28.5,0,0,33.3,21.9,59.5,27.3,43,21.4,44.7,44,0,0,0,0,0,0,8.7,17.3,31.2,8.4,0,0,8.4,7.1,23.8,19,0,46.1,0,31.2,9.1,66.5,30.7,0,26.8,25.4,53.7,17.9,,,,,,,,83.4,83.8,85.4,,89.5,82.3,,,,,81.8,,,60,87.5,94.7,58.4,43.5,59.6,75.6,75.4,0,0,0,0,0,0,86.3,84.2,82.8,75,0,0,87.8,85,71,81.6,0,82.8,0,82.8,87.2,84.4,82.3,0,85.3,81.1,81.5,84.8,368,89.4,27.4,34.7,25.1,19.3,16.2,5.2,17.1,6.1,4.6,1.5,7.5,4.6,12.3,2.3,,14.5,14.5,0,0,14.5,41.7
C43730,시군구,2023,충청북도,옥천군,48891,9099.7,34.1,3.8,13.5,116,2.6,117.7,185.1,11.3,49.4,45.5,10.7,25.1,3.8,T,537.3,22.2,89.5,F,0,0,0.2,0.2,5.4,0.6,0,0,0.2,0.2,0,0,0,0.2,0.6,335.4,1073.8,0,0,335.4,335.4,34.8,118.6,32.7,108.4,6.1,20.5,2,14.3,2,4.1,0,4.1,6.1,8.2,0,0,0,0,2,0,8.2,8.2,88,247.5,79.8,4.1,2,18.4,2,4.1,0,0,10.9,10.4,10.4,10,8.1,27.5,0,8.8,64.5,2.5,1.9,0.2,0.2,0.2,21.5,2.7,0.2,11.3,4.8,8.8,10.5,0.2,8.8,25.9,8.8,10.4,0.2,71.9,76.2,93.8,77.8,67.2,43.8,75.2,56.8,8.4,55,56.1,49.8,52.3,61.2,60.2,30.8,78.4,54.8,61.2,60.1,41.3,34.4,68.8,63.4,77.9,58.6,,62.2,67.8,67.5,43.3,43.6,33.3,42.1,52.2,28.1,39.5,59.1,62.1,49.5,100,44.4,57.8,55.8,62.2,61.6,12.5,62.3,51.2,62.1,46,75.5,60,54.8,55.6,47.9,71.6,56.2,0,0,0,0,0,26.3,0,21.1,24.1,12.3,0,0,29.3,26.8,0,34.1,0,18.6,17.6,0,31.3,4.2,53.4,27.2,37.2,36.1,43.5,43.6,9,9.2,0,3.7,2.5,5.3,5.6,25.1,35.6,16.3,0,11.1,28.4,30,25.9,31.1,0,28.6,0,35.6,15.8,39.1,25.3,0,22.6,16.5,46,24.6,,,,,,83.8,,83.8,84,81.3,,,84.1,82.9,,84.3,,80,83.5,,100,100,81.1,83.8,83.8,85.8,83.7,83.3,83.5,83.5,0,78.1,90.9,71.4,78.4,85,82.6,84.5,0,100,85.6,86.5,82.6,86.1,0,83.4,0,82.6,86.8,85.3,82.4,0,87,81,83.1,85.7,338.1,65.5,24.3,25.4,23.1,17.5,5.8,8.6,7.9,5.6,7.5,2.7,2.9,5.1,7.4,0.2,,0,0,0,0,0,25.2
C43740,시군구,2023,충청북도,영동군,44195,5218.4,36.6,3.1,12.2,98,2.1,119.9,187.9,10.3,49.9,48.6,8.2,26,4.1,T,846.9,72.7,72.6,F,0,0,0,0.1,3.1,0.2,0,0,0.1,0,0,0.1,0,0.1,0.2,364.3,706,0,0,0,364.3,29.4,122.2,29.4,97.3,2.3,15.8,4.5,6.8,4.5,4.5,0,2.3,2.3,9.1,0,0,4.5,0,0,0,11.3,11.3,92.8,230.8,58.8,2.3,4.5,9.1,4.5,0,0,0,80.5,92.2,92.2,76.4,74.4,100,4.2,60.7,94.1,13.7,11.4,2.6,4.7,4.7,78,84.1,4.7,11.4,2.3,60.7,4.7,4.7,62.3,100,60.7,4.7,4.7,58.5,6.2,33.3,0,7.3,0,16.9,8.4,2.2,28,37.7,21.8,4.2,3.5,19.1,27.6,6.1,12,13.7,28.1,1.1,0,14.8,21.4,81.4,38.5,,42.8,62.8,63,3.1,3.2,0,2.5,3.3,1.2,9.7,33,46.2,21.5,0,21.7,32.7,30.7,41.6,44,0,45,1.7,46.2,43.1,61.2,32.5,11.8,15.7,41.8,41.5,28.7,0,0,0,0,0,0,0,24.9,33.5,21.2,3,0,14,29.8,3.1,0,6,21,0,0,3.7,21.4,74.5,36.7,57.4,42.2,63.2,63.8,0,0,0,0,0,0,8.4,27.8,37,19.7,0,0,32.2,29.7,38.8,37.5,0,42.9,0,37,45.4,58.5,24.2,5.9,12.1,40.8,38.6,26.7,,,0,,,,,76.4,76.1,72.8,80,,74.9,77.8,75,,75,74,,,33.3,75,88,75.9,75.6,75.8,76.1,75.6,0,0,0,0,0,0,82.3,79.1,74.7,79.7,0,0,77.3,77.6,73.5,74.7,0,76.4,0,74.7,78.8,74.2,77.3,75,72.4,76.6,76.5,75.9,394.9,102.8,30.2,24.1,29.1,16.4,8.5,15.6,12,6.2,4.5,6.2,3.4,4.6,12.3,3.1,,0,0,0,0,0,18.9
C43745,시군구,2023,충청북도,증평군,37484,45822.3,20.5,2.7,18.7,202,2.8,104.6,111.1,16,47.9,29,15.7,22.1,3.1,T,81.8,0,94.3,F,0,0,0,0,25.7,1.2,0,0,0,0,0,0,0,0,1.2,0,512.2,0,0,0,0,0,69.4,0,61.4,0,13.3,0,5.3,0,5.3,0,2.7,0,8,0,0,0,0,0,0,5.3,5.3,0,77.4,45.4,0,2.7,0,2.7,0,0,0,0,0,0,0,0,0,0,0,10,0,0,0,0,0,0,0,0,0.5,0,0,0,0,0,1.1,0,0,0,63.4,75.3,88.2,68.8,74.6,62.5,73.2,61,28.5,64.3,63.5,49.4,57,75.7,66.9,31.8,63.4,69.7,65.4,67.9,60.7,79.6,36.4,16.7,92,62.7,,61.3,58.3,61.6,57.4,67.5,5.6,55.5,81.9,38.2,31.5,66.2,78.4,79.7,100,66.7,64,65,54.8,80.1,100,65.9,24.2,78.4,59.5,83.4,76.8,68.1,69.6,65.4,65.6,65.6,0,0,0,0,0,0,0,0.4,0,0,0,0,0,0,0,0,0,0,0,0,0,0,38.5,5.5,32,9.9,29.4,31.1,0,0,0,0,0,0,0.2,0,0,0.1,0,0,0.7,0.3,1.7,0.7,0,0.3,0,0,0,0,0.4,0,2.2,1.7,1.8,0.4,,,,,,,,64.6,,,,,,,,,,,,,,,69.6,34.9,34,35.9,31.3,32.7,0,0,0,0,0,0,75,0,0,100,0,0,66.7,33.3,100,62.5,0,77.8,0,0,0,0,100,0,70,58.8,100,60,346.4,79.5,28.4,31.1,25.8,20,17.2,5.9,9.4,12.8,3.7,8.7,1.2,6.2,22.8,4.8,,0,0,0,0,4.7,4.7
C43750,시군구,2023,충청북도,진천군,86254,21172.6,18.5,1.9,19.5,430,3.3,113,111.9,17.4,47.1,26.6,26.4,18.1,2.2,T,407.4,14.3,84.3,F,0,0,0.2,0.5,9.8,0.2,0,0,0.2,0.2,0,0.2,0,0.5,0.2,375.6,304.9,0,0,279.4,375.6,33.6,95.1,32.5,85.8,4.6,15.1,7,8.1,0,1.2,1.2,5.8,3.5,10.4,1.2,0,4.6,0,0,0,5.8,5.8,85.8,134.5,25.5,9.3,1.2,16.2,2.3,1.2,1.2,0,1.6,12.3,0.7,0.2,0,52.6,0,0,94.9,0,0,0,0,0,47.4,0,0,0,0,0,53.1,0,47.8,77.4,0,0,0,81.7,57.3,55.6,50,54.5,13,65.5,36.3,3.3,33.8,35.1,57.5,9.8,25.1,41.3,36.6,26.5,13.2,50,30.7,18.3,0,50,16.7,82.9,38.9,,44.1,57.7,59.4,28.6,31.6,0,36.4,35.3,38.2,9.3,32.3,54.4,28.6,50,14.3,35.7,39.8,41.5,42.9,0,35.8,15.9,54.4,23.1,46,50.6,12.8,35.5,26.9,62.4,38.2,0,0,0,0,0,27.3,0,22.6,22.4,52.9,0,10.9,30.1,34.1,18.8,40.4,0,21.5,0,0,41.1,15,71.5,28.7,48.5,33.3,50.6,52.6,14.3,15.7,0,19.9,18.8,21.7,4.4,20.6,42.9,10.9,0,7.1,22.7,26.7,31.8,25.1,0,25.1,0,42.9,12.7,31.6,41.6,0,21.8,15.5,54.8,22.9,,,,,,59.9,,54.1,49.6,54,,79,53.8,57.4,59.6,60.9,,59.9,,,37.7,50,75,58,65,60.5,63.6,63.7,65.3,65.3,0,64.8,66.7,62.5,55.7,47.9,54.8,59.5,0,50,53.7,59.1,48.6,48.1,0,52.9,0,54.8,52,56.8,57.6,0,53.9,50.5,56.6,47.7,345.6,87.5,28.6,16.2,30.9,27.3,6,11.2,9.9,6.1,8.3,8.1,5.5,9.9,7.3,4.8,,0,0,0,0,9.6,30.7
C43760,시군구,2023,충청북도,괴산군,36590,4345.6,39.6,3.4,9.9,54,1.9,115.2,156.2,8,48.4,53.4,9.3,23.6,4.2,T,842,45.5,83.6,F,0,0,0,0.2,1.2,0,0,0,0.1,0,0,0,0,0.2,0,563,0,0,0,0,563,49.2,123,49.2,106.6,8.2,16.4,5.5,16.4,2.7,2.7,0,5.5,8.2,19.1,0,0,8.2,0,0,0,0,0,71.1,177.6,0,5.5,0,21.9,0,0,0,0,83.7,81.6,81.6,48.8,7.9,70.3,7.9,70.7,97.3,18.4,8,0.8,0.8,0.8,74.1,74.8,0.8,17.6,75.1,70.7,73.8,1.4,79.5,91.8,3.1,3.1,1.1,55.3,14.4,55.6,9.1,32.1,6.2,32.6,6.7,0.4,31.5,37.6,43.7,6.9,8.1,41.5,17.5,3.7,3,4.6,24.3,5.7,0,70.8,18.2,69.5,28.4,,20.7,21.4,21.6,3.4,3.4,,6.3,6.9,5.1,11.8,20.1,41.6,22.2,66.7,7.1,22.9,21,45.6,51.9,0,47.4,28.5,41.6,27.4,52.9,42.4,2.6,38.6,40.8,71.1,39.1,0,0,0,0,0,0,0,27.4,34.6,41.6,5.4,0,39.3,20.9,0,0,0,20.4,0,0,70.8,18.2,58.4,21.5,0,11.7,4.1,4.3,0,0,0,0,0,0,9.4,15.3,38.7,15.1,33.3,0,19.9,17.4,40.9,49.6,0,42.7,28.5,38.7,24,45.3,40.6,0,36.4,36.8,69.9,35.6,,,,,,,,60.9,57.2,59.5,73.3,,70.6,61.2,,,,57.8,,,60.7,66.7,76,60.9,,62.7,59.7,60.5,0,0,0,0,0,0,72,66.1,54.3,57.2,100,0,62,64.4,56.2,62,0,60,79.6,54.3,62.1,59.6,68.9,0,63.8,66.5,69.2,54.5,377.6,88.1,27.5,32.2,27.1,23.4,12.2,9,23.2,17.4,3.9,6.4,3.6,9.1,18.8,0.9,,0,0,0,0,0,0
C43770,시군구,2023,충청북도,음성군,91183,17531.1,25,3.5,15.9,294,3.4,108.1,146.5,12.8,46.9,35.7,23,20.6,4.5,T,520.1,0,82,F,0,0,0,0.4,8.8,0.4,0,0,0,0,0,0,0,0.4,0.4,240.2,338.9,0,0,0,240.2,28.5,98.7,27.4,86.6,4.4,17.5,1.1,11,0,1.1,1.1,4.4,1.1,8.8,0,0,15.4,0,0,0,3.3,3.3,79,154.6,29.6,13.2,1.1,4.4,1.1,0,0,0,84.3,85.5,80.5,65,0.1,81.8,0,18.6,99.8,0.6,0,0,0,0,80.9,6,0,38.9,20.7,18.6,82.8,0.1,97.5,100,9.1,0,0,77,6.3,48,20,26.5,3.1,33.6,11.4,0,24.2,35.4,29.4,0.8,6.4,31.6,9.6,17,1.6,13.2,22,0,3.5,39,28.6,85.4,28.2,,28.6,47.5,48.6,2.7,2.9,0,3.9,1.8,6.8,9.4,23.9,42.5,16.9,0,0,22.2,21.7,40.8,37.2,0,29.8,7.9,42.5,20.2,43.4,38.6,0.8,25.4,23.2,52.5,40,0,0,0,0,0,0,0,12.3,25.9,1.1,0,0.7,16.2,0,0,0,0,13.3,0,3.5,1.7,19,62.8,13.6,17.7,14.4,22.1,22.8,0,0,0,0,0,0,6.7,14.8,23.9,10.6,0,0,12.1,11.6,26.3,22,0,14.8,0,23.9,8.9,21.8,15.5,0,5.8,8.5,21.5,26.9,,,,,,,,80.8,84.9,68.4,,100,70.8,100,,,,79.8,,100,33.3,85.7,88.3,76.2,67.8,75.9,67.7,71.1,0,0,0,0,0,0,91.1,76.1,83.4,88.1,0,0,80.3,87.1,77.2,83.1,0,75.6,0,83.4,75,78.2,78.2,0,69.8,76.9,70.3,88.1,396,86.2,32.7,46.9,26.4,28.2,11.5,14.1,9.5,7.9,7.1,8.7,7.4,9.3,12.9,2.2,,0,0,0,0,0,16.3
C43800,시군구,2023,충청북도,단양군,27701,3550.7,36.3,3.3,11.5,54,1.8,108.2,122.8,9.5,49.1,49.7,11.4,25.3,4,T,780.2,87.5,88,F,0,0,0,0,0.9,0.1,0,0,0,0,0,0,0,0,0.1,0,353.8,0,0,0,0,0,43.3,0,32.5,0,3.6,0,10.8,0,3.6,0,0,0,3.6,0,0,0,0,0,0,7.2,3.6,0,184.1,57.8,0,7.2,0,3.6,0,0,0.2,98.4,100,100,97.3,82.1,100,0.4,57.2,76.1,96.5,6.5,56.7,56.7,56.7,95.6,66.4,57.2,75.2,65.3,57.2,83.4,57.2,94.4,100,62.7,69.9,4.4,40.8,1.1,71.4,0,1.5,0,43.6,21,8.4,18.4,18.7,17.8,0,16.5,18,12.8,16.7,0,17.8,20.1,0.3,0,17.6,10,57.6,24,,25.3,49.5,50.8,4.5,4.5,0,1.2,0,2.4,4.5,15.2,23.3,12.5,0,25.9,12.1,10.6,14.1,28.2,28.6,25.7,0,23.3,12,33.5,24.3,0,20,13.5,20.7,17.6,0,0,0,0,0,0,0,0,0,0,0,0,0,0,0,0,0,0,0,0,0,0,28,8.6,29.4,16,41.7,42.5,0,0,0,0,0,0,0,0,0,0,0,0,0,0,0,0,0,0,0,0,0,0,0,0,0,0,0,0,,,,,,,,,,,,,,,,,,,,,,,94,88.5,88.5,87.8,88.9,88.5,0,0,0,0,0,0,0,0,0,0,0,0,0,0,0,0,0,0,0,0,0,0,0,0,0,0,0,0,332.7,61.7,25.6,36.3,19.6,17.3,8.7,8.7,10.5,10.4,9,1.9,1.9,7.1,2.9,0.6,,33.3,33.3,0,0,16.7,47.6
C44131,시군구,2023,충청남도,천안시 동남구,256691,58552.8,17,1.9,21.8,1111,2.1,101.5,91.6,16.2,49.3,25.4,31.2,20.5,2,T,438.4,11.8,95.2,F,0.5,0.5,0.7,1.6,29.9,2.3,0.2,0.5,0.7,0.7,0.5,0.7,0.5,1.6,2.3,1058.1,695.4,743.7,743.7,858.2,1058.1,296.1,386.8,195.6,275,47.9,59.6,17.1,22.2,4.3,11.3,12.1,17.5,12.1,18.7,6.6,1.2,7.8,0,4.3,1.6,13.6,12.9,1043.3,1148.9,72.9,9.3,5.8,28.8,17.5,15.2,7.4,0,0,41.8,0,0,0,0.3,0,0.1,2.6,0,0,0,0,0,0.3,0.1,0,1.1,0.1,0.1,0.3,0.1,0,0.4,0.1,0.3,0,93.9,80.9,91,82.8,83.3,81.7,82.8,81.1,76.7,82.1,79.5,80.9,77.3,82.5,80.7,81.7,89.9,91.5,77.1,85.1,84.7,69.6,74.3,71,96.9,81.7,,79.1,82.4,82.1,83.4,81.7,97.5,85.7,88.4,81.9,69.1,86.6,86.9,86.9,94.1,96.1,77.7,76.3,82.1,84.9,98.5,83.7,53.3,86.9,79.6,87.6,89.8,91.7,84.1,76.3,86.4,83.3,84,80.4,18.8,82.8,60.9,61.8,61,52.4,52.7,55.6,26.2,23.1,41.1,61.8,34.7,57.7,8.2,63.9,17.7,70.3,37.4,61.3,48.4,54.7,61.5,54.4,60.1,60.9,30.6,34.1,0.3,28.7,35.7,18.7,63.4,67.3,39.6,48.6,35.3,88.5,53.4,54.8,44.3,56,9,51.9,54.1,39.6,29.2,49.1,47.5,15,34.1,37.4,50.1,46.8,18.4,16.2,17.2,13.4,18.4,19.5,18.4,20.4,19.6,20.4,15.8,12.8,27.2,20.2,27.3,18.1,11,17.5,22.2,19.9,20.5,21.7,45.9,23.8,41.9,25.8,40.1,39.8,31.6,31.6,14.3,32.4,39,22.3,19.1,20.7,19.5,23,18.8,32,20.3,19.3,19.9,18.4,54.5,21.6,13.5,19.5,29,20.1,26.9,11.7,26.6,27,28.8,23.7,327.7,79.5,25.7,33.2,18.6,18.7,19.6,9.8,11.4,5.3,5.7,6,1.9,4,6.2,2,,1.9,1.9,0,0,1.9,20.1
C44133,시군구,2023,충청남도,천안시 서북구,399268,201893.9,10.6,1.4,25,2519,1.9,96.9,78.3,19,48.4,16.8,31.2,17.4,2,T,197.8,0,90.8,F,0,0.5,0.5,10.6,114.8,4.6,0,0.5,0.5,0.5,0,3.5,1,10.6,4.6,500.4,322.6,0,91.2,91.2,500.4,50.6,147,50.1,133,7.3,19,3.3,9.3,5.3,13.3,3,9.8,8,13,1,0,1.3,0.3,2.8,0.8,6.5,6.3,179.8,268,28.3,4,2.5,45.8,7,20.8,3.8,0,0,75.4,0,0,0,0,0,0,0,0,0,0,0,0,0,0,0,0,0,0,0,0,0,0,0,0,0,95.9,82.3,96.2,84.3,82.5,81.7,81.1,80.1,78.4,82.9,78.5,80,82,87.3,82.4,83.5,92,94.7,78.4,89.1,87.6,67.4,76.8,68.2,95.9,82.5,,80.5,83,82.4,83.7,82.6,89.9,83.2,84,81.6,66.1,88.5,91.3,87.6,100,94.4,79.3,78.5,84.8,83.8,94.3,85.5,61.9,91.3,83.7,88.1,88.6,93.3,84.3,79.4,84.9,84.9,0,0,74.5,0,13.7,13.1,13.6,30.3,24.9,32.2,47.5,46.5,47.9,16.4,58.9,13.3,50.8,23.4,71.6,2.5,32.4,7.1,50.3,32.4,41.4,35.5,44,42.8,64.8,60.3,89.5,68.4,71.5,62.2,5,13.1,48.7,37.3,35,18.8,29.2,27,44.8,21,92.5,33.7,0.3,48.7,62.2,33.1,50.6,47.4,53.6,48.6,43.4,39.2,,,55.8,,29.2,29.2,29.2,36,32.7,37.9,43.1,61.8,36.4,29.3,53.3,19.7,50.4,46.9,26.1,42.1,39.7,33.3,53.1,37.1,40.8,35.3,42.8,43.4,28.8,26.1,45.8,30.2,35.2,23,26.7,24,50.1,21.7,20.6,47.3,31.1,28.5,41.7,35.3,27.7,36.8,50,50.1,37.1,44.3,38,50.2,36.9,34.2,39.1,35.2,318,72.1,22.6,30.3,21.1,20.3,16.8,7.9,5.1,7.5,6.9,7.1,2.6,4.5,4.2,2.6,,3.3,1.2,0,0,2.5,11.9
C44150,시군구,2023,충청남도,공주시,102104,11815.4,29.9,3.3,16.3,328,2.2,119.2,114.5,12.1,50.1,40.6,13.2,24,4,T,864.2,31.3,87,F,0,0,0.1,0.1,7.3,0.9,0,0,0.1,0.1,0,0.3,0,0.1,0.9,266.4,1425,0,0,266.4,266.4,41.1,143,33.3,123.4,5.9,24.5,2.9,9.8,2,10.8,2,7.8,2,8.8,1,1,7.8,0,1,2,27.4,23.5,321.2,516.1,137.1,8.8,14.7,11.8,31.3,3.9,14.7,0,15.2,53.1,26.2,0.1,0,9.9,0,0.3,40.1,6.7,0,0.2,0.3,0.3,3.5,5.2,0.3,7.2,0.1,0.3,18.2,0.2,0.8,74.4,0.4,3.2,0.3,60.5,43.2,91.2,90.3,64.2,29.2,70.4,43.1,16.6,39.3,44.2,30.8,32.2,56.6,32.4,30.9,64.9,56.3,32.4,44.3,35.6,18.8,48.1,14.5,83.2,55.1,,56.8,76.9,76.8,49.7,49.8,0,56.9,58.3,53.7,17.3,29.8,55.7,32.3,0,57.3,35.7,27.6,36.5,47.6,71.4,41.5,19.4,55.7,15.9,67.3,36.9,55.3,28.5,29.6,33.9,40.7,0,0,29.4,0,0,20.6,0,17.5,30,11.5,0.6,0,12.8,11.3,18.9,17.7,0,25.1,25.9,0,23.4,5.6,61.7,41.4,72.7,44.3,72.8,72.8,43.5,43.6,0,50.4,53.6,43.1,1.5,8.9,44.8,8.3,0,59.1,14.1,9.8,22.3,24.1,69,6.5,0,44.8,5,38.1,14.4,0,15.1,12.8,13.2,17.2,,,58.8,,,76.6,,76.6,80.4,75.9,100,,60.5,78.1,63.9,80.8,,73.9,68.3,,85.7,87.5,95,57.1,52.8,56.7,55.3,56.4,53.2,53.2,0,52.6,52.5,53,72,68.4,80.9,74,0,58.6,82,75.9,80.2,82.9,70.7,75.9,0,80.9,70.2,82.5,74.4,0,68.9,80.2,78,79,346,79.7,30.9,27.6,24.8,17.8,13.2,10.6,13.9,6.9,4.7,11.8,4.8,4.9,7.9,2.3,,0,0,305.8,6,0,6.1
C44180,시군구,2023,충청남도,보령시,95772,16319.4,29.8,3.4,15.1,292,2,116.3,135.1,13,49.4,40.1,14.5,24.6,4,T,586.9,18.8,88,F,0,0,0.2,0.5,9.4,0.3,0,0,0.2,0.2,0,0.2,0,0.5,0.3,462.6,262.1,0,0,243.3,462.6,28.2,102.3,27.1,91.9,4.2,13.6,5.2,14.6,1,7.3,1,4.2,4.2,10.4,0,0,3.1,0,0,1,3.1,3.1,98.1,169.2,19.8,3.1,2.1,7.3,4.2,2.1,1,1.4,99.4,100,100,99.1,3.9,91.1,1.6,4.5,98.5,3.9,3.3,2,2.2,3.1,3.1,2.3,2,9.3,2.1,4.5,91.7,2.1,90.9,91.7,3,76.8,2.2,38.3,0.2,20.5,0,6.9,2.8,29,24.7,1,30.7,46.4,20.3,9,19.1,39.1,24.5,21.6,0.9,26.2,35.5,2.5,3.1,61.5,15.8,87.6,32,,32.2,38.4,38.3,33.9,34.3,0,36.1,27.1,45.2,8.7,27.4,52.7,21.2,0,3.4,31.5,26,39.8,58.5,14.3,40.1,0.3,52.7,19,66.5,52.1,0.8,35.2,37.4,55.9,52.5,0,0,20.5,0,0,23.9,0,30.4,46.8,20.6,6.7,18.8,40.7,28.8,21.9,26.2,0,33.6,0,0,44.6,15.8,88.2,28.3,23.9,27.8,22.5,23.3,33.5,33.8,0,35.7,26.2,45.2,8.8,27.3,52.1,21.7,0,3.4,32,26.2,40,60,0,40.3,0.3,52.1,19.5,67.4,51.4,0,34.8,38.6,58,53.7,,,88.9,,,82.6,,85.7,85.8,84.7,90,90.8,85.1,82.6,84.2,82.1,,84.1,,,82.9,92.3,92.2,87,90.5,87.9,91,90.7,92.6,92.6,0,89.9,86.6,92,87,80.7,85.9,84.5,0,100,85.3,86.4,86,85,0,85.8,100,85.9,86.9,88.1,84.5,0,88,83.3,85,87.8,355.1,80.5,37,31.5,25.3,19.5,17.1,18.6,11.2,4.3,6.4,5.6,6.3,3.9,6,4.2,,0,0,0,0,0,20.3
C44200,시군구,2023,충청남도,아산시,345796,63706.2,14.4,1.8,22.6,1899,2.7,106.9,90.6,20,47.9,20.8,34.9,17.4,2.3,T,542.8,5.9,94.7,F,0,0.2,0.2,1.5,27.8,1.3,0,0.2,0.2,0.2,0,0.7,0.2,1.5,1.3,268.4,420.8,0,141.1,141.1,268.4,33.5,112.8,33.3,105.3,3.8,18.5,1.7,7.2,3.2,9.3,5.2,9,3.5,6.7,0.3,0.6,2.6,0.3,0.3,0.9,7.5,6.9,112.2,204.2,35.3,2.6,2.3,9.8,7.2,1.4,3.5,0,0,100,0.5,0,0,0,0,0,1.2,0,0,0,0,0,0,0,0,0.3,0,0,0,0,0.2,1.7,0,0,0,89.4,61.2,96.3,84.7,81,77,79.5,75.2,63.8,77.2,75,69.5,77.4,87.4,76.9,71.2,92.8,94.3,69.6,85.5,70.4,60.9,70.2,63.9,95.8,77.2,,74.5,79.2,79.4,70.4,70.6,68.3,66.3,63.6,71.6,55.5,77.8,88.8,78.9,50,80.8,72.8,70.3,79.8,84.8,85.2,81.2,42,88.8,70.8,86.2,86.5,93.2,79.7,69.4,80.8,81.9,0,0,55,0,30.9,29.8,30.7,33,35.5,20.4,29.2,63.6,38.1,35.1,60.2,32.8,69.2,47.7,0.8,0,17.6,21.1,81.2,38.1,57,41.5,56.3,57.4,17.5,19.4,0,18.6,20.6,14.9,4.7,25.4,61.3,27.8,0,3.2,28.8,25.1,42.8,53.3,3.7,38.6,1.3,61.3,13.1,49.2,47.4,64.9,41.3,30.3,42.9,45.3,,,53.6,,73.6,73.6,73.6,65.7,75.3,71.4,41.6,50.5,67.8,73.9,50.1,62.1,44.5,71.6,60,,74.2,74.5,72.5,62.6,56.9,61.6,56.7,57.6,46.4,46.4,0,46.9,53.1,35.8,78.2,68.7,55,70.4,0,57.1,71,71.9,73.5,60.5,50,72.5,60,55,53,67.5,72.8,44.4,67.7,70.3,67.7,70,305.7,74.9,23.5,25.4,19.4,18.3,25.9,11.1,8.2,5.1,5.3,3.9,2.5,7.5,6.3,1.5,,2.1,1,51.8,1.3,2.1,12.3
C44210,시군구,2023,충청남도,서산시,176011,23712.3,20.9,2,18.3,857,2.2,118.5,93.4,16.9,47.7,29.2,23.5,18.5,1.9,T,742.3,20,87,F,0,0,0.3,0.4,11.2,0.1,0,0.1,0.3,0.3,0,0.3,0,0.4,0.1,373.3,92,0,0,327.8,373.3,38.6,101.7,37.5,91.5,7.4,17.6,2.3,6.8,1.1,6.2,0.6,5.7,5.1,9.7,1.1,0,0,0,1.1,0,1.7,1.1,195.4,240.9,8,5.7,0.6,20.5,0.6,4.5,0,1.5,100,100,100,100,17.6,93.1,0,2,9.7,17.6,0.4,1.3,1.4,2,93.1,1,1.3,8,1.2,2,93.3,1.4,2,93.3,2,2,1.5,36.5,0,52.9,0,1.3,0.3,48.3,46.3,35.1,42.5,36.5,31.8,2.6,1.7,50.4,53.5,65.2,0,32.7,36.1,18.7,0,41.1,53.2,92.5,41,,32.8,40.9,42.1,13.2,14.8,0.4,6.1,3.7,9.8,10,48.2,53.1,34.8,82.4,39.2,34.9,27.2,47.1,37.8,88.3,59.7,0.4,53.1,46.2,70.3,64.2,0,52.2,53.8,68.1,51.4,0,0,33.8,0,0,46.4,38.2,41.9,36.8,32.2,2.7,0,46.4,58.7,43.2,33.1,0,33.7,19.2,0,45.5,54,92.4,38.6,22.2,29.5,29.2,29.9,13.6,15.3,0.4,6.3,3.7,10.2,10,48.9,53.4,35.5,82.4,39.2,34.6,27.4,45.1,37,91.7,59.7,0.4,53.4,44.3,70.3,63.7,0,49.6,52,65.1,50.8,,,82.1,,,62.2,61.7,63,61.4,61,68.2,,66.6,60.6,76.8,62.9,,57.1,58.8,,55.4,61.3,80.4,64.3,79.5,66.3,79.4,79.3,58.8,58.7,100,50.7,60,46.7,64.7,59.6,58.3,60.5,77.8,69.1,61.7,63.5,63.9,59.5,50,62.5,100,58.3,75.7,64.5,66.6,0,68.1,65.5,65.4,61.9,297.1,74.3,26.3,33.9,18.7,12.8,18.8,6.6,6.8,5.2,2.5,3.3,2.3,3.4,9.2,1.7,,7,5.8,0,0,5.8,6.9
C44230,시군구,2023,충청남도,논산시,110423,19851.2,30.3,3.6,15.5,401,2.4,121.6,142.7,13.1,50,40.6,12.1,26,5.6,T,556.3,6.7,85.8,F,0,0.2,0.2,0.5,13.7,1.8,0,0.2,0.2,0.2,0,0.2,0,0.5,1.8,598.6,1619.2,0,459.1,459.1,598.6,67,187.5,66.1,170.3,11.8,29,3.6,19.9,1.8,9.1,1.8,8.2,5.4,10,1.8,3.6,6.3,0,0.9,2.7,32.6,29,210.1,417.5,154,1.8,12.7,15.4,34.4,2.7,9.1,0,1.6,31,31,0,0,1.7,0,1.8,4.4,1,0,0,1.4,1.7,1.8,0.6,1.5,4.4,1,1.8,81.6,1.6,1.8,1.6,1.8,1.8,1.4,59.4,70,71.1,64.8,79.7,58.1,78.6,57,54.3,52.4,51.6,49.9,9.2,32.2,33.9,62.2,31.4,0.9,46.7,59.5,11,65.9,81.1,46.4,83.8,61.6,,60.7,79,79.4,48.8,52.1,1,43,50.4,35,16.4,44.7,51.7,41,33.3,22.6,41.4,37.5,40.1,78,15.4,55.7,42.8,51.7,19,76.2,47.2,0.8,41.3,63.1,66.9,58.4,0,0,26.3,0,54.2,52.8,54.5,48.7,46.8,46.3,5.6,27.5,30.9,62.4,27.2,41.2,0,55.8,8.2,63.1,78.9,46.4,82.7,57.4,72.3,55.4,74.2,75.3,44.9,48,1,38.6,45.3,31.5,8.5,39,46,37.2,33.3,19.4,35.6,28.9,35.1,76.2,0,51.2,37.5,46,17.9,75.1,43.8,0,38.5,61.1,64.6,55.3,,,90.9,,65.2,65.2,65.2,66.1,64.7,78.4,55.8,84.6,62.6,69,78.4,62.3,,68.8,76.6,42.2,67.6,69.5,80,59,52.5,55.8,52.6,52.4,61,61,100,54.5,51.6,59.5,75.1,68,66.2,63.7,100,80,66.8,63.6,71.7,69.9,0,67.4,56.6,66.2,68.8,73.5,59.4,0,72.4,66.8,67.1,67.6,366.2,81.5,24.8,27.1,23.3,21.4,29.1,11.8,21.4,5.3,6.4,6.6,3.6,5.5,6.3,2.9,,5.2,2.6,0,0,7.8,12.9
C44250,시군구,2023,충청남도,계룡시,46667,76888.5,14,1.3,23,163,1.1,94.8,83.8,21.5,50.1,20.9,18.7,17.1,1,T,60.7,0,100,F,0,0,0,1.6,37.9,1.6,0,0,0,0,0,0,0,1.6,1.6,214.3,300,0,0,0,214.3,0,83.6,0,79.3,0,15,0,4.3,0,2.1,0,6.4,0,6.4,0,0,0,0,0,0,4.3,4.3,12.9,102.9,23.6,0,2.1,0,2.1,0,0,0,0,0,0,0,0,0,0,0,0,0,0,0,0,0,0,0,0,0,0,0,0,0,0,0,0,0,0,47,89.8,90,80,77.9,73.4,77,72.4,51.9,74.5,69.6,66.6,71,86.2,68.8,63.7,81,78.7,77.4,82.7,64.7,76.5,55.6,52.9,83.7,72.8,,72.9,76,74.9,58.3,61.4,4.8,64.9,62.3,71.7,63.1,68.8,89.1,78.5,0,71.4,77.2,81.1,75.3,89.1,0,81,73,89.1,66,84.5,79.4,78.6,73.3,77.1,78.2,77.4,0,0,0,0,0,0,0,0,0,0,0,0,0,0,0,0,0,0,0,0,0,0,0,6.2,23,12.1,27,25.3,0,0,0,0,0,0,0,0,0,0,0,0,0,0,0,0,0,0,0,0,0,0,0,0,0,0,0,0,,,,,,,,,,,,,,,,,,,,,,,,20.4,20.4,23.7,21.3,21.9,0,0,0,0,0,0,0,0,0,0,0,0,0,0,0,0,0,0,0,0,0,0,0,0,0,0,0,0,303.2,94.3,15.5,25.7,21.4,17.7,29.4,8.2,4.9,2.2,6.3,3.8,2.9,4,3.1,5.8,,0,0,0,0,5.4,5.4
C44270,시군구,2023,충청남도,당진시,170302,24134.9,20.7,2.1,18,800,2.6,117.9,92.5,17.3,46.6,28.9,22.7,17.8,1.8,T,705.6,7.1,91,F,0,0,0.1,0.7,11.5,0.6,0,0.1,0.1,0.1,0,0.1,0,0.7,0.6,290.1,308.9,0,0,152.1,290.1,31.7,99.2,31.1,88.1,7.6,13.5,1.2,9.4,0,5.3,2.3,6.5,4.7,7,0,0,0.6,0,0.6,0,5.3,4.1,86.3,156.8,31.1,1.2,1.8,19.4,1.2,3.5,0,0,84.8,100,99.4,83,10.9,91.2,0,0.2,4.1,24.1,0,0.2,0.2,0.2,77.1,0.1,0.2,3.9,0.1,0.2,91.7,0.2,0.2,90.7,0.2,0.2,0.2,75,0,47.9,4.2,8.3,0.4,53.7,49.3,48.7,46.8,29.5,28.7,0.2,17,56.2,71.2,56.3,0,36.3,66.4,12,0,37.5,57.9,90.2,48.3,,37.8,61.4,61.8,9,9.8,1.3,9.3,7.8,12,8.7,30.3,39.6,35.5,0,3.2,30.8,24.9,73.4,52.9,14.3,57.6,0,39.6,29.3,74.9,63.2,0,53.3,51.2,69.4,53.4,0,0,42.3,0,0,47.1,49.8,44.9,26.5,26.1,0,16.6,53,72.4,55.5,33.9,0,65.2,9.5,0,35.5,57,85.6,46.4,52,35.2,60.8,61.2,5.9,6.4,1.3,5.4,4.2,7.5,7.8,27.6,36.7,33.1,0,1.1,27.3,22.9,72,50.9,0,54.8,0,36.7,26.7,71.9,59.3,0,50,48,64.9,51.2,,,68.2,,,82.3,82.3,80.1,85.2,81.3,,86,75,82.4,59.8,83.6,,87.4,87.8,0,84.4,77.7,95.6,78.4,73.5,73.9,74.8,74.1,87.8,87.6,100,92.9,86.7,100,84.6,80.8,87,80,0,100,76.7,80.9,78.6,83.6,0,81.1,0,87,67.1,83.4,79.5,0,77.4,76.9,76.6,76,301.2,73.1,27.3,27,22.2,21.2,13.8,7.8,8.8,6.8,11.7,4.5,4.4,4.2,5.2,1.3,,0,0,0,0,1.2,14.5
C44710,시군구,2023,충청남도,금산군,50093,8678.4,35.1,3.1,12.8,108,2.8,121.1,151.8,11.9,49.4,46.6,11.2,25.7,3.6,T,577.2,40,81.2,F,0,0,0,0.2,5.9,0.5,0,0,0,0,0,0.2,0,0.2,0.5,121.8,946.2,0,0,0,121.8,12,113.8,10,85.8,4,16,2,10,0,4,0,4,2,4,0,0,0,0,0,0,14,12,4,135.7,65.9,0,4,4,4,0,0,0,7.2,6.2,6.2,5.6,5.6,74.9,2.2,26.8,96.2,5.6,5,0.3,0.4,26.7,76.4,80,0.4,81.7,13.6,26.8,75.2,26.6,28.8,77.8,26.8,56.3,0.3,73,84.2,93.8,73.3,76.1,20.1,75.4,20.7,2.9,23.5,32,16.9,17.2,12.2,25.2,3.7,33.3,20.9,18.5,23.7,9.8,5.7,18.4,44.6,77.8,39.6,,47.3,66.8,67.5,25.1,25.9,11.3,35.2,43.6,19.5,19.5,25.9,26.7,19.8,0,5,29.9,27.7,28.7,23.5,20,28.7,21.6,26.7,10.5,28.7,16.9,21.7,15.2,17.4,29.1,25.2,0,0,0,0,0,0,0,6.3,12.4,0,0,0,12.9,0,0,0,0,3.7,0,0,4.1,9.2,62.3,20.8,40.9,26.6,44.3,44.8,0,0,0,0,0,0,2,5.7,11.8,2.7,,0,11.8,9.6,14.8,8.4,0,11.1,0,11.8,1.1,9.8,5.6,0,3.5,6.2,11.8,10.3,,,,,,,,87.7,87.3,,,,88.5,,,,,93.8,,,66.7,100,72,68.4,65.4,70.7,63.6,64.2,0,0,0,0,0,0,92.5,94.7,87,84.2,0,0,86.8,88.6,88.4,87.2,0,89.2,0,87,83.3,76.9,90,0,100,90.2,89.6,86,351.2,84.4,21.6,29.7,26.1,18.6,28.7,11.3,11.7,6.6,8.8,5.7,6.1,4.3,5,5.8,,0,0,0,0,0,37
C44760,시군구,2023,충청남도,부여군,61046,9772.8,39.4,4,11.9,104,2.3,130.1,163.7,10.2,50.2,50.8,9.4,25.3,4.5,T,624.7,12.5,88,F,0,0,0,0.2,5.1,0.5,0,0,0.2,0,0,0,0,0.2,0.5,121.2,881.3,0,0,0,121.2,22.9,106.5,21.3,83.5,1.6,11.5,3.3,9.8,1.6,4.9,0,1.6,1.6,4.9,0,0,8.2,0,0,0,13.1,11.5,54.1,257.2,137.6,3.3,6.6,3.3,6.6,0,0,0,79.3,99.7,99.7,65.3,1.8,25.9,0,22.2,64.6,25.1,1.8,0,1,18.6,11.3,14.5,0.6,8.4,15.1,22.2,99.3,0.6,24.2,27,21.4,14,0.2,51.9,4.7,43.8,14.3,37.6,26.1,37.6,25.3,14.5,26.1,25.1,16.3,11.1,10.4,22.8,21.4,18.3,0,19,33.5,3.1,60.6,50.7,14.1,80.5,41.1,,42.8,62.7,62.5,23.2,26,0,22.6,33.6,12.2,5.8,19.9,33.3,17.6,0,4.4,19.8,16.4,19.2,44.4,8.3,27.9,17.9,33.3,10.1,47.7,23.9,0,22,28.8,40.8,33.7,0,0,0,0,0,0,0,5.2,3.6,0,0,0,9.8,6.5,0,0,0,12.4,0,0,2.7,1.6,75.8,22,45.1,25.8,47.5,47.2,0,0,0,0,0,0,2.1,3.9,9.9,1,0,0,5.3,4,6.4,6.2,0,4,0,9.9,3.5,14.8,4,0,10.4,3.7,9.1,12.7,,,,,,,,86.9,86.9,,,,87.9,85.4,,,,86,,,100,100,62.4,72.4,70.6,71.7,72,72.7,0,0,0,0,0,0,84.4,84,93.3,95,0,0,88.8,85.2,87.3,86,0,86.8,0,93.3,88.5,85.5,90.9,0,92.7,81.7,85.5,82.7,392.5,110.3,32.8,20.1,25,29,24.3,7.5,22.2,6.9,5.4,9.1,4.1,5.7,10.9,3.5,,0,0,0,0,0,30.9
C44770,시군구,2023,충청남도,서천군,49116,13415.1,40.6,3.7,11.5,98,1.8,132.4,169.2,9.9,50.6,51.7,9.7,26,4.3,T,366.1,7.7,87.3,F,0,0,0,0.3,7.6,1.1,0,0,0.3,0,0,0,0,0.3,1.1,160.8,1400.8,0,0,0,160.8,10.2,109.9,10.2,77.4,0,8.1,2,12.2,2,8.1,0,2,2,14.3,0,2,4.1,0,0,0,24.4,14.3,36.6,217.9,103.8,6.1,14.3,2,10.2,0,0,0,13.4,99,99,11.7,0.5,17,0,11.7,35.9,0.5,0,0.1,5.5,7.6,0.1,12.3,0.1,5.5,7.5,11.7,18.2,0.1,10.2,91,7.7,0.2,5.9,55.1,38.7,44.4,26.7,29.7,9.3,53.5,36.7,26.2,44.1,35,36.4,85.5,5.3,33.8,33.5,38.8,0,34.9,48,43.7,3.6,64,37.5,66.9,55.6,,55.5,72.1,72.1,36.6,36.6,100,40.9,37.8,44.3,14.3,42.1,66.6,45.7,0,14.3,42.5,39,63.1,61.3,57.1,53.4,2.6,66.6,32.8,71.7,54.6,0,58.9,51.6,51.7,52.7,0,0,0,0,0,0,0,10.8,0.9,0.6,84,0,2.5,7.5,0,0,0,13,0,0,0,22.9,0,30,53.6,33.4,58.4,58.8,0,0,0,0,0,0,5.7,8,15.2,4.5,0,0,19.2,13.1,19.5,16.3,0,11.3,0,15.2,4.2,12.8,3.1,0,25,8.3,4.3,25.6,,,,,,,,90.5,89.1,85.7,90.9,,81.7,90.1,,,,88.9,,,,100,,66.1,61.9,66.5,64,64.8,0,0,0,0,0,0,88.4,90,88.3,87.9,0,0,94.2,92,88,85.8,0,89,0,88.3,96.4,91,89.5,0,92.2,91.3,75,90.6,403.5,102.7,37.6,36.4,40.3,23.5,9.7,15.2,11.5,6.8,4.3,8.1,5.6,4.9,4.3,1.4,,20.2,10.1,0,0,10.1,19.8
C44790,시군구,2023,충청남도,청양군,30168,6294.8,39.1,3.3,11.5,61,2.5,134.7,147.1,9.6,48.9,50.8,9.4,24.7,3.2,T,479.3,20,88.5,F,0,0,0,0.2,2.1,0.4,0,0,0.2,0,0,0,0,0.2,0.4,39.8,653,0,0,0,39.8,46.4,116,46.4,99.4,6.6,13.3,6.6,26.5,3.3,3.3,3.3,6.6,3.3,3.3,0,0,3.3,0,0,0,13.3,13.3,39.8,172.4,66.3,0,9.9,3.3,6.6,0,0,0,100,100,100,70.8,0.1,44.7,0,8,94.1,14.2,0,0,3.7,8,31.6,27.9,3.7,0.8,9.5,8,48.9,3.7,21.2,46.8,9.7,44.7,2.7,55.5,0,28.6,11.1,22.6,11.5,30.9,19.7,2.4,17.7,22.1,10.6,6.4,10.7,18.4,7.9,16.4,16.7,17.5,26.5,7.9,5.9,30.8,4.3,71.5,33.1,,32.1,59.2,59.2,15,15.1,0,17.7,18.3,17,3.5,13.7,32.2,6.8,0,20.5,12.8,9.8,17.7,24.6,52.6,16.6,1.6,32.2,3.4,36.2,26.7,15.6,19.1,14.7,24.8,23.2,0,0,0,0,0,0,0,0.1,0.1,0,0,0,0.1,0,0,0,0,0,0,0,0,0,0,15.4,37.7,17.6,43.1,42.5,0,0,0,0,0,0,0,0,0.1,0,0,0,0.1,0.1,0,0.3,0,0.2,0,0.1,0,0.3,0,0,0,0.3,0,0.2,,,,,,,,100,100,,,,100,,,,,,,,,,,56,55.9,58.2,58.5,60.7,0,0,0,0,0,0,0,0,100,0,0,0,100,100,0,100,0,100,0,100,0,100,0,0,0,100,0,100,368.5,90.3,25.3,55.8,34.4,17.8,7.5,9.6,4.4,5.3,5.4,9.4,3.5,6.1,7.5,1.4,,0,0,0,0,0,15.4
C44800,시군구,2023,충청남도,홍성군,97524,21832.4,26.7,2.6,17.6,387,1.9,124.4,135.1,16,50.1,35.7,14.1,21.2,2.9,T,446.7,9.1,88,F,0,0.2,0.2,0.2,11.2,0.7,0,0.2,0.2,0.2,0,0.2,0.2,0.2,0.7,412.2,647,0,412.2,412.2,412.2,56.4,129.2,56.4,118.9,6.2,18.5,3.1,14.4,3.1,7.2,4.1,8.2,3.1,7.2,1,0,8.2,0,1,0,7.2,7.2,268.7,366.1,46.1,20.5,4.1,12.3,4.1,8.2,0,0.1,100,100,100,100,0,0.3,0,0.4,3.8,0,0,0.4,0.4,0.4,0.4,0.1,0.4,3.7,0.2,0.4,0.4,0.4,0.4,0.4,0.4,0.4,0.3,59,0,22,0,47.2,47,46.8,45.4,44.4,39,40.8,18.1,13.8,30.7,26.2,59.8,22.2,28.8,40,47.5,11,28.8,76.3,36.3,92.1,44.3,,36.4,65.6,67,7.4,7.4,0,8.1,10.1,4.7,9.1,24.9,50.8,19.7,85.7,26.8,26,13.8,23.6,39.8,79.6,44.7,0,50.8,5.8,53,44.4,28,55.5,33.2,51.6,40.6,0,0,19.5,0,47.1,44.8,46.7,37.9,39.7,17.6,13.6,30.6,22.3,62.9,21.7,39.5,28.8,46.7,10.5,28.8,75.3,35.4,91.6,43.2,57.1,35.1,64.7,66.2,7.1,7.1,0,8,10.1,4.4,9,23.5,49.2,19.3,85.7,26.8,24.1,12.4,21.1,38.1,79.6,43.7,0,49.2,1.9,50.7,42.6,28,53.5,29.7,47.2,38.5,,,80,,61,61,61,61,62.8,60.7,65.3,70.1,65.1,62.6,67.7,65.9,67.5,61.9,50.7,24.4,49.6,70.2,79,59.9,58.1,58.1,59.3,59.6,50.7,50.7,0,49.7,49.6,50,61.3,64.1,63.9,60.6,57.1,32.2,61.1,55.9,60.4,63.7,64.2,60.8,0,63.9,45.2,62.5,62.2,70.3,61.2,58.9,61.6,59.4,326.6,86.3,23.4,30.1,19.5,13.3,10.6,10.6,14.2,9.2,6.5,6.7,5.7,5.6,7.8,2.7,,2.6,0,0,0,2.6,12.7
C44810,시군구,2023,충청남도,예산군,78354,14437.2,34.2,3,14,220,2.4,124.9,134.8,11.3,49.9,45.1,12.1,22.6,3.3,T,542.7,0,82.8,F,0,0,0.2,0.6,7.2,0,0,0,0,0.4,0,0,0,0.6,0,476,0,0,0,224.6,476,33.2,97,31.9,75.3,5.1,12.8,3.8,10.2,2.6,5.1,0,1.3,6.4,11.5,0,0,0,0,0,0,0,0,42.1,104.7,0,0,0,17.9,0,0,0,0,46.5,100,97.4,42.3,0,1.6,0,0,36.6,0,0,0,0,0,0,0.6,0,2,0.5,0,2.2,0,2.1,4.2,0.9,0,0,72,0.4,52,30.6,41.6,18.1,49.4,29.3,12.9,31.5,30.6,12.8,12.1,11.7,48.7,20.8,16.4,10.2,39.3,30.4,3.8,25.8,39.3,47.9,90.1,34.8,,35.2,49.7,50.2,12.8,12.8,0,10.8,5.8,16.8,8.1,26,53.1,16.2,40,14.8,35.7,23.1,33.2,45.5,60,35.2,1.1,53.1,26.7,58.2,55,9.1,48.8,47.9,67.8,41,0,0,0,0,0,14.1,0,19.5,19.4,6,7.7,0,42.9,0,0,28,0,14.3,0,0,19.6,27.1,75.5,15.7,5.3,17.1,12.3,12.7,0,0,0,0,0,0,6.3,20.1,40,8.2,0,3.3,29.3,19.9,25.8,34.5,0,20.7,0,40,24.4,44.4,44.2,0,29.4,40.1,56.3,28.8,,,,,,76.8,,75.5,76,74.4,86.2,,72.5,,,77.6,,72.6,,,84.6,72.2,95.3,76.5,88.5,77.6,88.1,88,0,0,0,0,0,0,70.3,79.7,82,88.2,0,100,76.4,77.1,66.4,81.7,0,78,0,82,64.7,76,73.9,0,66.4,70.4,76.1,75.5,332.2,77.3,33.4,25.5,24.5,18.4,17,11.8,5.2,8.6,4.9,6.7,5.6,6.8,8.3,5.2,,0,0,0,0,3.6,14.1
C44825,시군구,2023,충청남도,태안군,60784,11778.7,35.8,2.8,12.6,144,1.7,115.4,145.6,10.5,49.4,47.2,12.1,23.7,3,T,516,25,87.7,F,0,0,0,0.2,5.6,0.2,0,0,0.2,0,0,0,0,0.2,0.2,55.9,243.5,0,0,0,55.9,26.3,87.2,21.4,62.5,0,8.2,3.3,9.9,1.6,3.3,1.6,3.3,0,3.3,0,0,1.6,0,0,0,4.9,4.9,31.3,111.9,32.9,0,1.6,1.6,1.6,0,0,72,100,100,100,100,90.1,99.8,14.9,40.9,58.1,90.1,50.5,16.3,16.3,16.3,99.8,28.7,36.9,29.9,30.3,40.9,99.8,39.6,40.9,99.8,39.6,40.9,13.2,3,0,16.7,0,0.2,0,32.3,20.3,10.6,19,17.5,19.1,0.9,0.3,17.8,13.9,31.3,0,11.3,14.4,7.1,0,30,28,66,22.9,,21.5,39.1,38.6,4.8,4.9,0,2.8,0.9,5.6,7,20.4,29.8,14.5,12.5,16.9,15.6,10.4,20.1,21.1,30.4,27.1,0,29.8,14.2,35.6,27.3,0,20.2,21.3,31.3,22.5,0,0,0,0,0,0,0,1.8,3.5,6.9,0,0.3,0,0,0,0,0,1,0,0,0,2,57.7,10.9,36.6,15.8,41.3,40.9,0.1,0.1,0,0,0,0,3.4,1.1,3.1,1.3,0,10.8,2.1,2.5,2.4,5.9,0,2.3,0,3.1,0.3,3.4,1.5,0,5.5,2.5,1,2.5,,,,,,,,93,95.4,89.8,,33.3,,,,,,83.3,,,,100,89.8,83.1,82,83.8,84.5,84.6,100,100,0,0,0,0,93.4,93.8,95.2,95,0,100,98,93.2,89.7,89.7,0,93.4,0,95.2,100,91.3,100,0,91.9,95.7,100,94.2,292.1,72,22.4,36.2,20.4,14,15.7,3.3,11.9,6.7,1.9,8.8,1.6,4.9,9.2,0.6,,0,0,0,0,0,14.7
C45111,시군구,2023,전라북도,전주시 완산구,327178,353737.3,18.7,2.2,22.2,1282,1.1,102.1,111.9,16,51.4,26.7,23.9,24.6,3.8,F,92.5,0,100,F,0,1.1,3.2,25.9,324.4,18.4,0,2.2,2.2,2.2,1.1,4.3,2.2,25.9,18.4,939.2,1397.7,0,230.8,356.7,939.2,113.7,267.4,89.9,230.8,18,43.4,7.3,20.2,5.5,14.1,5.2,13.1,9.2,15.9,2.1,0.3,1.2,0.3,4.9,2.1,25.1,21.4,397,585.6,134.8,3.4,7.6,50.7,30.6,21.1,13.1,0,0,0,0,0,0,0,0,0,0,0,0,0,0,0,0,0,0,0,0,0,0,0,0,0,0,0,0,71,86.4,96.4,97.4,83.6,82.8,85.2,84,84.7,85.7,84.6,79,75.4,90.2,88,90.5,93.5,97.8,81.5,89.3,81.7,73.9,91.1,72.7,96.7,88.9,,90.3,95,95.1,84.6,85.8,32.7,84.9,85.7,83.6,62.9,88,94.6,85.5,81.8,91.3,85.2,82.1,86.8,89.5,33.3,90.6,87.2,94.6,84,93.2,92.4,97.9,88.6,85.2,89.6,84.6,0,0,75.6,28.9,41,49,50.2,59.1,57.9,50,52.4,63.4,67.4,53.6,54.3,44.3,88.6,69.1,56.9,42.1,60.3,43.5,79.6,62.8,68.6,64.5,68.8,69.3,59.2,60.2,14.3,56.9,54.3,61.6,27.5,65.6,70,57.7,4.5,68,56.9,49,65.2,62.3,11.1,63.5,76,70,63.9,69.4,73.5,74.5,61.9,68.5,73.7,57.8,,,41.6,33.3,40.2,43.2,43.3,43.8,44.2,40.3,39.3,54.7,41.3,45.4,41.2,37.7,35.8,57.5,31.9,39.1,59.5,42.9,61.6,42.9,41.7,42.7,42.1,42.4,32.7,32.7,35.9,33.1,35.3,30.1,37.8,39.9,51.6,36.6,25,28.1,42.5,36.9,43,45.1,50,42.1,33.5,51.6,38.2,56.9,44,36.2,50.1,42.2,47.8,42.1,292.5,79.4,39.9,19,17.6,18.1,2.7,6.1,7.9,9.9,5.5,8.2,3.4,4.8,4.8,0.7,,0.8,0,0,0,1.7,9.2
C45113,시군구,2023,전라북도,전주시 덕진구,315549,277971.7,16,1.7,23,1652,1.3,104.3,104.2,18.9,50.3,23.1,23.9,21.8,3.8,F,113.5,0,100,F,0.9,1.8,2.6,7,204.4,13.2,0.9,1.8,2.6,1.8,0.9,4.4,0.9,7,13.2,784.7,959.6,366.7,539.7,627.8,784.7,184.1,310.6,124.9,244.7,28.8,54.5,9.2,16.5,4.8,15.8,7.9,17.7,10.1,17.4,4.8,0.3,2.9,0.3,3.2,1.3,17.4,15.5,682.9,864.5,89.4,6.7,6.7,26,19.3,8.6,7,0,0,0,0,0,0,0,0,0,0,0,0,0,0,0,0,0,0,0,0,0,0,0,0,0,0,0,0,77.5,89.8,89.6,95.4,87.5,87,87.4,86.7,86.8,86.5,84.4,80.5,72.8,91.9,88.5,91.8,94.1,92.2,81.1,88.6,84.7,81.7,80.7,73.8,97.5,88.8,,89.8,94,94,88.6,89,63.6,88.8,89.2,88.1,64.7,86.2,93.4,87,90,75,85.3,83,87.7,89.8,33.3,90.6,77.9,93.4,84.2,94,92.2,94.7,91.5,85.9,90.9,85.9,74.5,87.3,49.7,80.8,70.8,66.3,66.3,58.2,55.9,51.8,42.6,69.3,56.4,73.2,74.8,59.8,24.1,56.9,48.7,35,63.6,54.3,74.5,56.9,54.6,55.6,56.9,57.2,46.7,46.8,40.9,47.9,47.6,48.4,49.4,48.2,55.4,55.8,90,27.4,57.3,56.3,51.3,49.9,0,59.1,13.2,55.4,53.3,64.7,59.8,49,71.2,53.1,57.5,59.3,24.1,24.1,40.9,35.1,32.4,32.5,32.4,33.5,28.2,27.6,34,46.1,34.1,35.3,43.2,22.7,36.2,38.9,32.3,24.9,35.9,33,53.5,34.8,37.7,32.2,36.4,36.4,33.7,33.5,47.4,33.9,32.4,36.3,22.8,25.6,33.9,28.8,32.1,15.2,27.7,24.1,30.2,27.9,0,32.7,13.6,33.9,33.6,47.8,40.5,34.8,45.7,36.2,41.8,33.4,273.3,69.9,33.5,14.9,18.5,18.5,3.5,5.2,8.4,7.2,5.3,7.2,4,4.8,5.1,0.7,,2,0.7,0,0,1.3,17
C45130,시군구,2023,전라북도,군산시,259980,65318.5,21.9,2.4,19.1,971,1.9,103.6,131.3,16.2,49.3,30.5,15.9,24.3,4.3,T,398,3.7,94.6,F,0,0.3,0.5,2.3,41.5,2.3,0,0.5,0.5,0.5,0,1.3,0,2.3,2.3,563.1,918.5,0,128.5,236.6,563.1,46.2,149.6,43.1,135,8.8,23.5,1.9,11.9,1.9,11.2,1.9,11.5,4.2,9.6,1.9,0.4,0,0,2.3,0.8,16.2,12.7,251.9,412.3,80.8,2.3,6.2,37.7,23.1,15,11.5,0.1,1.2,18.4,18.4,1.2,0.3,1.1,0.3,0.9,1.2,0.3,0.6,0.9,0.9,0.9,0.8,0.4,0.9,1,0.8,0.9,0.9,0.9,0.9,26.2,0.9,0.9,0.9,68.5,70.1,80.6,84.7,63,38.9,73.8,57.8,51.4,65.6,66.1,44.9,26.3,29.5,66.9,58.8,66.4,8.7,53,69.3,80.6,32.5,76.4,52.8,94.1,73.4,,74.9,89.4,89.8,78.1,78.1,80,78.3,74.2,83.8,25,60.4,86.9,75,0,72.1,58.6,52.1,68.6,80.6,84.1,69.9,14.2,86.9,57.2,86.3,79.6,7,79.7,77.1,75.6,65.9,0,0,56.9,0,24.9,48.7,49.8,59.4,60.3,37.6,12.3,7.6,62.1,56.5,62.9,43.2,7.2,65,80,0,70.7,40.9,91.2,68,81.2,69.2,85.2,86,75.5,75.6,73.3,75.3,70.8,81.3,13,51.8,83.7,70.3,0,38.8,50.5,42.5,64.7,77.2,90.9,64.3,0.6,83.7,55.8,81.4,74.8,5,75.8,76.4,73.1,60,,,89.1,,83.2,73.7,73.7,78.5,80,73.3,81.9,92.4,81.1,73.1,81.9,70.6,83.3,82.2,81.3,,72.4,80,80,78,77.5,77.1,78.8,78.6,78.4,78.3,95.7,79.2,83.1,75.2,77.9,72.6,76.7,78.1,0,91.8,78.6,74.3,75.7,79.5,78.4,77.2,66.7,76.7,82.8,76.4,76.3,83.3,81.2,81.2,79.5,79.6,331.3,76.1,25,23.4,21.6,24.6,6.3,11.8,12.4,7.2,11,8.3,6.2,5.5,6.5,4.8,,2,2,101.4,2,5.1,27.6
C45140,시군구,2023,전라북도,익산시,270036,53304.5,23,2.9,19.1,915,1.9,109.4,134.7,14.9,50.2,32.1,15.3,25.2,5.2,T,506.6,0,94.9,F,0.2,0.2,0.4,1.6,34.7,2.2,0.2,0.4,0.4,0.4,0.2,1.2,0.2,1.6,2.2,543.6,938,293.7,293.7,401.4,543.6,134.4,241.4,87,179.6,21.8,41.5,6.7,14.4,2.6,10,4.8,10.4,7.8,15.6,2.6,0.4,1.5,0,1.9,1.9,16.7,13.7,548.4,706.6,91.5,3,5.6,14.8,33.7,5.2,18.9,0,0,4.7,4.7,0,0,0,0,0,1.4,0,0,0,0,0,0,0,0,1.3,0,0,0.2,0,0,0,0,0,0,84.2,92.2,86.6,82.8,78.8,70.7,83,76.8,72.4,76,69.3,69.5,54.3,85.3,76.6,82.5,78.6,25,71.5,82.7,44.4,76,86.6,79.9,93.8,79.4,,82.5,85.6,86.2,73.3,77,2.5,72,64.6,82.4,55.6,73,84.3,70.8,50,93.6,73.1,73.1,82.7,85.6,50,78.1,49.4,84.3,58.7,92.5,86,30.4,81.5,67.5,79.2,77,75.8,84.2,68.3,67.5,65.6,72.7,74.7,69.8,62.3,64.7,51,83.7,61.2,85.4,70.8,66.3,10,75.4,35,69.7,78.7,77.1,88.1,71.1,73,74.6,74,74.3,65.5,68.9,2.2,64.1,59.3,70.9,51.4,67.7,77.2,64.2,0,91.3,67.8,67.8,77.6,76.5,50,70.5,35.6,77.2,50.8,88.6,80.2,14.8,72.7,58.3,65.7,71,53.1,53.1,71.8,53.7,53.1,60.9,60.9,63.5,59.8,64.6,51.6,75.1,61.5,62.2,76,46,61.5,73.4,54.1,49.2,50,56.5,89.8,67.8,74.7,69,74.2,74.5,71,71,50,70.2,70.3,70.1,54.3,54.2,66.3,52.9,0,52.3,59.3,54.7,70.8,73.2,100,61.3,50,66.3,71.7,75.6,67.6,45.9,67.8,70.3,68.6,66.4,346.6,87.6,26.8,31,22.9,22.4,14.1,10.5,7.6,7.1,11.1,8.7,2.9,5.7,4,2.3,,2.2,0,0,0,1.1,14.1
C45180,시군구,2023,전라북도,정읍시,103620,14946,30.8,3.5,15.5,319,2.4,129.9,171.4,13.1,50.2,40.4,9.6,28.6,5.8,T,693.3,13,90.9,F,0,0,0.1,0.7,10.4,0.6,0,0.1,0.1,0.1,0,0.1,0,0.7,0.6,785.6,1033.6,0,0,257.7,785.6,54,157.3,53.1,139,9.7,22.2,4.8,11.6,2.9,12.5,2.9,7.7,3.9,10.6,1,0,2.9,1.9,1,1,17.4,15.4,282.8,422.7,95.5,4.8,5.8,22.2,7.7,3.9,2.9,0,48.4,30.1,30.1,11.4,2.8,96.8,0,1.4,8.7,3.5,0,0.5,0.5,0.9,1,0.4,0.5,5.9,0.6,1.4,14.5,0.6,1.2,1.4,1.4,0.9,0.5,69,27.2,81.5,52.9,41.9,1.8,71.1,50.8,49.4,57.1,55.9,51.9,12.1,44.7,55,54.8,8.5,4.4,26.8,67.8,8.9,74,30,68.4,88.3,59.3,,60.8,71.2,71.7,34.3,34.3,16.7,32.2,33.6,30.2,17,49.2,57.2,39.9,0,10.6,53.7,52.3,60.9,63.6,0,66.9,1.7,57.2,65.5,82.5,63.3,4.4,70.8,76.4,83.5,67.4,0,0,3.7,0,0,49.9,52,55.5,53.2,49.4,10.2,44.2,52.3,57.4,5.6,26.3,0,67.8,7.9,75,34.3,68.4,86.3,56.1,57.1,57.2,66.9,67.5,31.5,31.6,16.7,30.1,30.8,29.1,15,47.6,54.1,38.7,0,9.6,51.9,51.4,59.2,60.5,0,65.9,0,54.1,62.8,80.2,61.7,0,67.9,74.6,80.1,66.2,,,40,,,75.1,75.1,78.5,79.4,82.6,81.6,86.7,80.5,74.6,69.2,79.8,,82.4,92.5,76.9,82.8,76.2,81.2,78.8,79.2,79.1,79.4,79.5,79.5,79.5,100,79.3,77.7,81.8,77.2,78.5,80.5,77.7,0,100,80.3,77.2,78.3,82,0,77.1,0,80.5,80.7,79,78.1,0,79.6,78.3,79.5,78.2,348.4,81.2,21.7,17.2,20.8,31.6,4.3,11.5,13.6,6.6,8.9,8.3,3.6,9.3,6.4,1.2,,3,3,0,0,3,8.9
C45190,시군구,2023,전라북도,남원시,76781,10209,31.4,3.6,15.3,221,2.4,130.2,168.7,13.6,50.9,41.4,8.6,28.1,5.7,T,752.1,13,92,F,0,0,0.1,0.3,7.3,0.5,0,0.1,0.1,0.1,0,0.1,0,0.3,0.5,390.7,950.8,0,0,260.5,390.7,49.5,153.7,49.5,136.8,7.8,23.4,1.3,9.1,2.6,5.2,1.3,7.8,3.9,9.1,2.6,0,5.2,0,1.3,1.3,13,9.1,221.4,377.7,66.4,9.1,3.9,7.8,10.4,3.9,3.9,0,91.9,96.4,96.4,91.5,85,100,0.2,2.7,10.2,0.2,88.9,0.5,0.5,0.5,2.7,2,0.5,5.1,2.3,2.7,2.7,0.5,99.9,19.6,2,1.2,0.5,65.4,2.7,13.2,4.7,4.5,0,33.4,29.4,28,30.8,26.4,7.2,10.7,18.4,29.1,41.1,10.4,15.8,13.5,32.7,0,42,63.6,30.8,87.8,38.4,,39.5,57,57.4,27.2,29.6,0,25.9,23.7,28,4.8,19,34,21.1,0,46.8,27.6,17.1,28.4,23.2,88.5,32.9,0,34,20.7,41.7,49.3,13.9,49.1,39.8,56.6,27.7,0,0,2.6,0,0,30,31.9,29.2,22.6,6.8,10.7,18.9,29.1,46.7,10.4,13.6,15.8,30.5,0,0,19.3,30.8,87,36.8,47.6,37.3,55.4,56,27.4,29.9,0,26.2,23.9,28.5,4.8,16.9,31.2,20.5,0,46.8,23.9,13.6,23.9,21.2,88.5,32.9,0,31.2,21,40.1,49.9,13.9,49.7,38.4,57.1,26.6,,,100,,,74.6,74.6,77.3,80.1,82.9,73.5,83.7,81.4,73.1,76.7,79.5,82.1,81,,,85,60,72,78.9,80.4,79.3,80.5,80.2,87.3,87.3,0,87.8,77.7,98.2,76.1,83.3,79.6,78.4,0,84.6,81.2,82.1,83.4,78.9,62.2,75.2,0,79.6,77.4,77,70.6,82.1,81,82.7,76.5,80.4,325.4,70.7,19.4,20.1,16.5,28.3,20.2,7.5,15.5,8,11.1,5.5,3.4,2.9,13.1,1.1,,0,0,0,0,0,12
C45210,시군구,2023,전라북도,김제시,81430,14914.4,34.3,3.9,14.2,297,2.3,131.7,174.9,11.6,50.1,44.6,10.1,27.1,6.5,T,546,5.3,95.1,F,0,0,0,0.7,9.5,0.7,0,0,0.2,0,0,0.4,0,0.7,0.7,630,1434.4,0,0,0,630,54,154.7,52.8,136.3,8.6,22.1,1.2,8.6,2.5,8.6,2.5,6.1,2.5,8.6,0,0,25.8,0,0,1.2,23.3,22.1,178.1,353.7,122.8,24.6,3.7,9.8,31.9,0,14.7,0,0.1,5,5,0,0,5.6,0,0.9,58.1,0,0,0,0,0,0,0,0,5.5,0,0.9,0,0,3.5,6.9,3.8,0,0,77.3,84.7,92.6,83.1,74.1,46.2,74.8,49,17.6,69.5,78.4,57.6,51.4,53.1,69,23.4,67.7,72.5,46,82,35.6,52.1,50,61.8,88.1,73.6,,69.5,77,77.1,61.6,61.6,0,64.1,68.4,59.5,39.6,64.6,78.4,55.8,0,60.8,60.8,58.2,70.4,82.5,0,73.1,52.4,78.4,59,89.2,79.6,67.3,70.7,71,85.3,74,0,0,16.7,0,0,0,0,37.1,59.2,19.8,8.8,8.8,32.8,2.6,5.1,0,9,60.2,0,0,2.5,33.3,62.3,42.5,49.1,34.7,43,43.2,35.1,35.2,0,39,42.2,35.4,9.4,23.8,43.7,13.1,,0,25.5,21.4,31.7,58.8,0,37.7,0,43.7,22.1,66.9,43.1,7.7,37.3,44.6,62.7,46.5,,,64.3,,,,,89.9,89.8,88.8,76.2,86.6,91.3,94.8,65.2,,71.4,91.2,,,100,94.4,93.9,71.7,60.4,65.2,60.6,61.9,53.3,53.3,0,49.8,42.9,62.7,87.6,91.2,91.6,92.9,0,0,91.6,90.3,88.5,89.2,0,89.2,0,91.6,91.9,90.3,88.9,71.4,90.4,90.5,90.7,89.5,361.3,102.6,51.7,18.3,21.8,18,3.3,5.1,21.5,10.9,9,6.4,1.9,5.4,6.3,1.1,,0,0,0,0,0,7.3
C45710,시군구,2023,전라북도,완주군,97827,11910.1,24.7,3.1,17.8,361,2.2,116.3,127.5,15.2,48.7,34,16.3,24,4.6,T,821.4,69.2,93.7,F,0,0,0,0.4,6.3,0.6,0,0,0,0,0,0,0,0.4,0.6,291.3,736,0,0,0,291.3,27.6,112.4,24.5,92,0,15.3,1,4.1,0,3.1,7.2,16.4,1,6.1,0,0,14.3,1,0,0,13.3,11.2,96.1,204.4,66.4,10.2,6.1,5.1,6.1,0,0,0,0.5,0.5,0.5,0.5,0.3,4.5,0.2,4.4,11.2,0.4,0.3,0.9,0.9,3.2,4.5,3.1,2.9,8.4,3.2,4.6,6.7,3.2,4.5,1.3,4.6,3.3,4.2,76.3,86.7,88.9,85.4,84.6,76.8,84.3,76.6,64.4,77,75.7,71.5,62.4,88.5,81.9,70.2,89.2,88.7,74.2,83,58.9,80.7,64.8,58,88.9,79.6,,79.7,83.1,83,67.6,67.6,0,69.8,75,64.4,56.2,78.5,83.8,72.1,75,76.9,75.7,72.6,79.4,83.8,0,80.8,71.8,83.8,72.5,86.5,82,90.6,83.7,75.9,85.4,74.3,0,0,0,0,0,0,0,6.7,4.5,0.9,0,0,19.6,0,0,0,0,22.7,0,55.8,0,5.8,0,15.9,28.1,19.4,32.2,32.4,0,0,0,0,0,0,1.5,2,11.2,5.4,0,0,4.5,7.4,6.6,15.4,0,7.3,0,11.2,2.2,11.5,2.9,0,14.8,7.7,9.4,5.5,,,,,,,,32.5,42.9,11.2,,,44.6,,,,,32.9,,51.5,0,40,,40.9,44.5,43.8,46.1,46.4,0,0,0,0,0,0,59.1,51.1,14,67.4,0,0,52.5,60.6,51.3,20,0,48.9,0,14,52.8,15.2,40.3,0,50.6,49.8,32.2,43.5,301.6,78.1,26,17.1,18.5,18.1,10.2,7.5,11.2,10.8,8.2,10,2.8,6.9,9.2,3.1,,0,0,0,0,4.9,19.2
C45720,시군구,2023,전라북도,진안군,24465,3100.2,38.6,3.6,11.2,70,2.9,131.2,159,10.2,48.9,51,7,28.1,4.5,T,789.1,81.8,77.4,F,0,0,0,0.3,1.3,0,0,0,0.1,0,0,0,0,0.3,0,911.5,0,0,0,0,911.5,57.2,134.9,53.1,102.2,4.1,8.2,12.3,20.4,4.1,4.1,8.2,8.2,4.1,8.2,4.1,0,0,0,0,0,0,0,192.1,286.1,0,4.1,0,8.2,0,0,0,0,28.5,30.4,30.4,30,17.4,85.2,14.2,76.8,98.5,21.9,17.4,2.2,2.6,7.9,87,4,3.1,15,83.6,86.5,93.7,86.5,85.8,93.3,86.5,86.5,77.4,72,52.8,61.5,60,57.3,7.9,58.2,8.8,1,18.7,24.9,14.4,4.6,21.5,25.1,5.3,8.6,7.4,7.6,18,4.1,0,0,23.3,10.8,15.8,,13.2,12.7,13.2,12.6,12.9,0,18.1,21.6,15.6,6.5,7.9,15.2,10.4,0,11.1,16.8,8.7,18.2,21.4,92.3,10.2,2.5,15.2,11.4,27.2,29.1,6.7,26.2,22.4,16.9,20.7,0,0,0,0,0,0,0,12.6,20.5,12.6,2.3,5.2,16.8,4.9,0,0,0,14.4,0,0,0,20,0,7.2,0,2.7,1,1.1,0,0,0,0,0,0,4.1,2,8.5,6.1,,33.3,12.4,2.1,12.6,15.7,92.3,3.9,0,8.5,0.8,16.4,21.6,0,14.8,14.9,5.5,16.4,,,,,,,,71.6,72,65,75,87.5,72.2,65.8,,,,77.4,,,,85.7,,71.6,,69,81.3,81.3,0,0,0,0,0,0,70.6,94.1,63.2,70.5,0,100,68.8,68.6,72,63.8,92.3,67.4,0,63.2,75,66.1,77.6,0,80.2,65.7,82.4,63.4,349.9,96.1,31.7,5.2,17.7,23.9,2.2,2.7,25.5,3.7,7.1,9.4,6.7,4.4,6.7,12.6,,0,0,0,0,0,0
C45730,시군구,2023,전라북도,무주군,23251,3678.6,36.8,3.2,12.5,45,2.4,134.1,171.9,11,50,48.2,7.2,28,4.1,T,632.1,83.3,85.3,F,0,0,0,0.2,1.7,0,0,0,0.2,0,0,0,0,0.2,0,129,0,0,0,0,129,43,103.2,30.1,64.5,4.3,12.9,0,12.9,0,0,12.9,12.9,0,0,0,0,0,0,4.3,0,0,0,73.1,129,0,0,0,8.6,0,0,0,0,97.7,97.1,97.1,96.1,96.1,100,60.1,100,100,95.7,79.7,9.7,31.2,54.4,100,95.3,43.5,31.5,51.1,100,62.8,62.8,100,100,100,62.8,48.4,56.1,0.8,0,0,1.2,0,1.2,0,0,2.8,3.9,3.1,0,0,2.3,0.2,0,0,0,2.5,0.6,0,0,0,28.1,6,,6.4,14.7,14.4,0.3,0.3,0,0,0,0,0.6,1.9,5.1,1.6,0,0,4.3,3.6,6.1,3.6,0,5.1,0,5.1,5.1,10.5,4.2,0,1.2,4.7,5.2,3.9,0,0,0,0,0,0,0,0.2,0.4,0,0,0,0,0,0,0,0,0,0.6,0,0,0,0,0.1,0,0.1,0,0,0.3,0.3,0,0,0,0,0,0,0.2,0,,0,0.1,0.2,0.3,0,0,0.2,0,0.2,0,0,2.1,0,0.3,0,1.6,0,,,,,,,,81.3,80,,,,,,,,,,66.7,,,,,81.3,,100,100,100,66.7,66.7,0,0,0,0,0,0,100,0,0,0,100,100,50,0,0,60,0,100,0,0,100,0,50,0,75,0,318.4,107.5,33.5,6.3,30,11.9,3.2,5,14.5,4.9,5.6,10.7,2.7,6.9,1.7,0.7,,0,0,0,0,20.4,58.8
C45740,시군구,2023,전라북도,장수군,20983,3935.4,38.3,3.3,11.9,51,3,131.2,184.8,11.3,49.8,49.2,7,26.7,4.5,T,533.2,71.4,92.1,F,0,0,0,0.2,1.3,0,0,0,0.2,0,0,0,0,0.2,0,143,0,0,0,0,143,38.1,90.5,38.1,66.7,9.5,19.1,4.8,9.5,0,0,4.8,4.8,0,0,0,0,0,0,0,0,0,0,52.4,119.1,0,0,0,4.8,0,0,0,0,96.8,98.2,98.2,97.9,72.9,100,21.7,81.7,94.1,45.1,72.9,0.5,0.6,21.7,82,17.5,21.7,14.4,87.2,81.7,81.7,80,100,100,81.7,80,79.4,69.1,3.2,50,0,11.6,0,17.4,3.9,1.3,7.6,10.5,4.8,1.6,3,7.7,2.6,2,6.7,0.7,10,0,0,0,3.4,30.8,7.5,,6.9,9.4,9.7,3.6,3.6,0,0.8,0,1.5,5.2,1.9,6.9,3.9,0,7.7,6.5,2.8,7.7,13.7,33.3,6.9,0,6.9,2.4,16.1,10.4,4.8,9.3,7.7,8.4,10.2,0,0,0,0,0,0,0,0.9,2.6,0.5,0,0,0,0,0,0,0,0,0,0,0,0,0,0.5,0,0.5,0,0,0,0,0,0,0,0,3.1,0.7,0.7,0.2,0,0,0.5,0.7,2.6,4.5,0,1.6,0,0.7,0,7.1,0,0,1.2,0.4,0,1.2,,,,,,,,100,100,100,,,,,,,,,,,,,,100,,100,100,100,0,0,0,0,0,0,100,100,100,100,0,0,100,100,100,100,0,100,0,100,0,100,0,0,100,100,0,100,336.1,75.6,17.9,11.1,12.6,37,4.5,3.3,5.4,4.1,5.6,8.1,4.2,7.7,9.6,0.4,,15.4,0,0,0,0,0
C45750,시군구,2023,전라북도,임실군,25956,4346.5,39.9,4,10.6,83,2.7,140.8,177,9.8,48.6,51.7,7.7,28.2,4.8,T,597.2,33.3,82.8,F,0,0,0,0.3,2.3,0.2,0,0,0.2,0,0,0,0,0.3,0.2,450.8,381.4,0,0,0,450.8,42.4,119.4,38.5,96.3,3.9,15.4,3.9,11.6,0,0,3.9,3.9,0,3.9,0,0,7.7,0,3.9,0,3.9,3.9,84.8,196.5,23.1,7.7,3.9,3.9,0,0,0,0,9.5,12.5,12.5,5.6,2.6,49.1,0,22.1,79.6,0,2.6,0,6.6,17.2,22.5,13,6.7,13.5,10.9,23,26,8.5,48.8,70,23,20.2,5.4,77.7,69.6,83.3,88.2,77.2,25.1,77.8,28.7,3.2,28.3,24.8,23.4,15.9,28,31.2,4.6,26.5,5.9,25.5,34.4,23,11.6,29.4,21.4,39.6,33.3,,35.4,39.1,38.5,22.3,22.3,,26.4,25.4,27.1,12.5,27.5,27.7,27,100,88.5,26.9,24.1,29.9,22.7,0,30.1,12.8,27.7,31.7,33.9,36,6,40.7,36,43.9,22.8,0,0,0,0,0,0,0,1.2,0,0,0,0,1.7,0,0,0,0,2.5,0,0,0,7.1,0,8.4,16.1,11.1,17.8,16.7,0,0,0,0,0,0,0.2,0.4,0.6,0,0,0,1.3,0.5,1.8,1,,1.8,0,0.6,2.7,0,2,0,8.5,3.6,4.9,1.7,,,,,,,,89.1,,,,,84.4,,,,,87.5,,,,100,,76.2,75.3,80.6,77.8,76.4,0,0,0,0,0,0,100,100,100,0,0,0,86.7,70,90,100,0,87.7,0,100,93.3,0,100,0,90.9,87.8,86.4,92.3,348.2,101.9,33.7,50.2,22.4,15.7,9.8,5.9,11,15.8,3.7,4.2,1.8,2.4,2.8,0.3,,0,0,0,0,0,0
C45770,시군구,2023,전라북도,순창군,26764,5396.7,36.5,3.6,13.3,65,2.9,138.4,177.8,11.8,50.8,47.3,8.1,27,4.4,T,495.9,36.4,66.4,F,0,0,0,0.4,3.2,0.4,0,0,0.2,0,0,0,0,0.4,0.4,246.6,1980.3,0,0,0,246.6,33.6,142,33.6,100.9,0,11.2,0,11.2,0,3.7,11.2,11.2,0,7.5,0,0,0,0,0,0,22.4,18.7,67.3,325.1,179.3,0,7.5,22.4,18.7,0,0,0,30.9,31,31,25.6,17.4,92.3,0,33.9,87.8,8.6,8.4,0,0,9.9,32.2,14.5,0,15.8,22.1,33.9,42.3,0,35.3,63.4,29.7,26.2,0,74.2,40,85.7,44.4,34.4,1.5,49.1,12.4,0.9,26.3,25.5,26.6,22.1,29,38.5,2.6,20,29.8,10.9,34,13,2.8,10.3,13.5,82.9,38,,41.7,55.1,54.5,11.5,11.5,,7.3,9.4,4.1,8.5,19.6,31.5,18.5,0,9.1,25.9,29.5,24.5,33.5,42.9,23.2,2.4,31.5,28.7,50.3,34.6,25,25.8,55.3,57.1,23.4,0,0,0,0,0,0,0,9.2,6.1,5.4,0,1.4,27.3,0,0,0,0,13.6,0,2.8,6.9,0,28.5,26.2,45.8,32.1,48.2,47.6,0,0,0,0,0,0,2,2.5,1.5,1.7,0,0,9.9,15.4,1.2,2.1,0,6,0,1.5,10.1,19.8,13.6,0,12.5,41.1,43.9,2.3,,,,,,,,84.8,88.4,85.4,,100,82.6,100,,,,96.3,,100,100,,94.6,56.7,52.7,61,63.2,62.5,0,0,0,0,0,0,88.5,73.5,84.6,100,0,0,86.6,87.1,87.5,78.3,0,86.5,0,84.6,75.4,90,86.4,0,81.3,84.1,81.9,81.8,350.5,75.3,43.8,37.6,15.6,20.9,5.1,13.8,12,10.4,17.4,5.5,0.6,6.5,15,1.3,,0,0,0,0,0,0
C45790,시군구,2023,전라북도,고창군,51750,8518.8,38.3,3.6,12,126,2.5,133.6,156.2,11.4,50.1,48.8,7.9,28.4,4.5,T,607.5,14.3,81.1,F,0,0,0.2,0.3,4.8,0.8,0,0,0.2,0,0,0.2,0,0.3,0.8,695.7,1470.5,0,0,498.6,695.7,50.2,143,48.3,115.9,13.5,23.2,7.7,11.6,3.9,7.7,1.9,3.9,7.7,11.6,0,0,0,0,0,1.9,15.5,13.5,291.8,461.8,112.1,0,7.7,19.3,11.6,0,3.9,0,85.8,85.8,85.8,75.3,19.6,85.7,0,0.3,84.3,23.7,8.7,0.3,0.3,0.3,9.8,0.1,0.3,11.9,0.2,9.9,0.3,0.3,42.7,23.4,1.2,0.3,0.3,65.2,5.8,69.6,38.9,9.2,0.3,56.1,47.9,9.4,45,51.4,50.7,10.4,42.4,57.4,35.9,10.3,10,7.6,60.3,3.6,29.5,80,44.6,85.1,48.8,,48.9,61.9,62,43,43.5,0,42.8,45.6,40.1,25.1,36.7,54.6,24.6,0,43.2,47.9,41.3,48.5,65.6,0,52,0.7,54.6,19.8,69.1,65.9,9.2,50,56.6,67,55.5,0,0,0,0,0,34.3,0,34.2,41.3,44.3,6.4,37.9,52.1,31.5,1.6,0,1.8,51,0,1.1,60,40.5,67.4,41.5,52.7,42.2,58.6,58.7,41.1,41.6,0,40.9,43.6,38.4,22.9,26.1,45.2,12.3,,0,37.4,30.2,36.4,56.7,0,37.9,0,45.2,10.9,56.5,57.6,1.8,40.5,44,49.1,43.2,,,,,,90.2,,82.4,88.8,53.6,90,91.4,88.5,90.4,66.7,,66.7,92,,50,80,96.8,96.5,79,75.9,79.3,75.6,77.1,89.8,89.8,0,94.3,98.9,89.9,46.9,91.9,91.6,89.2,0,0,86.8,86.5,82.9,89.7,0,81.9,0,91.6,77.8,87.3,87.1,66.7,85.5,88.4,86.9,86.1,371.7,98.3,20.5,15.3,24.8,26.5,3.4,8.5,12.9,9.2,8.8,6.4,4.5,4.2,13.2,0.9,,7.2,7.2,0,0,7.2,14.3
C45800,시군구,2023,전라북도,부안군,49187,9936.7,37.1,3.5,12.6,135,2.3,126.6,216.7,10.6,50.2,47.9,8.8,27.8,4.5,T,495,23.1,91,F,0,0,0.2,1,4.8,0.4,0,0,0.4,0.2,0,0,0,1,0.4,1150.7,557.1,0,0,553,1150.7,50.8,138.2,44.7,111.8,10.2,20.3,4.1,16.3,2,4.1,2,6.1,6.1,12.2,0,0,0,0,0,2,14.2,14.2,138.2,260.2,44.7,2,2,30.5,12.2,0,4.1,2.3,37.7,99.1,99.1,36.2,25,99.6,2.3,4.8,83.9,24.8,7.5,4.4,4.4,4.4,13.7,10.2,4.4,15.1,13.9,4.8,16.8,4.4,66.9,28.5,28.5,4.8,4.8,69.7,19.1,50,15,12.3,0,48.5,40.1,4.3,48,55.3,50,11.5,4.8,58.3,31.6,3,3.6,2.3,47.7,0.8,6.7,28,55.4,77.7,46.3,,43.7,48.2,48.2,22.2,22.3,0,28.4,37.7,14.6,18.5,28.8,57.2,58.2,0,8.8,52.8,39,51.2,65.1,100,44.3,0.7,57.2,68.2,62.5,55.8,3.1,69.7,63,78.8,42.9,0,0,0,0,0,38.3,0,46.5,54.6,49.2,10.7,0,59,33.1,0,0,0,45.6,0,0,32,51.4,71.6,44.1,39.4,40.9,44.9,44.9,15.5,15.6,0,20.3,29.9,6.1,17,25.9,57.1,59.4,0,8.8,52.6,36.9,51.2,64.8,100,39.9,0.7,57.1,69.7,59.3,57,0,70,61.3,79.2,39.5,,,,,,90.6,,87.1,88.4,75.9,90.7,,88.8,89.1,,,,86.1,,,88.9,95,97.3,87,86.9,89,89.2,89.4,93.1,93.1,0,99.3,100,94.7,89.8,91.2,91.1,91.1,0,88.9,88.8,90.7,89.9,90.4,100,85.4,100,91.1,81.4,87.2,92,0,80.7,81.8,80.7,90.3,363.6,92.5,28.3,30.8,25.6,22.7,17.7,2.4,8.3,10.7,3.1,8.3,3.5,6.8,6.2,0.6,,0,0,0,0,0,7.8
C46110,시군구,2023,전라남도,목포시,214156,413989.3,19.8,2.4,20.5,817,1.6,99.4,110.7,17.2,50.3,28,18.7,28.6,5.1,F,51.7,4.3,100,F,0,7.7,9.7,40.6,245.5,21.3,1.9,3.9,9.7,7.7,0,5.8,3.9,40.6,21.3,1590.9,1482.6,0,771.4,911,1590.9,124.7,226.9,123.3,216.2,20.5,39.2,10.3,18.7,8.4,12.6,11.2,14.9,11.2,18.7,2.8,0,3.7,0,1.9,3.3,21.5,21.5,686.4,902.6,122.8,5.6,8.4,38.8,28,7.9,7.5,0.1,0,100,100,100,0,0,0,0,0,100,0,0,0,0,0,0,0,0,0,0,0,0,0,0,0,0,0,59.8,75.9,86.1,0,71.1,70.9,70.7,70.5,61.1,76.8,75.2,65.7,54.5,89.8,77.6,78.8,81,87.1,72.5,86.1,23,83.5,91.9,74.7,95.4,78.6,,76.8,86.1,86.8,64.5,66.2,0,64.4,64.1,64.9,22.6,65.6,91.1,64.5,50,78,71.3,66.2,82.6,89.9,81.8,76.2,3.2,91.1,80.4,92.4,86.5,86.6,82.8,79.4,85.5,80.5,0,75.9,86.1,0,70.9,69.8,61.1,75.6,72.4,65.6,54.5,88.9,77.4,78.8,81,72.3,87.1,80.4,22,80.8,87.7,74.7,93.7,73.5,68.5,69.5,68,68.7,60.1,61.6,0,58.7,57.3,60.7,22.6,64.9,89.4,64.2,50,78,70.8,66,82.3,84.9,81.8,75.9,3.2,89.4,80.2,91.7,86.2,86.6,82.6,78.9,85.1,79.5,,46.9,39.8,,48.4,50,47.8,55.6,55.2,53.5,45.7,58.3,57.7,48.7,42.8,41.5,43.5,58.9,69.5,55.3,61.9,54.4,69.5,54.9,53.3,54.1,51.7,51.3,52.2,52.2,0,50.9,51.6,50,56.1,48,50,48.2,40,56.4,55.9,51.5,63.5,58,64.3,53.1,60,50,67.7,56.6,53,43.6,66.9,65.6,60.2,53.5,372.2,92.4,25.9,26.4,25.6,23.1,11.5,8.5,15.4,14.7,6.9,11.5,2.2,8.1,7.2,3.8,,4.9,2.5,0,0,2.5,14.5
C46130,시군구,2023,전라남도,여수시,271696,53031,22.5,2.3,18.5,1141,1.6,101.6,127.1,15.4,49.1,31.6,26.9,21.7,3,T,512.3,29.6,72.1,F,0,0.2,0.6,2,31.8,2.1,0,0.2,0.6,0.6,0,1,0.6,2,2.1,692.3,884.8,0,141.3,355.5,692.3,72.9,162.3,68.8,143.5,13.3,24.3,5.2,10.3,6.3,10.3,3.7,7.4,8.1,12.1,0.7,0,1.5,0,0,1.1,12.9,11.8,381.3,501.3,73.2,1.1,5.5,21,19.9,0,7.7,5.4,4.8,100,100,5,2.2,4,2,2.9,5.7,4.6,2,2.9,2.9,2.9,2.9,1.3,2.9,4.6,2,2.9,2.9,2.9,49.6,71.6,3,2.9,2.9,21.7,39.1,83.6,76,52,45.7,70.1,64.3,41.7,67.3,66.4,50.8,65.8,85,79.7,65.7,60.6,66.5,62.1,78.7,24.7,19,36.5,71.1,91.8,69,,68.5,77.6,78.3,54,54.7,13.2,54.8,52.2,57.8,25.5,58.9,79.7,61.9,100,55.7,64,54.8,63.9,80.6,0,72.7,0.6,79.7,64,87.9,85.1,62.9,80.5,72.5,85.6,65.5,0,0,39.7,0,41.6,62.7,41.7,65,66.5,48.6,56.7,80.7,80.6,67.2,39.9,60.7,47.1,78.8,0,10.3,30.1,67,90.4,68.1,75.2,68.6,80.9,81.8,44.9,45.7,0,44.7,37.7,52.5,24.5,56.3,79.2,55.1,100,54.6,61.8,52.4,60.1,80.1,0,69.5,0.6,79.2,60,88,86,40,78.3,71.1,86.5,62.1,,,95.1,,93.6,92.2,89.2,85,93.4,89.3,93,96.3,66.4,89.1,94,93.2,95.9,94.7,,90.7,90.4,83.4,97.6,85.1,85.4,86.4,89.6,89.8,90.7,90.7,0,94.3,91.6,96.6,92.1,90.1,94.4,90.6,100,93,86.1,82.8,89.5,94.5,0,89.7,60,94.4,55.7,90.4,92,95.4,54.5,77.7,88.8,91.4,331.9,91.5,24.6,20.9,16.4,19.5,17.7,9.3,10.1,7.7,9.9,5,5.5,4.3,6.8,3.4,,3.6,0,0,0,0.9,13.2
C46150,시군구,2023,전라남도,순천시,278137,30529.7,18.2,2,20.9,1303,1.4,109,97.9,17.6,50.1,26.6,19.7,20.7,2.3,T,911,25,94.2,F,0,0.1,0.7,2.7,15.9,0.8,0.1,0.1,0.4,0.4,0.2,0.3,0.2,2.7,0.8,1275.3,669.8,0,186.6,613.4,1275.3,106.8,193.1,101.4,178,16.9,31.6,4.3,11.5,6.8,12.6,7.2,11.1,13.3,14.7,3.6,0.4,2.2,0.4,4,0.4,11.9,11.1,677.4,831.2,79.8,8.3,4,80.2,14.7,24.8,4.3,0,0,99.7,99.7,0,0,2,0,1.1,4.9,0,0,0.1,0.1,0.9,2.1,0.3,0.1,1.6,1.5,1.3,2,0.1,0.7,0.2,0.1,0.6,0.7,55.1,78.6,91.3,87.8,57.5,55.3,70.3,67.6,52.6,75.3,69,49.7,72.4,90.2,79,75.1,91,95.5,60.7,81.5,72.7,72.6,80.5,60.8,93.8,74.9,,72.6,76,76.1,69.3,70,42.7,74.6,70.9,79.7,22.9,66.8,83.2,74.1,20,40.4,70.8,66.5,81.7,82.6,68.8,81.9,16.6,83.2,77.7,91.4,85.8,95.2,86.6,81.6,86.2,81.6,0,78.6,91.3,87.8,56.2,67.8,56.3,73.4,68.9,44.5,72.3,89.8,77.3,80.2,91.1,62.4,95.5,80.4,75.6,30.8,21.8,57.3,92.8,70.1,61.7,66.7,64.7,64.9,62.8,63.3,42.7,64.9,59.4,72.6,23,67.7,83.1,77.3,20,42.1,68.9,64.8,80.3,81.7,81.3,81.2,18.4,83.1,75.5,91.1,86.4,95.1,84.3,79.3,85.8,78.3,,47.4,48.5,50.3,47.4,56.3,47.4,57.3,61.9,53.3,46.3,63.2,61.8,53,46.4,43.4,49.8,69.1,46.8,35,50.3,61.3,68.8,59.2,65.4,56.8,66.6,66.2,46.9,46.8,57.9,47.8,44,53.2,49.9,48.8,63.2,48,33.3,51.1,53.6,49.8,57.7,64.3,81.3,55,87.9,63.2,47.9,65.6,64.3,49.8,66.7,55.3,65.5,57.3,295.6,75.4,19.9,19.6,16,20.4,8.4,8.1,9,8.9,6.2,7.8,3.2,3.5,6,3.5,,4.3,2.9,0,0,2.9,12.1
C46170,시군구,2023,전라남도,나주시,117377,19289.8,24.1,2.9,19,610,2.3,121.5,111.1,16.3,49.5,32.5,15.2,22.8,3.5,T,608.5,5,76.5,F,0,0,0.3,0.5,10.8,1.2,0,0,0.2,0,0,0,0,0.5,1.2,351,1928.8,0,0,313.5,351,69.9,174.7,56.2,144,6,20.4,4.3,11.9,1.7,8.5,6.8,12.8,2.6,6.8,1.7,0,17,0,0,0.9,29,26.4,257.3,466,142.3,15.3,8.5,11.1,16.2,0,4.3,0,0.2,4.5,4.5,3.1,0,26,0,0.1,80.9,2.7,0,0.1,0.1,0.1,17.6,0,0.1,1.6,12.3,3,18.3,0.1,0.9,1.9,0.7,1.9,0.1,78.7,78.8,95,93.3,65,28.8,80.6,57.7,7.2,59.5,53.6,49.5,60.7,87.3,67.6,25.6,61.6,62.7,30,71.4,46.5,30.3,40.9,51.5,91.5,66.1,,63.8,76.2,75.4,46.7,46.5,47.7,41,39.8,43,28.7,47.2,76.3,43.4,0,56.7,53.9,48.4,59.4,74.7,100,62.4,53.5,76.3,58.1,90.1,75,62.1,75.1,65.9,77.6,60.4,0,0,0,0,0,35.2,0,32.3,31.8,27.7,2.9,61.2,36.1,20.2,0,0,0,50.8,0,0,7.6,18.2,80.4,43.4,58.4,42.6,60.5,60.6,12.6,14.8,0,11,6.8,18.2,8.3,18.7,55,14,0,40,28,20.6,32.7,59.1,0,34.5,0,55,25.2,76.4,46.7,0,45.1,41.1,50,37.6,,,,,,78.3,,78.2,78.5,76.3,74.6,79.5,78.1,81.8,,,,83.1,,,62.5,75,88.1,52.1,41.8,46,40.2,41.5,25.5,25.5,0,24.4,14.6,43.3,77.4,81.5,78.1,70.9,0,85.7,79,79.1,75.1,77.9,0,77.1,0,78.1,78.4,79.6,79.5,0,77.1,78.4,78.3,77.7,323.3,74.4,33,26.4,30.5,13.7,7,5.3,10,7,6.7,10.5,2.4,4.9,7.3,5.1,,1.4,0,0,0,1.4,6.9
C46230,시군구,2023,전라남도,광양시,152666,32841,15.5,1.8,19.9,772,2.1,105.7,87.9,17.7,47.7,23.8,22.6,19.7,2,T,464.9,41.7,93.6,F,0,0,0.4,1.1,12.9,1.1,0,0,0.4,0.2,0,0.2,0,1.1,1.1,444.1,566.6,0,0,241.7,444.1,30.1,85.8,28.2,78.6,7.2,15.7,2,5.2,0,5.9,1.3,8.5,4.6,7.2,0,0.7,0,0,0,0.7,7.2,7.2,167.7,290.8,59,1.3,4.6,17.7,15.1,0,7.2,0,0.7,100,100,0.7,0.6,2.1,0.3,1,18.8,0.6,0.3,0.6,0.7,1,2.2,0.6,0.6,2.3,0.2,1,2.2,0.6,2.2,2.7,2.2,0.7,0,53,72.3,88.3,84.7,50.2,48.4,71.8,69.6,40.6,70,67.5,52,68.1,88,70.8,63.2,89,88,61.1,81.7,53.8,45.9,49.2,68.6,96.5,70.2,,68.5,72,71.7,59.6,59.9,20,57.7,54.1,64.3,20,61,81.5,64.1,33.3,22.7,63.7,61.3,74.4,85.5,100,77.5,1.4,81.5,68.5,88.1,81.4,88.5,79.7,77.2,83.4,79.3,0,0,22.3,0,0,39.2,0,31.7,44.1,26.2,0,47,37.7,8.5,24.6,15.8,0,51.1,0,0,6.6,22.5,73.8,38.2,58.1,39.8,60.7,59.9,27.3,27.5,0,25.9,20.6,35.7,8.1,16,48.6,10.8,0,27.3,28.5,24.5,26.8,63.3,0,29.8,0,48.6,23.2,53.7,48.3,0,50.1,43.6,52.9,38.9,,,100,,,78.4,,78.7,81.4,38.2,,92.5,80.4,81,89.6,67.8,,89.8,,,57.1,67.6,80.5,68.7,56.8,63.9,64.3,64.4,41.4,41.4,0,35.4,31,41.9,81.6,72.7,82.7,81.2,0,60,69.2,72.7,79,86.4,0,73.9,0,82.7,79.6,86.6,81.6,0,77.1,81.1,81,80.9,287.1,73.1,22.8,22.3,14.9,18.4,8.2,10.4,6.6,7.7,6.5,5.9,2.6,2.8,7.6,3.9,,1.2,0,0,0,0,9.6
C46710,시군구,2023,전라남도,담양군,45373,9970.5,33.9,3.1,13.5,148,2.3,127.7,164,10.8,49.4,45.3,11.1,22.9,3.8,T,455.1,33.3,95.4,F,0,0,0,0.2,5.3,1.3,0,0,0.2,0,0,0,0,0.2,1.3,189.5,2043.1,0,0,0,189.5,28.7,136.6,28.7,101.4,4.4,19.8,4.4,19.8,0,0,0,4.4,2.2,4.4,2.2,0,11,2.2,0,0,28.7,26.4,105.8,354.8,158.7,8.8,13.2,4.4,19.8,0,0,0,0.5,0.5,0.5,0.5,0.1,6.7,0,1.4,38.1,0,0,0.1,0.2,0.3,1.7,0.7,0.2,3,2.3,1.4,1.7,0.2,1.9,5.6,1.4,1.3,0.2,79.5,83.9,94.4,76.5,78.6,55.2,84.1,65.8,21,72.3,69.3,66.6,67.6,90.1,77.4,38,87.2,88.1,70.5,77.6,77.5,60.7,34.1,77.5,92.1,73.1,,74.4,76,76.6,71.2,68.9,87.2,75.8,83.3,62.8,41.9,75.1,87.2,76.3,66.7,52.4,72.5,70.8,77.4,81.7,0,71,76,87.2,77.2,87.9,82.2,87,78.9,77.8,84,70.4,0,0,0,0,0,0,0,8.1,16.6,14.8,0,0,3,9.6,0,0,0,10.5,0,0,2.4,12.5,60.7,18.3,32.5,21.3,31.2,31.4,0,0,0,0,0,0,4.1,7.9,9.6,11.3,0,0,11.1,12.7,14.2,30.9,,1.3,0,9.6,4.3,20.1,6.7,0,3.3,11,7.7,5.8,,,,,,,,67.4,65.5,77.1,,,66.4,69.1,,,,65.3,,,100,83.3,49.1,32.1,27.1,37.5,57.3,57.3,0,0,0,0,0,0,71.4,58,56.4,62.4,0,0,63.9,64.2,65.3,68.8,0,64.2,0,56.4,81.1,66.8,75.5,0,72.6,73.2,84.7,59.3,309.6,94.4,22.9,16.2,26.4,16.4,7.1,14.8,7.2,7.6,2.9,8.4,3.8,4.5,10.1,1.3,,0,0,0,0,5.3,10.5
C46720,시군구,2023,전라남도,곡성군,26905,4916,39.3,4,11.8,47,2.3,144.7,200.3,9,50.3,50.9,8.7,25.6,5.1,T,547.3,45.5,86.4,F,0,0,0,0.4,2.4,0.2,0,0,0.2,0,0,0,0,0.4,0.2,412.6,542.7,0,0,0,412.6,44.6,130.1,37.2,89.2,7.4,26,3.7,11.2,0,0,3.7,3.7,3.7,7.4,0,0,3.7,0,3.7,0,7.4,7.4,74.3,215.6,52,3.7,3.7,11.2,3.7,0,3.7,0,10.2,28.3,28.3,9.3,8.6,75.2,0,22.9,97,0,6.3,0,0,0.4,25.7,12.5,0,10.5,18.2,22.9,25.5,0,57.7,0.4,0.4,16.4,4.6,76.6,57.5,100,100,49.4,6.8,57.3,16.3,0,30,38,37.8,24.7,20.4,29.3,20,23.4,31,12.3,29.7,22.4,40,64.3,31.6,57.9,35.2,,36.3,42.6,42.4,16.8,16.8,0,23.3,19.1,35.7,14.8,34.8,43.8,26.7,0,0,35.1,30.7,32.1,38,0,20.4,11.1,43.8,22,42.1,35.8,33.3,26,34,38.3,34.2,0,0,0,0,0,0,0,14.3,24.5,27.3,0,0,12.4,21.2,0,0,0,14.1,0,27.5,64.3,21.1,0,18.6,23.7,19.8,26,25.6,0,0,0,0,0,0,8.3,21,26.8,10.5,0,0,21.9,16.6,18.7,23.9,0,5.6,0,26.8,2.6,17.2,13.1,0,8.1,16.3,23.9,19.1,,,,,,,,57.7,62.5,85,,,85.1,86.1,,,,64.1,,12,41.3,100,,71.8,86.9,75.1,82.3,83.8,0,0,0,0,0,0,64.9,77.6,74.3,71.7,0,0,67.5,59.9,50.2,74.4,0,71.9,0,74.3,92.3,85.3,68.3,0,79.7,60.3,86.9,62.5,306.1,78.2,16,14.8,19.9,12.6,4.9,5.6,3.4,9,13.1,6.4,2.2,10.3,15.9,3.1,,0,0,0,0,0,0
C46730,시군구,2023,전라남도,구례군,24314,5488.9,38,3.5,11.7,41,2.3,136.8,170.5,10,51.1,49.9,7.7,26.2,4.8,T,443,50,89.5,F,0,0,0,0.5,2.5,0.5,0,0,0.2,0,0,0,0,0.5,0.5,398.9,1381.9,0,0,0,398.9,49.4,127.5,45.2,106.9,8.2,16.5,4.1,12.3,4.1,4.1,4.1,4.1,4.1,4.1,0,0,0,0,4.1,0,16.5,16.5,98.7,312.6,143.9,0,4.1,12.3,8.2,0,0,0,3.6,100,100,3.6,3.4,47.2,2.6,20.2,82.2,2.5,3.6,0.5,0.5,19.1,19.7,13.3,0.5,2.7,11.4,20.2,20.2,0.5,49.5,41.8,19.1,0.5,1.6,54.9,54.6,25,58.8,35.6,19.8,39.9,21.1,3,41.8,60.6,14.3,22.6,29.3,35.9,28.6,19.5,17.4,20.7,43.8,2.7,1.4,25,34.5,51.6,48.4,,52.2,62.5,63.9,1.5,1.5,0,1.3,0.8,1.8,13.5,32.2,50.7,26.4,0,0,49.2,32.4,39.6,72.9,50,38.6,0,50.7,20.6,76.1,48.1,20.5,67.6,42.5,48.3,38.5,0,0,0,0,0,0,0,28.6,52.2,4.2,0,0,26.3,26.5,0,0,0,30.1,0,0,12.5,31,14,40.2,58.8,44.8,61.3,62.6,0,0,0,0,0,0,7.1,14.7,39.1,11.8,,0,35.8,18.3,15,66.7,0,17.8,0,39.1,11.4,65.3,35.2,0,61.2,32.7,34.6,23.5,,,,,,,,80.7,80.7,77.4,,,80.8,82.2,,,,76.1,,,66.7,81.8,40.2,62.2,52.7,58.4,57.9,58,0,0,0,0,0,0,69.9,80.4,88.1,82.1,0,0,84.2,82.7,76,84.5,0,80.2,0,88.1,81,78.1,79.4,0,80.4,81.2,77.8,75.9,346.8,79.8,49.9,23.4,11.9,23.3,15.6,8,18.2,6.7,6.6,24.2,7.6,3.8,4.5,3.8,,0,0,0,0,0,0
C46770,시군구,2023,전라남도,고흥군,61113,7571.2,44.3,4,10,126,2.1,137.9,195.8,8.9,51.1,55.7,6.8,31.3,5.4,T,807.2,50,91.1,F,0,0,0.1,0.5,4.2,0.1,0,0,0.2,0.1,0,0.1,0,0.5,0.1,1942.3,279.8,0,0,479.4,1942.3,54,132.5,49.1,96.5,9.8,13.1,3.3,14.7,3.3,6.5,1.6,1.6,8.2,9.8,1.6,0,0,0,0,0,1.6,1.6,224.2,333.8,19.6,3.3,3.3,18,1.6,0,0,22,80.4,100,100,81.4,79.5,95.7,0.8,9.6,100,79.7,81.3,6.6,6.6,9.5,96,6.1,6.6,13.1,6.7,9.7,9.7,6.6,85.5,56.4,7.2,9.5,6.6,29.4,14,25,7.3,8.3,1.8,33.1,24.9,0.3,32.6,42.9,11.2,3.2,15.4,39.7,25.8,7.1,7,28.6,39.5,7.9,44,52.3,38.2,74.4,30.8,,31,29.8,30.5,5,5.3,0,3.3,2.5,4.7,16.3,30.3,39.8,27.4,0,2.6,31.2,36.6,39,53.3,0,29.4,0,39.8,36.7,58.2,40.8,4.9,40.4,26.9,62.7,25.7,0,0,10,0,0,26.7,0,31.5,46.5,11,3.6,15.3,41.9,30.7,11.1,29.1,10.2,43,0,0,22.1,32.7,82.5,26.2,17,26,18.4,18.9,0,0,0,0,0,0,17.5,28.5,42.2,24.4,0,2.6,29.5,37.6,35.8,56,,27.9,0,42.2,38.8,63.6,41.8,7,42.1,26.2,66.9,22.1,,,100,,,94,,91,91.1,90.1,94.4,97.2,89.9,90.6,93.3,92.2,100,92,,,84.1,75,93.4,92,95.1,92.6,94.6,94.6,0,0,0,0,0,0,93.3,91.2,90.9,92.1,0,50,91.8,92.4,90.3,91.9,0,91.3,0,90.9,88,91.6,90.2,100,88.9,89.1,90,91.1,344.7,74,21.3,37.5,15.8,28.8,4.4,8.2,8.5,9.7,4.8,4.9,2,3.8,9.2,2,,0,0,0,0,0,6.1
C46780,시군구,2023,전라남도,보성군,37686,5670.5,42.3,3.8,10.8,59,2.2,141.7,180.6,9.4,51,53.6,8.1,29.6,5.3,T,664.6,41.7,83.2,F,0,0,0,0.3,3.3,0.5,0,0,0.3,0,0,0,0,0.3,0.5,1170.2,1430.2,0,0,0,1170.2,50.4,153.9,50.4,127.4,8,23.9,2.7,18.6,8,15.9,0,2.7,5.3,8,0,0,15.9,0,0,0,23.9,21.2,299.8,488.2,100.8,13.3,15.9,15.9,8,0,2.7,0,38.9,96,96,14.9,12.4,73.7,0,27.6,98.9,12,13.4,0.7,0.7,2.5,71.8,19.2,0.7,4.4,71.5,72.2,70.3,0.7,21.5,17.1,0.7,0.7,1.4,68.2,38.8,28.6,44.4,29.7,11.8,31.7,14,0,38.1,33.8,61.2,14.7,23.4,43.2,26.3,25.4,17.2,14.9,40.8,22.2,39.3,80.7,38.5,74.5,39.9,,41.2,46.5,46.4,18.1,18,100,22,32.5,8.3,13.6,30.2,40.5,28.8,0,0,44.1,42.5,43.8,41.3,0,37.9,0,40.5,28.7,45,51.6,20.7,40.7,36.7,67.4,48.3,0,0,0,0,0,0,0,27.1,24.4,57.2,4.1,0,32.6,27.7,0,0,0,28.5,0,59.8,94.1,28.2,37.1,29.4,32.5,30.6,40.2,40.1,0,0,0,0,0,0,7.8,20.9,27.7,11.1,0,0,33.3,35.1,33,28,0,22.7,0,27.7,17.5,27.6,38.2,0,28.4,23.9,55.9,35.1,,,,,,,,42.1,76.9,91.4,92.3,,67.4,78.8,,,,57.1,,8.5,22.3,73.3,95.4,42.6,43.3,44.6,44,44.9,0,0,0,0,0,0,76.6,58.2,68.1,57.6,0,0,47.4,56.8,36,50.8,0,60.4,0,68.1,31.5,73.9,80.7,0,52.2,59.6,85.9,35.5,368.5,103.3,28.8,34.5,15.1,22.7,8.5,12.9,12.6,9.7,7.9,6.3,6.7,7.1,16.2,4.9,,0,0,0,0,9.6,9.6
C46790,시군구,2023,전라남도,화순군,61254,7781.5,29.7,2.9,16.1,187,2.5,130.6,131,12.8,50.5,39.9,14.4,26.6,3.8,T,787.2,69.2,81.5,F,0.1,0.1,0.1,0.5,4.2,1.4,0,0.1,0.1,0.5,0.1,0.1,0,0.5,1.4,2484.7,3452.8,1116.7,1116.7,1116.7,2484.7,475.1,622,331.4,452.2,94.7,117.5,37.5,55.5,8.2,19.6,9.8,16.3,19.6,24.5,1.6,0,19.6,3.3,1.6,4.9,66.9,63.7,1528.1,1972.1,337.9,19.6,24.5,31,63.7,4.9,24.5,0,0.6,0.6,0.6,0,0,3.1,0,2.7,10.2,0,0,1.5,2,2.4,3,1.5,2,7.8,9.8,2.6,3.2,2,15.2,2.5,2.4,2.6,2.5,85.8,86.4,96.2,100,81.6,67.9,83,64.9,55.4,78.9,86,66.1,73.6,82.1,82.6,52.1,84.5,85.1,59.3,85.1,51,71.7,72.7,67.9,89.3,78.7,,80.3,76.2,76.3,69.2,69.7,62,73.4,83,62.9,69.8,80.6,84.2,70.2,50,19.2,86.3,82.3,84.4,82.4,100,79.2,59.5,84.2,64.6,86.6,84.5,84.7,79.8,77.4,82,81.1,37.9,0,0,0,29,22,28.8,53.2,73.5,30.2,8.2,1.5,61.9,19.5,0,8.5,0,68.7,0,44.8,54.5,43.6,66.9,58.2,65.3,63.7,63.8,63.8,46.6,50,1.6,46.2,47.6,44.7,62.3,58,63.3,34.6,0,3.8,69,61.9,67.7,58.8,0,50.6,0.7,63.3,24.9,62.5,68.7,0,45.5,53.9,59.2,60.7,4.4,,,,4.4,4.4,4.4,19.6,19.9,4.9,2.5,2.8,55.8,6.3,,4.4,,15.6,0,29.3,32.4,79.1,89.1,23.3,29.7,28,43.5,44.6,27.8,27.7,100,43.1,42.4,43.8,4.3,36.7,55.1,54.9,0,12.5,26.4,26,27.4,14.6,0,33.1,33.3,55.1,72.3,77,71.8,0,61.7,60.4,76.9,17.7,306.5,80.5,33.8,23.7,14.5,23.8,3.3,4.3,12.1,9.2,4.4,4.8,2.1,6.5,8.6,3.5,,4.7,0,0,0,0,18.4
C46800,시군구,2023,전라남도,장흥군,35046,5631,37.8,3.9,12.2,109,2.4,138.6,153.6,11.2,51.1,48.4,7.5,28.6,5.4,T,622.4,10,71.4,F,0,0,0.2,0.5,3.4,0.2,0,0,0.3,0,0,0,0,0.5,0.2,1181.3,413.7,0,0,519.3,1181.3,57.1,142.7,57.1,108.4,8.6,17.1,5.7,14.3,0,2.9,5.7,5.7,5.7,8.6,0,0,0,0,2.9,0,5.7,5.7,222.6,365.2,48.5,2.9,0,34.2,2.9,11.4,0,1.6,89.6,99.3,99.3,92,18.8,73.3,0,15.4,100,90.1,55.2,15.2,15.2,15.2,29.3,11.3,15.2,26.8,21.3,75.7,29.5,15.2,17,71.5,35.4,15.2,15.2,63.2,1.1,33.3,0,4.6,0.7,44.6,36.5,0,40.8,37.7,20,4.4,59.6,40,30.3,7.3,4.8,1.4,53.6,16.8,0,20,51.4,65.6,36.7,,33.9,33.1,33.2,11.4,13.2,1.2,6.3,5.5,8.6,10.9,22.1,42.8,33.9,0,0,43.7,25,55.8,46.9,100,44.5,4.2,42.8,35.2,62.8,50.9,4.7,55.1,50.7,68.4,38.7,0,0,0,0,0,42.2,0,46.5,42.9,20.9,0,68.1,46.3,42,0,0,0,60.6,21,0,36.7,60,75.2,41.1,31.3,37.8,35,35.2,14.2,16.6,1.2,7.8,5.7,13.2,13.3,25.8,48.5,38.4,,0,51.5,28.6,65.9,55.7,0,50.4,0,48.5,37.7,71.9,57.8,0,62.2,57.5,78.1,45.6,,,,,,85.6,,85,88.5,84.7,,82.3,86.4,85.5,,,,86.3,63.5,,84.6,87.5,84,81.6,73.6,81.4,78.3,77.7,63.5,63.4,66.7,42,46.8,37.7,80.4,83.4,85,74.2,0,0,86.4,86.7,85.5,87.9,0,84.1,0,85,80.2,84.6,84.5,0,82.2,86.1,87.8,84.7,366.3,85.6,38.7,34.6,22.7,22.6,6.8,13.1,16.5,7.2,7.6,6.2,5.5,7.5,5.5,6.7,,7.3,7.3,0,0,0,28.4
C46810,시군구,2023,전라남도,강진군,32722,6532.7,38.2,3.2,12.6,96,2.1,136.1,184.5,11.1,51.3,49.2,7.6,27.4,5.2,T,500.9,18.2,69.5,F,0,0,0,0.2,4,0.2,0,0,0.2,0,0,0.2,0,0.2,0.2,608.2,712.1,0,0,0,608.2,48.9,152.8,42.8,100.8,6.1,21.4,3.1,9.2,9.2,12.2,3.1,6.1,6.1,12.2,0,0,0,0,0,0,3.1,3.1,210.9,375.9,73.3,0,3.1,9.2,3.1,0,0,0.1,31.2,100,100,100,0.2,10.5,0,6.6,100,100,26.1,0.5,0.5,0.5,0.5,4.5,0.5,7.5,0.3,10.7,0.5,0.5,8.2,9.1,9.1,0.5,0.5,62.4,16.5,50,0,34,22.9,33.4,23.9,0,37.1,41.5,26.1,10.3,24.1,54.1,32.6,6.3,4.3,20.8,34.5,10.6,21.3,62.1,53.8,90.5,39,,37.6,44,44,5.5,6.1,0,5.4,6.8,3.2,8.4,18.9,45.7,23.8,50,9.1,33.7,27.2,44.2,35.9,100,32.3,24.7,45.7,34.7,59.7,60,4.4,37.2,39.8,50.8,37.6,0,0,0,0,0,0,0,19.4,24.5,13.6,9.2,3.3,42.4,23.7,6.3,0,3.6,17.1,0,0,3.4,42.3,80.8,25.4,33.1,26.9,35.8,36,0,0,0,0,0,0,4.7,4.2,18.3,1,50,0,14.3,9.6,19.3,16.3,100,18.9,24.7,18.3,6.6,28.4,43.5,3.7,22.7,21.6,30,19.8,,,0,,,,,76.1,75.3,76.5,42.9,75,78.1,78.5,30,,35.7,69.3,,,100,91.7,69.4,62.7,55.4,61.9,53.5,53.5,0,0,0,0,0,0,72.2,97.8,78.1,88.9,100,0,81.3,79.7,72.7,74.9,84.2,80.6,79.6,78.1,75,74.9,80.1,35.7,75.2,74.1,77,75.2,340.7,90.1,22.7,18.2,24.9,18.2,4,3.5,4.8,7.7,10.4,13.9,3.1,4.8,13.5,3.5,,0,0,0,0,0,6.4
C46820,시군구,2023,전라남도,해남군,64575,6178.6,36.1,3.6,12.7,214,2.6,127.5,184.7,11.8,50.1,46.8,7.7,29,4.5,T,1045.1,21.4,81.3,F,0,0.1,0.2,0.3,3.9,0.1,0,0,0.2,0.2,0,0.1,0,0.3,0.1,1347.3,302,0,752.6,1215.6,1347.3,96,184.3,94.5,156.4,13.9,24.8,7.7,17,4.6,9.3,6.2,9.3,9.3,9.3,3.1,0,12.4,0,3.1,0,6.2,6.2,367,456.8,21.7,15.5,3.1,48,1.5,12.4,0,39.7,76,100,100,100,0.2,12.4,0,8.8,100,100,71.9,3.2,3.8,5,31.4,4.2,3.9,22.9,7.1,8.8,8.9,3.8,9.9,13.2,8.8,5,6.3,32.8,18.4,12.5,0,57.8,44.9,65.7,55,0,49.9,56.2,35,9.8,60.7,52.7,30.7,11.2,10.2,41.1,56.4,29.8,46.3,70.2,57.1,73.6,42.1,,39.6,33.1,33.4,21.3,21.2,66.7,19.9,13.4,29.8,18.2,42.5,67.3,44.4,0,51.2,54.2,48.1,54.6,66.7,0,32.6,0,67.3,59.8,79.7,58.7,10.7,56.6,45.7,63,50.1,0,0,0,0,49,59.5,0,52.8,59.4,35.8,8.1,61.3,55.8,45.5,7.5,43.4,5.8,56.2,32.6,53.2,80,66.3,78.1,42.7,16,39.3,29.9,29.7,21.8,21.7,66.7,21.1,15.2,30.2,18.4,45.9,70.5,50,,58.3,57.2,52,57,69.5,0,33.7,0,70.5,65.4,84.2,62,6.4,58.6,48.6,67.2,54.1,,,,,57.9,65.9,,67.6,71.1,70,70.5,78.6,65.7,68.6,88.9,63.9,86.7,73,68.7,72.5,58.2,75.6,86.9,67.7,68.6,66.6,67.8,68.9,68.7,68.6,100,71.2,60.4,82.7,72,69.8,73.1,61.3,0,71,66.5,65.5,69.6,75.5,0,63.2,0,73.1,62.4,76.8,69.4,88.2,72.1,66.4,71.2,68.4,398.4,95.8,32.4,29.3,21.5,17.3,3,10.9,29.1,7.8,9.8,9,7.7,5.3,7,5.1,,3.9,3.9,0,0,0,11.5
C46830,시군구,2023,전라남도,영암군,52350,8547.9,29.2,3.1,14.4,205,3.8,127.7,153.1,12.8,47.7,39.1,11.1,25.3,3.2,T,612.4,0,73.7,F,0,0,0,0.3,4.2,0.2,0,0,0.2,0,0,0,0,0.3,0.2,662.8,277,0,0,0,662.8,21,91.7,21,59.2,3.8,9.6,3.8,13.4,0,1.9,0,0,1.9,5.7,0,0,5.7,0,0,0,5.7,3.8,84,160.5,19.1,3.8,1.9,13.4,1.9,1.9,0,0,4,94,94,92.1,0.2,23.9,0,9.5,55.5,92.1,1,0,0,0,14.5,2.2,0,2.3,9.4,23,14.2,0,0,0,0,0,0,67.5,50.2,82.1,0,46.8,37.6,46.6,34.7,21.4,50.6,49.2,66.4,35.1,69.4,42.9,33.7,63.9,69,33.9,61.2,35.2,91.9,93.7,57.9,85,51.6,,47.1,56.3,56.7,38,39.3,0,35.1,39,30.5,12.4,35.4,64.2,30.8,0,57.1,45.1,40.1,48.7,63.6,100,46.7,1.2,64.2,45.6,67.8,64.7,68.6,44.7,47.8,67.9,57.1,0,0,0,0,0,0,0,19.9,23.8,48.9,0,0,10.8,5.7,0,0,0,13.6,34.3,63.8,74.4,31.6,37.6,17.8,14.1,16.5,17.9,17.9,19.1,19.7,0,11,9.8,12.4,5.1,14.3,21,9.5,0,0,24,19.1,18.3,17.1,0,15.3,0.6,21,14,21,32.6,0,12.1,24.6,37.6,25.6,,,,,,,,51.6,61.4,68.3,,,84.6,87.3,,,,52.9,67.1,26.1,46.8,90,95.6,56.4,72.7,65.7,71.6,75.2,67.1,67.1,0,48.9,37.3,69.7,81,81,79.8,66.1,0,0,67.1,59.2,49.3,67.2,0,71,100,79.8,40,88,91.3,0,55.4,67.2,79.2,36.5,348.7,82.6,24.9,35.2,22.2,18,11.8,5.3,13.5,6.7,5.2,11.2,7.2,4.6,15.5,0.4,,0,0,0,0,0,10.6
C46840,시군구,2023,전라남도,무안군,90296,20024,21,2.7,20.4,471,1.8,115.7,110,19,49.7,28.5,13.2,21.3,2.2,T,450.9,22.2,88.4,F,0,0,0.2,0.4,11.8,0.9,0,0,0.2,0.2,0,0,0,0.4,0.9,350,567,0,0,301.2,350,27.7,125.1,27.7,97.5,3.3,18.8,1.1,5.5,1.1,2.2,5.5,10,2.2,6.6,1.1,0,2.2,0,1.1,0,5.5,5.5,104.1,242.5,47.6,2.2,3.3,7.8,3.3,0,0,0,5.1,99.9,99.9,99.9,3.2,9.8,0,0.9,29.7,79.1,3.2,0.9,0.9,0.9,11.7,4.2,0.9,6.7,9.9,0.9,14.4,0.9,1.1,1.1,1.1,10,1,66.2,58.4,73.7,0,60,55.4,66.1,61,35.2,61.3,65.1,53.4,42.4,69.6,50.3,51.1,65.6,69.3,61.5,79.2,36.6,69,86.3,57.4,85.5,60.9,,57.6,65.9,66.3,48.1,53,2.7,48,53.9,38,13.1,53.8,75.7,55.2,0,84.4,55.5,52,65,82.3,33.3,54.9,3.4,75.7,53.9,74.7,65.3,68.8,56.9,53.7,59.8,65.8,0,0,0,0,0,20.5,0,19.8,31.7,12.3,0,6.6,10.7,9.5,0,18.3,0,46.2,33,30.1,32,16.7,57.8,22.5,28.2,27.9,38.2,38.5,21.4,23.6,1.1,25,33.6,10.4,4,25.5,27.6,20,0,0,23.6,21.6,27.3,45.3,0,12.8,0,27.6,11.6,16.8,17.4,0,14.7,20.2,12.7,20.7,,,,,,68.9,,64.8,63.2,65.4,,51.9,65.6,62.2,,59.2,,64.5,77.7,46.1,40.9,100,66.8,48.4,35,46.5,39.4,39.8,56.1,56,100,57.6,65.3,35,72.3,66,57.9,67.1,0,0,69.3,67.4,70.2,59.2,0,67.2,0,57.9,67.5,65.5,67.4,0,75.4,68.3,73.2,65.4,348.3,68.8,27.9,24.8,31.8,17.1,18.7,3.5,9.5,16.4,8.5,9.5,3.1,7.6,5.7,3.5,,6.4,0,0,0,0,14.6
C46860,시군구,2023,전라남도,함평군,30601,7804.4,40.3,4.3,11,77,2.5,136.5,199.7,9.3,49.3,51.3,7.6,28.2,4.8,T,392.1,0,75.7,F,0,0,0,0.5,3.6,0.3,0,0,0,0,0,0,0,0.5,0.3,457.5,555.5,0,0,0,457.5,62.1,147.1,55.6,101.3,6.5,13.1,3.3,13.1,3.3,3.3,0,3.3,13.1,16.3,0,0,3.3,0,0,0,9.8,9.8,130.7,274.5,58.8,0,6.5,9.8,9.8,0,0,0,5.5,39.7,39.7,35.7,2.1,53.6,0,0.1,99.6,8.7,2.1,0,0,0.1,9.5,4.2,0,9.7,8,0.1,10.5,0.1,1.3,1.3,1.3,3.2,0,75.8,53.4,84.2,66.7,45.3,5.4,67,31,0,35.5,41.1,32.7,12.9,31.3,39.1,13.6,18.2,23.2,31.3,38.7,32.3,60,86.7,16.7,70.5,44.8,,44.2,62.6,63,23.8,23.9,0,19.7,17.8,22.1,13.1,32.8,53.8,31.1,0,46.2,40.7,30.1,43.8,45.2,0,35.2,20.1,53.8,26.8,61.4,45.4,21.3,35.6,36.4,52,40.2,0,0,0,0,0,0,0,7.2,13.5,0,0.4,0,9.7,0,0,0,0,6,0,0,0,5.6,47.5,17.9,31.8,17,32.7,33.7,0,0,0,0,0,0,4.8,4.2,12.2,3.2,0,0,11.2,2.9,5.8,6.3,,7.9,0,12.2,1.5,14.8,3.9,0,1.4,5.2,9.9,7.1,,,,,,,,92.4,93.8,0,100,,91.6,,,,,95.2,,,,100,87,78,74.7,77.2,74,73.7,0,0,0,0,0,0,96.3,98.1,93.4,87.9,0,0,93.8,86.3,93.6,100,0,92.3,0,93.4,88.9,92.7,85,0,92.3,95.1,92.4,93.3,296.7,66.6,17.3,25.5,26.5,18.5,6.7,9.9,16,5.5,5.9,3.9,1.3,6.3,8.3,2.3,,0,0,0,0,0,0
C46870,시군구,2023,전라남도,영광군,51750,10905.2,31.5,3.4,15.1,236,2.4,125.3,145.6,14.1,50,40.7,11.7,27.9,4.8,T,474.5,9.1,84.9,F,0,0,0.4,0.4,7,0.2,0,0,0.4,0.4,0,0.2,0.2,0.4,0.2,966.2,274.4,0,0,966.2,966.2,90.8,179.7,88.9,160.4,13.5,34.8,9.7,13.5,5.8,11.6,5.8,7.7,5.8,9.7,3.9,0,13.5,0,0,0,5.8,5.8,448.3,525.6,25.1,11.6,3.9,15.5,1.9,0,0,1.2,95.7,99.4,99.4,99.1,45.8,100,1.2,1.2,100,44.7,35.9,1.2,1.2,1.2,0.9,0.7,1.2,5.8,0.9,1.2,1.2,1.2,52.8,52.4,43.1,1.2,1.2,71.4,1.3,56.1,0,3.2,0,62.3,58.1,0,46.8,58.9,58.7,11.1,24.2,46,33.2,19.5,14.9,40.9,48,3.1,0,66.7,54.5,85.9,42.1,,39.5,39.4,39.2,4.2,4.6,0,2.1,3.3,0,15.4,46,43.7,49.1,0,94.9,54.4,38.6,52.8,47.3,0,49.5,0,43.7,29.5,53.5,58.8,11.6,41.6,61.3,59.7,58.3,0,0,17.1,0,0,58.5,0,47,59.1,59.1,11.2,25.1,46,37.3,19.9,41.2,15.2,48.6,0,0,66.7,56.1,85.8,39.7,20.6,35.4,29.2,29.4,0,0,0,0,0,0,15.3,46,44,49.1,0,95.2,54.5,38.6,53.2,47.2,0,49.3,0,44,29.7,53.6,58.9,11.9,41.7,61.9,59.5,58.7,,,100,,,80,,80,80.7,75.7,84.6,88.4,78.7,75.4,83.9,76.8,87.5,80.8,,,53.3,92.5,90.8,80.1,80.6,80.9,79.8,79.6,0,0,0,0,0,0,77.2,78,77.9,77.4,0,80.5,79.8,81,76.1,79.1,0,80.1,0,77.9,77.2,79.8,77.1,90.2,82.1,80.4,77.3,78.9,389.5,90.3,32.9,20,25.8,21.4,2.8,11.6,11.7,15,9.1,4.1,6.2,10.4,8.6,2.5,,11,0,0,0,0,2.8
C46880,시군구,2023,전라남도,장성군,42543,8207.4,33.2,3.3,13.5,133,2.9,130.2,157.6,11.7,48.5,43.7,11,23.6,4,T,518.3,9.1,90.1,F,0,0,0,0.4,3.1,0.4,0,0,0.2,0,0,0,0,0.4,0.4,707.5,832.1,0,0,0,707.5,25.9,101.1,23.5,77.6,4.7,16.5,0,4.7,2.4,2.4,0,2.4,2.4,4.7,0,0,2.4,0,0,0,11.8,11.8,89.3,237.4,79.9,2.4,7.1,14.1,9.4,0,2.4,0,6.2,5.2,5.2,3.9,0,5,0,0.1,33,0,0,0,0,0,0.4,0,0,0.7,0,0.5,0.7,0,0.9,0,0,0,0,77.1,72.4,88.9,83.3,73.2,41,78.7,50.4,29.1,65.8,61.7,45,60.4,78.1,68.8,31.5,77.4,86.7,37.9,63.3,70.2,87.8,72,63.6,82.3,67.2,,68.5,75.7,75.4,62.6,62,100,62.8,59.9,66.7,29.1,57.7,78.1,68.9,0,36,65,60.6,76,78.4,0,68,50.8,78.1,74.7,82,72.4,85.7,83.2,74.7,84.3,59,0,0,0,0,0,0,0,27.5,34.4,0,2.7,0,20.4,6.3,0,0,0,15.4,0,85.9,68.9,29.1,9.5,27.5,27.5,32.4,39.5,39,10.4,10.6,0,8.9,14.8,0.8,13.7,21.5,36.1,27.5,,4,30.9,26.2,53.9,43.2,0,32.9,0.4,36.1,29.4,13.7,26.1,0,39.6,34.4,45.6,22.9,,,,,,,,74.8,77,,70.6,,77.7,85.2,,,,87.9,,59,39.6,100,87,66.6,54,63.9,56.1,57,90.5,90.5,0,81.8,100,14.3,75.1,79.9,83.7,62.6,0,100,81.1,75.9,82.9,83.3,0,76,100,83.7,77.4,78.7,81.9,0,85.7,81.8,83.5,71.2,339.5,76.1,24.5,10.6,24.2,17.3,3.4,8.1,7.5,10.2,9.1,9.9,2.3,12.3,14.6,14.3,,0,0,0,0,0,5.8
C46890,시군구,2023,전라남도,완도군,46641,11752.3,36,3.2,12.5,137,2.3,128.8,146.4,12.4,49.5,46.4,6.2,35.3,3.9,T,396.9,83.3,71.5,F,0,0,0,0.5,5.5,0,0,0,0,0,0,0,0,0.5,0,210.1,0,0,0,0,210.1,25.7,115.8,23.6,57.9,2.1,8.6,4.3,10.7,2.1,4.3,2.1,4.3,4.3,6.4,0,0,0,0,2.1,0,0,0,57.9,150.1,0,0,0,12.9,0,0,0,99.7,100,100,100,100,56.9,97.6,53.1,95.5,100,100,100,41.2,42.1,42.1,41.9,38.8,42.1,50,96.8,95.5,95.5,42.1,95.5,97.7,95.5,42.1,42.1,0.2,0,0,0,15,0.8,15,1.6,0,12.3,18.1,7.5,14.7,20.6,14.6,12.3,2.2,2.3,0.8,14.6,2.1,0,0.9,14,44.2,7.9,,5.5,0.3,0.3,1.1,1.1,0,1.1,2.5,0,4.5,5.7,24.9,6.5,0,3.6,14.6,4.9,13.8,19.2,0,10.8,0,24.9,14.9,22.8,15.8,2.3,22,16.3,12.2,13.4,0,0,0,0,0,0,0,13.8,20.7,10.1,20.4,23.7,16.7,17.6,4.4,0,3.8,17.3,0,0,0.9,20,48.6,8.9,0,6,0.1,0.1,0,0,0,0,0,0,5.4,5.2,29.4,4.6,0,0,15.9,4.9,15.1,21.3,0,12.2,0,29.4,17.9,26.3,15.8,3.9,25.6,19.9,12.5,16.1,,,,,,,,93.2,92.8,89.8,96.7,97.4,93,91.9,85.7,,100,95.7,,,50,100,96.6,93.2,,93.4,90,90,0,0,0,0,0,0,95.7,93.9,94,98.3,0,0,93.3,93.7,88.9,95.2,0,93.4,0,94,94.9,91,90.6,100,93,93.3,87.3,93.9,374.3,65.2,41.8,28.2,26.2,28.3,7.2,9.4,23,6.5,2.8,6.1,4.5,4.5,25.4,2.7,,0,0,0,0,0,6.8
C46900,시군구,2023,전라남도,진도군,28979,6584.5,36.9,3.7,12.3,73,2.7,131.5,175.2,11.3,50.1,47.2,7.8,32.4,5,T,440.1,85.7,67.4,F,0,0,0,0.5,3.4,0.2,0,0,0.2,0,0,0,0,0.5,0.2,465.9,227.8,0,0,0,465.9,34.5,103.5,31.1,62.1,6.9,13.8,3.5,3.5,3.5,6.9,3.5,3.5,3.5,6.9,0,0,0,0,0,0,3.5,0,62.1,169.1,20.7,0,0,13.8,3.5,0,0,100,96.9,100,100,100,49.3,99.8,43.2,98.4,100,100,94.8,10.1,10.1,10.1,100,7.7,95.8,14.6,98.7,98.4,98.4,10.2,98.4,99.9,98.4,10.2,10.2,0,1.4,6.7,0,7.2,0,7.1,0,0,17.1,9.4,20.2,0.5,9.4,2,3.6,0,0,0,26.7,0,0,0,35.5,56.8,16.9,,13.3,17,17,0,0,,0,0,0,7.9,9.7,16.8,4.5,0,0,17.7,12.2,7.6,28,0,32.5,0.7,16.8,3.9,29.6,19.5,0,13.9,29.2,43.4,14.5,0,0,0,0,0,0,0,18,9.9,21.7,0.5,9.9,2.1,4.4,0,0,0,27.7,0,0,0,35.5,56.8,17.9,17.6,14.4,18,18.1,0,0,0,0,0,0,8.2,9.9,17.4,4.7,,0,19.2,12.9,7.9,30.4,0,33.9,0.7,17.4,3.9,30.8,20.3,0,14.1,31,45.4,15,,,,,,,,92.3,94,91.1,100,93.7,86.5,92.8,,,,92.1,,,0,100,98,92.8,93.8,93.1,94.6,94.3,0,0,0,0,0,0,92.6,98.3,96.3,96.8,0,0,92.5,94.3,80.9,96.8,0,92.6,100,96.3,100,94.6,93.8,0,89.7,91.2,89.8,93.9,421,84.6,39.9,26,22,21.6,5.7,7,16.7,15.1,7.2,17.4,8.4,8,21.4,6.8,,0,0,0,0,0,35.7
C46910,시군구,2023,전라남도,신안군,38037,5799.6,39.2,3.2,9.5,84,2.1,128.2,167.5,8.5,46.1,51.1,6.9,30.9,4.1,T,655.9,100,50.1,F,0,0,0,0.3,1.7,0.3,0,0,0.2,0,0,0,0,0.3,0.3,157.7,730.9,0,0,0,157.7,7.9,115.7,7.9,44.7,0,2.6,0,5.3,2.6,13.1,2.6,5.3,0,0,0,0,0,0,0,0,15.8,10.5,42.1,244.5,50,0,7.9,7.9,5.3,0,0,69.4,82.3,100,100,100,80.3,85.6,69.4,84.5,90.7,100,82.1,47.3,68.1,83.7,85.8,85.5,84.5,71.5,84.8,84.5,85.7,83.7,84.6,84.5,84.5,84.3,83.7,20,12.8,0,0,14.9,12.1,15.1,11.4,4.9,13,12.2,10.4,5.9,12.9,12.8,5.9,7.1,8.8,12.5,11.8,2.6,22.2,6.9,20.5,15.8,12.9,,12.7,14.3,14.4,9,9,0,4.5,8.2,1,4.1,10.7,14.7,8.8,50,6.7,14.1,11.2,15.9,18.7,20,10.1,1,14.7,14.5,20.4,12.4,9.1,16.5,19.2,16.5,15.6,0,0,0,0,0,0,0,4.3,5.9,0,0,0,0,4.6,0,0,0,2.8,0,0,2.8,11.4,0,11.4,20.9,14,22.6,23,0,0,0,0,0,0,0.6,4.3,4.4,0.3,0,0,6.8,2.8,1.2,3.7,0,9,1,4.4,2.6,3.5,4.9,0,4.8,14.1,9.1,2.7,,,,,,,,94.5,97.1,,,,,98.9,,,,100,,,100,83.3,,56.2,50.6,54.3,50.3,51.3,0,0,0,0,0,0,85.7,97.2,93.1,100,0,0,95.7,98.8,93.3,97.1,0,95.3,100,93.1,80,92,100,0,84.5,91.6,96.9,95.9,394.7,81.1,33.8,21.7,23.7,19.4,13,5.6,22.1,8.5,7.6,4.1,4.2,7.7,20.4,2,,9.8,0,0,0,0,0
C47111,시군구,2023,경상북도,포항시 남구,226278,57423.9,21.2,2.1,18.1,847,1.4,85.8,115,15.4,48.1,30.6,25.4,21.1,3.7,T,394,7.1,91,F,0,0.5,0.8,1.3,27.2,1.5,0.3,0.5,0.8,0.8,0,0.8,0,1.3,1.5,753.9,463.6,0,560.4,672.6,753.9,132.6,206.4,127.3,195.3,28.7,41.5,8,16.8,2.7,6.2,2.2,8.8,11.5,17.2,5.3,0,1.8,0,2.2,0.4,8,7.5,723.4,849.8,49.5,2.7,3.1,25.6,6.6,8.8,0.9,0,0,100,100,100,0,1.7,0,1.7,5.4,0,0,0.6,1.7,1.7,1.9,0.6,1.7,5.4,1.3,1.7,1.7,1.7,1.7,1.8,1.7,1.7,0.6,48.9,80.1,84.9,0,76.5,73.5,78.5,75.5,69.3,73.8,65.1,57.7,59,73.6,82.3,81.4,79.5,86,72.9,77.1,32.1,56.7,91.5,61.3,95.2,75.7,,73.9,79.9,79.8,75.5,69.2,97,80.3,81.3,78.5,36.4,75.5,83.1,81.8,100,51.3,68.2,59.8,63.5,74.7,100,79.6,51.6,83.1,79.6,90.6,87.5,84.3,81.6,83.2,82.9,78.7,0,80.1,0,0,74.7,71.8,75,65,55.7,44.9,12.1,49.6,72.1,85.5,0.2,70.2,5.2,74.2,25.1,42.8,59.8,62.7,72.5,53.3,29.3,44.6,33.6,34.1,13.8,17.8,0.1,10.8,8.1,15.9,32.3,74.1,76.5,81.4,50,10.3,59.9,55.1,60.3,70.5,0,76.7,26.1,76.5,65.4,88.1,83.5,0.2,73.1,71.6,72.1,69.7,,35.3,,,37.8,36.3,37.8,36.4,36.6,33.6,37,34.7,36.9,38,50,33,52.9,40.8,44.7,33.3,39.5,40.7,56.2,38.7,54.7,40.4,51.7,51.6,47,47,33.3,51.6,52,51.1,40.5,36.4,34.1,31.1,100,36.4,36.4,34.9,39.7,34.8,0,35.7,47,34.1,32.7,40.9,36.8,66.7,37.2,36.6,40.4,36.7,324.2,87.5,24.8,26.4,13.7,22,3.2,16,10,12.7,10.9,4.6,9.8,7.4,6.6,3.6,,2.3,2.3,0,0,3.5,15.9
C47113,시군구,2023,경상북도,포항시 북구,266755,36210.8,21,2.2,19.1,1118,1,90.7,119.5,16.2,50.2,30.5,25.4,20.1,3.7,T,736.7,20,76.6,F,0,0,0.3,1.2,24,3,0,0,0.3,0.3,0,0.4,0.3,1.2,3,401.9,1721.1,0,0,222.3,401.9,45.4,157.1,44.2,146.6,7.9,25.1,4.1,16.1,9.4,14.6,3,8.2,2.6,9.7,0.7,0,4.5,0,0.7,3,30,27.4,245.5,521.8,196.8,4.5,11.2,17.2,44.2,2.2,11.6,0.2,0.5,100,100,100,0.4,1.8,0.3,1,5.5,0.4,0.3,0.9,1,1,1.1,0.3,1,3.6,0.5,1,1.1,1,1.8,1.3,1.2,1.8,1,50.9,79.8,87.5,0,72.9,70.3,77.1,74.6,67,73.5,66.4,63,61.2,77.3,81.7,80.8,85.1,91.3,75.3,77,15.3,52.4,78.5,59.2,96,79.6,,81.3,89.5,89.5,81.4,75.1,98.5,84.5,85.2,82.4,35.1,72.9,83.7,79.1,0,76.1,68,60.6,62.5,75.1,30,79.7,38,83.7,80.4,91.8,87.1,89.5,81.4,83.1,83.2,80.6,0,0,87.5,0,0,10.4,0,16.9,22,23.9,51.5,24.4,27,5.4,85.1,15.8,89.1,10.8,3.1,7.9,25.9,3.4,58.1,43,83.2,57.3,82.2,82,76.8,68.7,98.4,81.2,82.6,77.5,8.2,9.2,19.1,3.7,0,68.7,21.3,13.9,12.8,14.8,30,10,16.6,19.1,22.4,15.5,18.3,89.5,18.9,21.8,31.4,23.5,,,46.5,,,56.9,,52.2,57.6,52.5,45.5,46.8,56.3,60.9,44.1,56.4,46.7,60.5,30.5,37,37.6,50,67.2,50.8,50.3,50.5,51.4,51.3,49.7,46.9,55.9,50,51.5,46.2,48.1,54.7,58.7,48.1,0,50.5,56,53.9,58.2,61,33.3,58.5,47.7,58.7,43.4,66.8,66.5,46.8,54.1,45.4,62,58.5,311.4,83.2,31.1,23.3,17.2,18.7,3.5,9.8,4.9,11.5,11.8,5.1,8.3,4.6,5.6,2.4,,5.1,1.7,0,0,1.7,8.4
C47130,시군구,2023,경상북도,경주시,247489,18679.1,26,2.4,16.6,1004,1.9,107.5,128.9,13.3,49.9,36.1,17.8,22.5,3.6,T,1324.9,17.4,85.9,F,0,0.1,0.1,0.8,8.8,0.8,0,0.1,0.1,0.1,0,0.2,0.1,0.8,0.8,449.3,855.8,0,131.3,131.3,449.3,63,132.9,52.1,110.7,9.7,23.4,2.8,8.9,3.6,6.9,4.8,6.5,6.1,11.3,1.2,1.2,3.2,0,0.4,1.2,12.9,11.3,254.2,375.8,69.5,1.2,4.4,30.7,15.8,1.2,4.4,0.1,2,99.3,99.3,87.5,0.1,4.8,0.1,4.4,9.6,0,0.1,1,3.9,4.1,4.1,2.1,4,9.1,3.5,4.7,4.7,4,4.7,10,5.4,4.5,2.4,68.8,47.9,77.9,10.3,65.5,56.2,66.8,56.3,46.2,60.3,55.5,34.2,45.4,83.2,68.8,54.5,61.1,62.5,47.2,76.7,32.2,63.8,76.1,45.3,87.3,63.5,,64.3,72.2,72.3,50.2,53.4,14.3,45.9,41.4,53.6,26.5,56.1,73.8,57.6,0,63.8,53.7,50.9,53.3,75,14.3,67.5,62.7,73.8,58.2,81.8,77.3,60.4,72.1,62,77,63,0,0,45.7,0,39.4,34.6,39.8,42.6,43.3,14.7,28.7,67.9,51.2,46.5,36.5,23.1,34.7,63.3,25.3,58.7,70.3,36.3,78.9,50.3,62.7,53.1,66.6,66.7,43.4,47,4.5,38.1,35,43.2,21.1,39.1,53.3,30,0,60.9,36.7,35.7,35.7,58.2,0,47.5,62.4,53.3,26.8,64.2,59.9,33.3,54.5,34.5,62.7,44.4,,,97,,76.3,76.3,76.3,78.7,86.1,84.5,51.7,82.7,87.3,79.4,90.8,83.5,94.3,84.6,79.8,73.7,76.4,71.6,96.6,80,81.4,82.6,82.5,82.5,87.2,87.1,100,87.7,83,95.1,58.4,84,87.3,82.7,0,73.7,85.9,82.4,81.5,83.9,0,80,58.4,87.3,84.1,82.4,86.3,94.9,75.5,68.2,79.8,82.8,328.6,79.2,28.2,28.7,18.2,24.6,16,6.3,10.4,8.1,9.3,3,4.7,5.8,8.5,1.6,,3.1,2,0,0,2,13.1
C47150,시군구,2023,경상북도,김천시,137515,13614.6,26.1,2.8,17,593,1.6,116,141.5,15.1,49.8,35.8,12,22.6,3.9,T,1010.1,36.4,84.9,F,0,0,0.2,0.2,5.8,0.3,0,0.1,0.2,0.2,0,0.1,0.1,0.2,0.3,431.2,535.2,0,0,431.2,431.2,61.8,130.9,61.1,120.7,9.5,21.1,2.2,7.3,2.9,7.3,2.9,7.3,3.6,7.3,1.5,0,8.7,0,1.5,0.7,9.5,8.7,306.1,418.1,49.4,5.8,5.1,15.3,3.6,2.2,1.5,0,4.3,91.2,91.2,4.2,4.2,14.8,0.2,2.8,5.2,0.2,0.2,2.3,2.3,2.5,3.2,2,2.3,4.6,1.5,2.8,3.2,2.3,2.8,67.6,2.3,2.3,2.3,65.7,33.7,54.8,17.8,29.6,20.1,64.2,57.7,37.8,53.1,58.1,34.2,34.2,45.7,59.2,54.1,56.5,46.3,69.6,63.9,32.6,24.5,58.4,39.4,92.4,56.2,,53.4,67.7,67.9,46.3,48.2,1.2,44.1,46.1,40.4,17.6,66.8,76.6,48,70,43.1,45.3,39.4,50.4,73.7,64.7,55,17.4,76.6,40.7,73,69.4,43.8,65,58.1,64.6,50.9,0,0,27.4,0,0,50.1,35.3,43.8,57.3,26.5,9.6,38.6,46.4,52.1,15,65.9,23.8,50.1,21.9,4.9,45.9,37.1,76.1,47.1,56.7,45.5,62.8,62.8,31.1,32.4,0,26.3,22.9,32.7,16.6,63.4,74.4,38.6,50,44.4,40,31.9,43.6,68.7,35.3,43.7,17.1,74.4,19.5,67.7,53.4,20.8,54.1,39.8,46.5,42.8,,,95.2,,,83.2,79.1,83.2,83.5,86.3,91.1,89.4,85.8,80.8,89.9,78.3,92.3,85.6,81.8,100,87.3,84.5,94,76.9,65.9,72.9,67.6,67.7,66.7,66.7,0,72.8,71.9,74,83.1,78.9,82.8,80.5,83.3,84.2,84,80.2,85.6,82.6,85.7,79.2,84.7,82.8,92.2,84.2,81.6,92.5,83.6,79.5,78.5,85.1,345.2,76.2,30.1,35.8,21.7,18.1,9,9,11.7,7.9,6.6,3.6,5.6,4.9,6.6,0.5,,3,3,148.1,4.3,4.4,5.9
C47170,시군구,2023,경상북도,안동시,152935,10046.5,27.7,3.4,17.3,572,1.5,117.1,131.7,14,50.6,37.2,11.2,24.9,4.7,T,1522.3,33.3,69.6,F,0,0.1,0.2,0.4,5.1,0.5,0.1,0.1,0.2,0.2,0.1,0.1,0.1,0.4,0.5,1445.1,1404.5,0,1088,1248.9,1445.1,124.2,204.7,123.6,190.9,19,28.8,8.5,15,4.6,11.8,3.3,5.9,6.5,9.8,3.3,0.7,11.1,0,4.6,2.6,20.3,17.7,721.9,944.8,145.2,8.5,7.8,51.7,27.5,22.2,13.1,2.2,0.7,100,100,0.6,0.2,4.4,0.1,4,12.7,0.2,0.2,1.5,2.2,4,4.1,1.3,2.8,5.6,1.4,4,3.2,4,2.8,4.6,4.6,4.6,2.6,43.1,80.1,67.1,0,75.4,70.6,75.3,70.2,65.1,66.1,57.2,49.5,48.6,85.1,54.7,72.2,63.3,68.8,66.3,82.6,44.8,81.1,93,44.2,90,67.5,,66,74,74.3,63.2,63.9,0,64,61.9,69.2,35.3,62.3,79.6,63,77.8,66.9,62.4,59.1,57.7,72.5,67.7,67.2,35.3,79.6,55.8,86.7,72.1,67.1,60.9,64.5,67.9,68.1,0,81,67.1,0,75.6,75.5,76.1,71.1,63,53.7,50.7,86.2,60.3,84.2,64.3,73.6,70,86.1,54.2,82.3,94.9,49.2,94,72,73.8,71.2,78.6,78.7,69.9,70.7,0,71.6,71.6,71.7,37.4,68.7,86.3,72.6,77.8,74.3,68.9,65.5,63.7,80.3,77.4,71.7,42.2,86.3,59.3,91.5,78.6,68.3,65.6,69.2,72.8,73.7,,34.1,53.4,,45.2,46.7,45.2,46,38.8,39.5,47.5,53.6,48.5,46.2,54.1,36.3,52.9,57.6,35.4,51.2,42.1,56.1,74.6,50.4,63.4,49.4,65,65.2,48.3,48.4,0,47.4,49.7,42.8,42.3,34,40.3,32.8,41.2,72.4,41.1,35.2,43,43.2,68.6,47.1,52.8,40.3,62.9,59.7,47.3,52.9,43.6,51.8,50.5,45.4,353,89.7,27.9,26.7,25.1,23.3,5.1,5.9,11.3,12.2,8.6,4.8,3.4,4.2,6.1,1.2,,5,3.3,0,0,5,21.2
C47190,시군구,2023,경상북도,구미시,405506,65884.5,11.9,1.6,23,1888,1.4,93.3,86.8,18.8,48.4,19.3,27.6,21.3,2.2,T,615.5,3.7,68.8,F,0,0.3,0.5,1.3,34.9,1.6,0.2,0.3,0.5,0.5,0.2,1.3,0.2,1.3,1.6,345.7,386.9,0,169.7,220.2,345.7,58.9,137.9,54.3,128.2,10.6,23.2,2.2,8.4,2,9.9,3.5,11.8,5.2,12.1,1.7,0,1.7,0.2,1.5,0.7,6.7,6.4,297.9,395.8,43.4,2.7,3.5,25.6,10.6,8.9,2.7,0,0,3,3,0,0,0.4,0,0,3.1,0,0,0,0,0,0,0,0,2.7,0,0,0,0,0,7.1,0,0.3,0,75.8,76.3,85.2,74.9,79.8,64.5,80.1,64.3,56.2,62.3,47.2,45,45,41.8,65.7,69,68.1,33,66.2,75,58.2,26.5,60.6,52.1,92.9,63.7,,61.6,70.9,72.2,62.8,65.5,8.5,62.6,59.9,68.1,18.9,66.1,67.7,65.3,64,20.8,48.9,53.2,53.5,70.2,88.2,72.8,9.4,67.7,63.6,79.3,79.5,32.6,71.4,75.5,79.7,59.5,0,71.6,68.6,0,60.9,61.1,61.1,59.2,43,42.5,39.9,19.4,65.3,74.9,69.5,65.5,26.1,73.4,58.3,0,42.8,53.1,93.6,60.9,67.6,60,69.2,70.4,64,66.9,6.1,63.2,60.6,68.6,9.1,65.3,66,65.3,68,18.9,46.1,52.2,48.6,69.3,92.1,69.3,8.6,66,63.9,76.1,79.9,25.2,71.5,75.5,79.7,56.6,,68.2,66.7,,63.5,63.7,63.5,63,62.9,63.4,60.9,61.9,60.5,65.5,61.3,56.4,47.7,66.6,49.8,,59.6,68.1,74.3,61,55.1,59.4,54.7,54.9,50.9,50.8,72.2,53.8,56.4,49.8,63.2,61.5,60.1,54.5,43.6,76.9,59.9,59.5,66.8,65.8,53,65.7,49.6,60.1,62.7,68.2,62.4,48.2,62.8,63.8,66.1,63.8,326.1,76,25.8,29.1,22.2,22.4,15.1,8,6.7,7.6,10.5,3.5,5.7,8.2,4.4,2.3,,6.4,4.3,0,0,5.9,13.3
C47210,시군구,2023,경상북도,영주시,100199,14951.4,30.4,3,15.4,296,1.6,115.9,129.2,13.7,50.4,40.4,11.5,25,4.9,T,670.2,15.8,73.4,F,0,0,0.1,0.9,7.9,0.6,0,0,0.3,0.3,0,0.1,0,0.9,0.6,807.4,966.1,0,0,149.7,807.4,51.9,137.7,50.9,119.8,7,24,3,8,2,9,1,6,6,10,3,0,6,0,1,2,18,15,200.6,364.3,102.8,11,8,30.9,22,6,7,3,9.6,100,100,8.4,8.1,97.8,0,1,99.6,9.4,8,0.7,0.7,1,1,0.2,0.7,3.8,0.6,1,1,1,1,97.9,97.9,97.9,0.7,27.6,56.6,43.5,0,47,1.5,51.9,13.6,0.4,26.7,23.4,15.9,10.7,21.1,54.7,18.1,14.9,19.1,14.3,21.9,42.7,1.5,9.3,30.3,89.8,43.6,,48.1,72.3,73.1,59.6,60.3,0,61.3,62.8,58.9,7.3,14.6,28.4,25.4,0,17.6,20.8,22.1,31.1,41,0,35.6,0.3,28.4,17.3,55.2,61.3,18.4,43.6,42.3,70.3,35.8,0,0,0,0,0,12.4,0,27.6,22.2,16.5,10.3,20.5,59,18.7,14.9,12.2,18.6,21.4,36.3,0,6.5,24.2,89.3,43.2,70.1,47,70.1,70.9,57.1,57.7,0,57.5,58.1,56.4,6.7,14.8,29.7,23.5,0,2.9,21.5,21.4,31.3,41.5,0,35.9,0,29.7,19.4,55.9,65.9,17.9,45.9,44.7,75.9,38.1,,,,,,73.5,,74.4,65.2,79.4,94.5,83.1,77.1,78,93.6,71.4,97.6,79.3,65.8,,100,80,88.3,73,72.2,71,75.2,75.1,71.1,71.1,0,74.3,75.3,72.7,72.6,70.3,80.4,67.6,0,50,70.2,67.5,74.3,75.8,0,76.6,0,80.4,78.2,74.2,78.2,97.6,77.3,75.4,76.2,72.5,355.1,85.1,23.6,22.9,30.5,21.4,8.2,7.3,7,12.6,4.9,3.2,5.1,7.5,11.5,1.4,,3.3,0,0,0,3.3,9.8
C47230,시군구,2023,경상북도,영천시,100212,10901.8,31.7,2.9,13.9,358,2,113.5,158.2,11.2,49,42.7,12.8,24.7,5.2,T,919.2,37.5,79.3,F,0,0,0.1,0.2,6.2,0.4,0,0,0.1,0.1,0,0.2,0.1,0.2,0.4,229.5,744.4,0,0,199.6,229.5,39.9,137.7,38.9,123.7,3,22,4,14,3,5,2,6,2,12,2,0,14,0,0,0,15,11,176.6,291.4,71.8,14,5,6,5,0,0,0,6.9,37.9,37.9,6.9,1.8,80.1,0,1.7,99.7,1.8,0.9,1.6,1.7,1.7,1.8,0.6,1.7,7.4,1.1,1.7,1.8,1.7,75.7,79.8,76.9,1.8,0.9,84.2,30.8,74.2,51.6,46.1,1.8,57.2,22.4,0.2,22.5,19,16.5,16.6,45.8,37.6,24.3,22.3,20.5,26.2,20.9,4.7,3,14.6,8.2,79.9,38.8,,39.5,61.2,61.4,7.2,8.2,0,9.3,12.3,4.3,3.1,19.4,46.1,23.2,0,0,21.6,14.9,22.4,42.7,0,23.7,2.9,46.1,5.4,44.7,43.8,20.8,26.5,36.7,31.2,35.7,0,0,21,0,0,21.3,0,20.3,18,16.1,14.5,38.5,34.7,26.9,18.4,25.4,18.3,17.7,0,0,12.5,8.2,71.5,35.3,57.6,36.2,56.2,56.4,0,0,0,0,0,0,2.7,18.3,40,20.1,0,0,20.8,13.4,21,40.6,0,22,0,40,2.4,33.5,42.3,18.6,20.4,35.9,28.9,34,,,92.9,,,79.4,,81.8,80.1,75.4,90,92.7,79.2,78.5,85.7,84.2,96.1,86.8,,,75,76.5,86.4,79.1,77.7,77.8,77.4,77.5,0,0,0,0,0,0,68.2,86.9,84.7,84.4,0,0,79.5,86.3,78,82.7,0,80.4,0,84.7,66.7,77.8,76.3,97.4,78.5,76.5,81.6,85.9,359,91.2,42.6,19.4,20.1,21.3,11.3,4.8,15.4,11.2,6.6,5.5,7.6,8.8,7.5,2.3,,0,0,0,0,0,4.3
C47250,시군구,2023,경상북도,상주시,93858,7480.5,34.9,3.3,13.5,285,2.1,126,162.4,12.2,50.8,46,8.6,25.4,3.7,T,1254.7,29.2,58,F,0,0,0.2,0.2,3.5,0.2,0,0,0.2,0.2,0,0.2,0,0.2,0.2,533.8,352.7,0,0,435.8,533.8,53.3,122.5,52.2,105.5,7.5,17,5.3,13.9,3.2,5.3,1.1,5.3,3.2,5.3,2.1,0,7.5,0,2.1,0,5.3,5.3,363.3,454.9,24.5,6.4,4.3,25.6,2.1,7.5,1.1,0.1,38.6,100,100,36.9,8.8,23.8,0.6,8.1,35.9,27.9,5.6,6.1,6.9,6.9,8.6,5.2,6.9,14.6,5.6,8.1,8.1,6.9,7.4,24.3,8,15.9,6.9,53.9,13.9,38.7,0,18.9,10.8,50.2,41.1,10.8,36.9,46.6,21.3,9.3,14.2,27.9,35.5,9.1,16.3,38.6,36.6,43.8,18.4,36,18.9,84.6,36.8,,27.2,42.8,43.8,36.3,36.9,2.3,31.9,27.7,36.2,15,32.7,56.9,39.7,71.4,68.8,27.3,16.3,40.4,35,83.9,27.8,0.7,56.9,5.8,63.7,39,14.7,18.9,24.7,29.7,38.4,0,0,9.7,0,0,36.9,0,32.8,43.2,18,8.7,13.4,22.4,33.7,8.8,32.9,15,33.4,42.3,0,32.6,10.4,86.1,34.1,37.2,23,45.6,45.9,34.1,34.7,2.3,29.3,25,33.6,12.5,26,53.9,33.8,71.4,74.3,21.9,10.3,38,28.4,92.7,15.7,0,53.9,4,59.3,34.1,14.1,12,14.1,19.3,29.9,,,100,,,84.5,,84,85.1,79.1,77.3,84.8,87.8,85.3,71.4,87.2,76.7,88,78.5,,85.3,84.6,77.9,84.4,85.3,83.9,86.7,86.9,77.9,77.9,100,76.3,70.3,81.7,88,87.5,84.2,82.1,71.4,86.2,84.8,80.6,86.5,82,89.8,82.8,0,84.2,84.4,82.8,86.4,75.9,84.8,85.4,86.2,84.1,305.7,80,28.2,16.7,21.7,16.8,6.6,12,12.2,7,5.4,1.4,2.8,5.3,5.3,2.1,,3.4,3.4,0,0,0,10.2
C47280,시군구,2023,경상북도,문경시,68755,7538.5,34,3.1,14,198,1.9,119.1,147,12.2,50.9,44.8,8.4,26.1,3.6,T,912.1,50,68.8,F,0,0.1,0.1,0.2,4.8,0.2,0,0.1,0.2,0.1,0,0,0,0.2,0.2,1151.9,650.1,0,1028.3,1028.3,1151.9,59.6,144,56.7,120.7,7.3,20.4,7.3,14.5,1.5,5.8,1.5,2.9,4.4,8.7,0,0,5.8,0,1.5,0,7.3,7.3,256,360.7,45.1,7.3,5.8,18.9,5.8,2.9,1.5,4.1,99.2,100,100,98.8,0.7,7,0.6,7,16.9,93.8,0.7,6.4,6.4,6.6,35.6,4.6,6.4,16.7,23.3,7,30.1,7,7,7,7,7,6.8,28.4,0.6,0,0,46.3,42.9,44.7,40.8,35.8,38.8,43.9,33.3,5.1,12.4,39.9,42.9,2,3.5,28.5,30.7,34.4,57.5,69.8,12.1,78.4,39.2,,42,51.5,52.1,25.8,27,0,22.6,20,27,16,43,49.1,43.2,50,11.1,41,36.4,45.9,43.4,20,53.3,0.8,49.1,14.6,59.1,52.2,3.4,30,44.8,47.8,40.8,0,0,0,0,45.9,42.8,46,40.3,45.6,34.4,4.1,11.2,42.9,54.8,0,29.2,0,31.6,29.8,66.4,72.1,15.2,68.3,39.2,36,42.3,47.9,48.7,19.8,20.7,0,17.2,15.4,20.2,16.4,44.1,51.8,44.2,50,0,43.4,37.8,48.4,46.6,0,55.9,0.8,51.8,15.4,58.6,55.8,0,28.8,46.9,54.5,43.6,,,,,53.6,53.6,53.6,56.3,58.5,54.7,62.5,90.7,60.9,65.4,,51.3,,48.4,58.7,34.5,45.8,43.5,80,60,75.7,66.9,73.4,75.6,58.7,58.7,0,52.8,43.6,72.1,66.2,76,54.5,64.6,50,0,62.7,63,70.7,63.2,0,63.4,100,54.5,72.2,71.1,59.5,0,55.6,65.3,64.2,40.4,315.7,82.9,23.2,20.5,22.9,16.5,15.6,9.1,2.1,9.9,4.2,2.6,3.1,5.2,10.2,1.5,,0,0,0,0,0,18.3
C47290,시군구,2023,경상북도,경산시,266205,64631.9,19.5,2.1,20.5,1227,1.5,101,114.9,14.8,49.7,28,21.9,23.4,3.2,T,411.9,13.3,91.8,F,0,0.2,0.5,1.7,39.3,2.4,0,0,0.5,0.2,0,0,0,1.7,2.4,453,710.4,0,145,257.3,453,37.9,133.7,37.9,126.6,6.4,26.3,1.9,7.1,0.8,7.1,2.3,8.6,4.1,10.9,1.1,0.8,4.1,0.4,2.3,1.9,11.6,10.5,188.2,299,76.3,2.3,4.5,28.5,20.3,15.4,10.1,0,0.8,1.1,1.1,0.4,0,0.2,0,0.1,68.4,0.2,0,0,0,0.1,0,0,0.1,0.8,0.5,0.1,0.8,0.1,0.1,0.5,0.2,0.5,0.1,87.5,86.2,95.3,95.6,84.5,51.9,86.3,57.7,10.5,63.9,61.8,48.2,60.4,82.6,69.7,32.1,80.9,87.3,54.2,70,77,62.7,70.2,62.2,93,67.4,,67,77.8,77.7,82,80.8,90.5,85.7,85.4,86.4,40,55.7,82.3,64.1,37.5,17.2,59.6,57.6,60,79.6,69.6,64,63.6,82.3,62.5,84.6,77,86,71.7,65.2,68.9,66.4,0,0,0,0,13.6,18,0,23.9,25.5,7.7,13.7,25,29.4,20,0,12.2,0,31.2,52,51.1,64.7,2,72.9,33.7,59.9,39.5,62.2,62.2,62.1,62.3,61.1,64.2,62.9,66.9,9.9,13.8,45.4,32.7,0,3.4,24.8,22.9,25.9,51.9,0,23,10.6,45.4,23.1,43.4,43.1,0,23.3,29.4,33.9,34.1,,,,,54.7,59.5,,58.8,62.3,67.7,64.9,77.6,67.2,73,,65.9,,70,44.9,41.7,53.3,41.2,75.2,52.9,47.9,50,48,47.9,45.9,46.9,39.8,42.9,46.5,37.2,55.3,59.3,69.4,51.8,0,8,63.5,55.7,65.8,66.3,0,60.9,51.2,69.4,64.7,74.8,68.1,0,56.2,58.4,70.4,55.7,318.8,78.3,32.4,29.2,19.6,21.3,6,9.6,11.7,4.5,6.9,2.4,12.7,4.2,4.3,3.1,,4.2,1.7,0,0,1.7,18.3
C47720,시군구,2023,경상북도,군위군,22988,3741.9,44.9,3.2,8.3,46,1.6,125.1,197.9,6.2,48.3,58.4,7.4,24.1,3.4,T,614.3,75,68.9,F,0,0,0,0,0,0,0,0,0,0,0,0,0,0,0,0,0,0,0,0,0,0,74,0,30.5,0,4.4,0,8.7,0,4.4,0,0,0,0,0,0,0,0,0,0,0,0,0,78.3,0,0,0,0,0,0,0,0,30.2,6.5,6.5,6.4,6.4,47.9,0.2,41,93.1,6.5,5.3,13.5,13.5,41,43.7,14.2,26,87,31.2,41,43.3,41,47.9,48.8,47.9,41.2,11.8,87.7,18.4,100,30,49.6,16.4,52.1,16.7,1.4,15.3,16.4,13.4,10.7,35.5,13.6,1.7,10.9,12.2,9.4,12.5,10.1,9.1,0,2.6,26.1,18.6,,15.5,17.8,17.2,7.2,7.2,0,8.1,0,18.9,21,10,11.9,9.5,0,9.5,12.9,8.1,18.7,15.9,0,23.4,0.5,11.9,7.4,16.7,18.9,14,16.1,11.4,14,15.2,0,0,0,0,0,0,0,0,0,0,0,0,0,0,0,0,0,0,0,0,0,0,0,0,0,0,0,0,0,0,0,0,0,0,0,0,0,0,,0,0,0,0,0,0,0,0,0,0,0,0,0,0,0,0,0,,,,,,,,,,,,,,,,,,,,,,,,,,0,0,0,0,0,0,0,0,0,0,0,0,0,0,0,0,0,0,0,0,0,0,0,0,0,0,0,0,0,0,0,390.7,86.3,45.1,32.6,24.1,16.7,19.7,5.5,13.8,3.2,4.2,4,13.9,5.3,10.9,1.1,,0,0,0,0,0,33.9
C47730,시군구,2023,경상북도,의성군,50086,4264.1,45.4,3.7,9.1,131,1.7,129,173.1,7.5,50.5,57.9,9.3,25.9,4.5,T,1174.6,50,68.3,F,0,0,0,0.2,1.4,0.4,0,0,0.1,0,0,0,0,0.2,0.4,347.4,1423.6,0,0,0,347.4,18,107.8,18,69.9,2,6,2,16,2,6,2,8,2,6,0,0,4,0,0,0,20,18,37.9,205.6,95.8,0,10,2,14,0,0,0,9.5,81.6,81.6,8,7,63.9,6,51.4,95.6,18.2,7.1,6.1,6.7,51.4,55.2,15.3,23.5,56.6,42.4,51.4,53.1,51.4,54.8,65.3,51.4,65.2,2.5,76.1,57.2,5.3,0,39,16.1,38.2,15.7,3.4,16.7,17.1,10.4,12,10.8,22.7,8.1,6.9,7.1,18.4,14.2,2.8,5.5,7.1,7.3,50.4,34.2,,39,54.9,54.4,7.5,7.5,0,6.9,4.9,8.9,6.1,16.5,23.6,16.5,0,6.4,18.1,16.6,18.7,22.5,16.7,14.7,3.2,23.6,16.1,25.6,17.7,7.1,25.6,22.2,40.3,14.2,0,0,0,0,0,0,0,5.1,4,0.3,0.3,0.4,14.5,4.6,0,0,0,1.3,0,0,2.9,2.4,41,27.7,53.2,33.2,53.9,53.4,0,0,0,0,0,0,0.5,2.7,3.5,1.4,0,6.4,6.4,4,7.5,7.1,0,4.5,0,3.5,15.8,11,4.1,0,20.5,14.8,27.9,3.7,,,,,,,,77.2,81.4,75,33.3,100,72.8,77.3,,,,60,,,100,66.7,91.2,68.8,68,73.4,74.4,74.9,0,0,0,0,0,0,72.2,86.4,88,77.1,0,100,89.7,79.5,87.1,87.2,0,79,0,88,68.4,85.7,86.2,0,73.1,70.8,67.4,85.2,346.3,95.9,32.7,12.5,18.1,30.6,5.7,12.5,15,13,12.3,4.2,8.3,7.3,2,2.2,,0,0,0,0,0,11.2
C47750,시군구,2023,경상북도,청송군,24019,2838.7,41.8,3.2,9.5,61,1.9,124.5,156,7.8,49.8,54.7,6.9,26.1,4.3,T,846.1,100,61.8,F,0,0,0,0.1,1.5,0,0,0,0.1,0,0,0,0,0.1,0,199.8,0,0,0,0,199.8,66.6,124.9,66.6,91.6,8.3,8.3,4.2,16.7,0,0,12.5,12.5,4.2,4.2,0,0,20.8,0,4.2,0,0,0,116.6,166.5,0,16.7,0,12.5,0,0,0,9.5,50.3,100,100,48.9,48.9,100,44.9,100,100,50.7,48.9,23.1,23.2,100,100,100,100,37.6,100,100,100,76.2,100,100,100,100,99.7,32.7,35.5,42.9,0,31.6,0,29.8,0,0,2.5,2,0,0,2.4,2.8,0.1,0,0,0,2.6,2.5,0,0,0,4.1,1.9,,2.2,0.4,0.4,4.5,4.5,0,6.7,7.1,5.6,2.2,0.8,2.8,1.1,0,0,4.8,3.2,1,1.4,0,6.4,0.8,2.8,0.4,8.2,1.4,0,5.9,3.1,2,2.9,0,0,0,0,0,0,0,2.8,2.5,0,0,2.4,3,0.1,0,0,0,2.9,3,0,0,0,0,2,0,2.2,0.4,0.4,1.9,1.9,0,1.4,0,5.6,2.8,0.8,3.4,1.1,,0,5,3.4,1,1.4,0,7.3,0.8,3.4,0.4,9.5,1.4,0,5.6,3.3,1.5,3,,,,,,,,90.2,85.7,,,86.7,92.5,100,,,,90,85.7,,,,,90.2,,94.7,100,100,85.7,85.7,0,100,0,100,91.3,87.5,95.8,81.8,0,0,94.7,95.1,44.4,84.6,0,93.1,100,95.8,100,86.1,100,0,95.8,82.4,75,100,315.9,95.2,38,14.3,24.1,26.3,4.9,1.9,15.8,6.8,2.3,4.3,1.8,2.3,10.8,3.3,,0,0,0,0,0,0
C47760,시군구,2023,경상북도,영양군,15661,2557.2,41.4,3.9,10.3,31,2.5,129.9,155.4,8.9,50.2,53.9,6.3,28.8,4.9,T,612.4,100,48.7,F,0,0,0,0.2,0.2,0,0,0,0,0,0,0,0,0.2,0,319.3,0,0,0,0,319.3,19.2,57.5,12.8,19.2,0,0,0,0,0,0,0,6.4,0,0,0,0,0,0,0,0,0,0,31.9,134.1,0,0,0,12.8,0,0,0,89.9,99.7,100,100,99.6,99.6,100,99.6,100,100,99.7,99.6,3.5,88.8,100,100,100,100,99.5,100,100,100,3.7,100,100,100,100,100,1.5,0,0,0,0,0,0,0,0,8.4,0.5,0,0,0,0,0,0,0,0,19.8,0,0,9.5,5.3,0,5.9,,4.3,1.5,1.6,0,0,0,0,0,0,2.9,1.6,10.4,2.2,0,0,9.8,8,2.5,4.1,0,12.5,0,10.4,1,16,2.5,0,31.3,22.2,13.8,5,0,0,0,0,0,0,0,8.5,0.4,0,0,0,0,0,0,0,0,19.4,0,0,9.5,5.3,0,6.1,0,4.3,1.5,1.6,0,0,0,0,0,0,2.7,1.6,10.4,2,0,0,9.9,8.2,2.5,4.1,0,12.6,0,10.4,1,16,2.5,0,32.5,23.4,13.8,5.2,,,,,,,,93.7,100,,,,,,,,,94.9,,,100,100,,93.7,,92.8,92,92,0,0,0,0,0,0,100,83.3,100,91.7,0,0,89.7,95.4,100,95.5,0,93.4,0,100,100,97.5,100,0,90.6,95.8,85.2,96.6,340.8,101.3,25.8,12.4,26,18.6,1.5,4.7,22.8,13.8,5.8,4.3,3.1,1.7,26.5,3.3,,0,0,0,0,0,0
C47770,시군구,2023,경상북도,영덕군,34055,4594.1,41.7,3.5,10.9,58,1.6,130.7,192.1,9,52.3,53.1,7.6,30.6,5.5,T,741.3,55.6,70.6,F,0,0,0,0.1,2.4,0.3,0,0,0,0,0,0,0,0.1,0.3,214.4,851.6,0,0,0,214.4,29.4,117.5,29.4,91,8.8,11.7,0,20.6,2.9,8.8,2.9,5.9,2.9,2.9,0,0,0,0,0,0,11.7,11.7,108.6,246.7,64.6,0,5.9,2.9,5.9,0,0,96.2,82.5,100,100,99.4,81.1,100,74.3,99.6,100,78.9,44,2.7,3.2,96.3,97.3,1.1,4.4,98.9,97.5,99.6,97.3,4.3,100,100,99.6,100,4.4,0.5,15.5,40,0,13.1,0,15.6,0.1,0,10.9,24.1,0.1,0,3.4,6,0,0,0,0,9.9,0,0,0,7.3,69.5,25.8,,28.3,43.9,44,5.9,6,0,3.4,6,0,4.6,6.8,26.8,2.1,0,9.1,12.4,12.4,15.7,23.5,0,5.2,30.3,26.8,1.5,42,2.9,0,15.4,16.3,16.4,12.5,0,0,0,0,0,0,0,11.1,24.7,0,0,3.4,6.1,0,0,0,0,10.4,0,0,0,7.3,70.1,23,37.8,23.6,36.1,36.3,0,0,0,0,0,0,4.6,6.8,27.7,1.6,,9.1,12.8,12.5,16,24.3,0,5.1,33,27.7,1,43.5,2.9,0,14.9,16.4,17.7,13,,,,,,,,74.5,75,,,78.6,75.3,,,,,73.6,,,0,100,76.4,81.9,85.1,83.2,81.8,82.8,0,0,0,0,0,0,81.4,79.4,76.7,81.8,0,100,74.4,77.1,70.1,73.8,0,74.6,65.2,76.7,100,73.5,83.3,0,68.7,76.4,75,73,340.1,104.8,24.3,17.3,19.4,20.2,4.3,11.1,6.5,12.3,4.4,7,5.8,11.7,9.1,1,,0,0,0,0,0,12.2
C47820,시군구,2023,경상북도,청도군,41316,5941.6,42,3.2,10.4,94,1.6,122.6,181.4,8.1,50.4,54.8,8.2,24.2,4,T,695.4,55.6,86.7,F,0,0,0,0.3,2.4,0.7,0,0,0.1,0,0,0,0,0.3,0.7,689.8,1045.6,0,0,0,689.8,41.1,121,38.7,92,4.8,9.7,2.4,12.1,0,2.4,0,2.4,2.4,4.8,2.4,2.4,19.4,0,2.4,0,16.9,14.5,125.9,254.1,79.9,9.7,12.1,4.8,12.1,0,0,0,30.4,60,53.5,24.5,0.8,30.6,0,30.7,100,8.9,1.6,1.2,3.9,12.9,26.2,11.9,7.2,19.9,35.5,25.9,44.5,7.2,35.3,31.4,25.9,33.9,13.9,88.2,52.3,91.7,41.2,45.9,5.6,48.2,8,0,22.9,28.1,6.3,6.2,27.9,24.1,8.3,20.2,27.5,3.9,35.1,18.2,8.6,21.3,4.9,62.1,28.4,,30.2,44.8,44.6,28.8,27.8,47.6,31.4,24.4,38.5,9.1,20.9,42.9,22.7,0,0,27,19.5,27.6,37.4,0,16,3.5,42.9,11.7,45.5,24.6,24.4,20.7,17.2,30.4,19.8,0,0,0,0,0,0,0,14.4,21.5,1.2,0,0,11.9,7.2,0,0,0,20.8,0,0,17,2.5,0,14.5,14.8,16.7,22.8,22.5,0,0,0,0,0,0,7.9,16.8,32.5,13.7,0,0,20.9,12.8,16.5,23.5,0,5.8,0,32.5,1.1,31.2,3.3,0,5.5,6.6,20.5,9.3,,,,,,,,58,92.7,4.8,,,91.7,92.6,,,,88.9,,,100,100,,34.6,21.2,44.2,88.7,89.9,0,0,0,0,0,0,14.1,88.7,96.1,96.6,0,0,76.2,77,90.4,80.7,0,58.4,0,96.1,7.2,93.7,94.7,0,9.8,10.4,71.1,54.3,316.1,90.6,34.6,28.9,16.7,16.3,2.8,5.1,12.1,5.8,7.1,7,11,0.6,5.4,8.4,,0,0,0,0,0,20.2
C47830,시군구,2023,경상북도,고령군,30139,7843.7,36,3.4,11.9,72,2.2,119.7,181.7,9.4,48.6,48.5,10.7,25.6,4.9,T,384.2,37.5,71.1,F,0,0,0,0.3,3.1,0.3,0,0,0.3,0,0,0,0,0.3,0.3,262.1,288.7,0,0,0,262.1,13.3,82.9,10,53.1,3.3,10,3.3,6.6,0,3.3,0,3.3,0,10,0,0,0,0,0,0,3.3,3.3,79.6,185.8,33.2,0,6.6,6.6,3.3,0,0,0,11.5,17.2,1.2,1.2,1,58.1,0,21.3,73.7,1.2,0.2,0,0,0,11.4,1.2,1.2,2.6,7,21.3,11.2,0,21.3,33.9,18.5,20.8,3.7,90.3,67.5,80,71.4,78,29.6,81.4,35,12.7,43.8,52.9,46.7,42.9,41,46,18.7,55.6,57.3,29.9,44.8,26.2,25,28.1,49.1,63.8,44.5,,42.6,48.7,48.7,25.1,27.6,0,20.4,20,21.3,32.3,34.5,55.1,29.7,0,55.6,41.4,38.3,47.8,58.2,60,42.9,32,55.1,41.9,73.9,50.8,56.4,46.6,46.5,63.9,52.2,0,0,0,0,0,0,0,10.3,22.6,19.5,0,0,0,2.9,0,0,0,17.1,0,0,0,7.3,0,11.6,14,11.8,21.7,22,0,0,0,0,0,0,3.6,6.9,23,3.9,,0,9.1,6,8.9,29.3,0,8.2,0,23,6.2,46.6,0.8,0,8.5,6.1,15.5,13.1,,,,,,,,62.8,63.4,59.6,,,,58.8,,,,55.2,,,,44.4,,62.3,61.7,66.5,65.1,64.8,0,0,0,0,0,0,61.7,56.3,58.6,60.3,0,0,67.5,65.6,58.2,62.4,0,60.9,0,58.6,50,60.2,50,0,70.5,58.7,59.6,62.8,308.3,61,21.2,11.5,32.7,12.5,12.3,3.6,15.8,7.8,4.9,13.9,7.2,7.5,3.5,2.1,,0,0,0,0,0,0
C47840,시군구,2023,경상북도,성주군,42086,6830.5,36.6,3,10.7,134,2,113.8,155.2,8.6,47.7,50.3,11.6,25,4.2,T,616.2,40,33.9,F,0,0,0,0.2,2.6,0.5,0,0,0.2,0,0,0,0,0.2,0.5,130.7,1069.2,0,0,0,130.7,11.9,92.7,11.9,68.9,0,11.9,0,9.5,0,4.8,2.4,9.5,2.4,7.1,0,0,4.8,0,0,0,21.4,21.4,33.3,185.3,90.3,4.8,7.1,4.8,9.5,0,0,0,11.3,14.3,3.5,2.9,2.9,36.2,1.7,30.4,84.2,2.4,1.8,0.7,2.6,14.2,33,0.3,0.7,73.8,21.5,30.4,32.5,14.2,30.4,11.7,10.8,30.3,0.8,90.2,38,77.8,52.9,70.3,27.8,71,25,7.1,26.4,23.7,22,32.8,25.7,32.7,8.9,37.3,21.1,22.8,34.3,7.4,66.3,52,4.8,61.2,43.7,,46,65.6,65.8,6,6,0,6.3,6.8,5.5,23.9,27.3,28.2,16.7,25,11.8,25.6,25.9,23,30.5,100,27,21.1,28.2,19.3,32.8,32.8,20.4,32.6,31.6,34.1,29.5,0,0,0,0,0,0,0,2.9,0.1,2,0,16.6,12.2,2.2,0,0,0,3.4,0,0,0,1.2,48,27.5,57.9,31.1,57.3,58.1,0,0,0,0,0,0,0.2,0.5,6.4,0.2,0,0,2,0.7,1.6,7.3,0,5.4,0,6.4,4.3,9.9,11.5,0,13.2,11.4,12.8,2.7,,,,,,,,91.2,100,95.5,,92.3,90,87.4,,,,80,,,,100,96.9,60.4,59.1,58.8,58.9,60.7,0,0,0,0,0,0,100,100,95.9,100,0,0,93.6,90.5,100,93.4,0,91.3,0,95.9,83.3,97.1,94.8,0,88.7,90.7,82.2,92.3,366,77.4,26.5,42.3,20.5,33,6.9,10,23,4.6,13,6.1,9.3,5.8,11.8,3.6,,0,0,0,0,0,0
C47850,시군구,2023,경상북도,칠곡군,110581,24516.5,18.8,2.3,19.1,361,2.3,111.2,113.1,16.1,47.6,27.3,20,24.3,3.5,T,451,37.5,65.5,F,0,0,0,0.2,10.9,0.9,0,0,0,0,0,0,0,0.2,0.9,298.4,511.8,0,0,0,298.4,20.8,84.1,20.8,76.9,1.8,13.6,0,5.4,0,4.5,0,7.2,0.9,6.3,0.9,0,14.5,0,0,0,9.9,9.9,64.2,140.2,42.5,9,4.5,2.7,5.4,0,0.9,0,0,0,0,0,0,0,0,0,0.9,0,0,0,0,0,0,0,0,0.9,0,0,0,0,0,0,0,0,0,86,83,91.1,100,88.6,72.8,88.5,72.2,55.1,72.1,66.1,59.7,64.9,71.4,71.2,61.2,82.3,71.5,66.1,71.9,64.1,94.2,91.8,61,88.3,72.6,,71.2,74.9,74.9,64.8,71.1,4,62.6,58.3,70.9,50.8,71.9,74.9,72.4,100,46.2,66.2,66.9,66.8,78,94.6,77.8,42.7,74.9,63.3,77.3,82.3,74.2,73.5,76,79.4,72.8,0,0,0,0,0,0,0,8.7,12.1,0,0,0,6.7,0,0,0,0,3.1,0,87.7,84.5,0,0,13,25.2,17.1,28.5,28.2,0.1,0.1,0,0.1,0,0.3,0.6,3,7.6,1.1,0,0,7.7,9.1,11.9,16.2,0,4.4,0,7.6,1.1,3.7,0.7,0,6.2,10,2.5,15.1,,,,,,,,39.9,44.3,,,,42.2,0,,,,60,,35.6,43.4,0,,31.4,26,33.7,37.5,37.8,100,100,0,100,0,100,55,56.9,64.2,39.7,0,0,34.7,40.6,40.8,48.8,0,47,0,64.2,57.9,56.9,38.9,0,34.7,39.3,32.8,34.5,304.3,71.5,20,18.1,18.6,20.7,11.7,6.4,4.8,6.9,10.7,3.7,4.8,5.4,6.1,2.4,,3,3,0,0,8.9,28.9
C47900,시군구,2023,경상북도,예천군,55325,8362.5,32.4,3.3,15.5,248,2,132.5,174,15.7,50.8,41.5,9.5,22.3,3.5,T,661.6,8.3,72.1,F,0,0,0,0.2,3,0.3,0,0,0.2,0,0,0.2,0,0.2,0.3,310.9,983.3,0,0,0,310.9,21.7,92.2,21.7,66.9,3.6,14.5,3.6,12.7,3.6,3.6,1.8,3.6,1.8,5.4,1.8,1.8,0,0,0,1.8,16.3,14.5,59.6,249.4,150,0,5.4,3.6,34.3,0,10.8,2.3,12.8,100,100,11.4,3.2,22.8,0.4,13.1,92,15.5,3.2,0,0,11.9,25.5,4.6,0,5.6,0,13.1,0.1,13.1,11,23.7,23,23.7,0.2,31.4,67.5,42.3,0,59.4,33.8,58.2,33.4,3.2,37.3,37.7,23.8,32.3,60.4,41.8,11.3,39.5,48.2,21.2,58.1,19,27.4,25.6,29.7,71.3,47.9,,47.2,65.1,64.5,41.5,42.1,0,42.8,42.5,43.5,14.8,30.8,43.2,27.6,40,21.4,31.1,29.7,30.4,38.6,27.3,35.2,4,43.2,13.7,63,46.5,45.2,37.7,34.9,54.7,37.1,0,0,7.7,0,0,0,0,9.9,18.6,0,5.8,1.4,24.7,7.1,9.7,0,8.7,4.7,0,0,3.5,12.5,43.3,29.2,57.7,34.8,58.6,58.1,29.5,29.9,0,28.6,32.2,21.7,2.7,9.4,5.8,2.9,0,0,10.9,9.9,9,9,0,8.9,0,5.8,5,19.4,21.2,8.1,13.2,16.9,29.5,16.1,,,100,,,,,70.7,63.1,,100,87.1,88.3,88.3,100,,91.7,100,,,100,80,83.6,63.9,62.3,60,65.7,66.9,56.6,56.6,0,56.9,62.1,46.2,86.1,56.8,88.8,72.1,0,0,60.5,43.1,75.3,76.6,0,76.2,0,88.8,77.4,89.3,90.3,91.7,73.9,76.2,82.6,89.8,345.5,96.9,19.4,15,17.8,22.9,6.1,10.7,15.7,8.6,11,4.5,7.2,6.7,2.4,2.5,,0,0,0,0,0,14
C47920,시군구,2023,경상북도,봉화군,29603,2461.4,41.3,3.5,9.8,51,2.2,128.5,140,9.1,49,54.4,6.2,27.3,3.7,T,1202.7,70,61.8,F,0,0,0,0.1,0.7,0.1,0,0,0,0,0,0,0,0.1,0.1,327.7,483.1,0,0,0,327.7,16.9,77.7,16.9,33.8,0,6.8,0,0,3.4,3.4,3.4,3.4,3.4,3.4,0,0,0,0,0,0,6.8,6.8,70.9,195.9,57.4,0,6.8,10.1,3.4,0,0,72.3,91.5,100,100,88,77.4,100,5.4,30.3,100,85.6,77.4,12.6,12.6,29.7,40.2,19,12.6,54.6,27.7,29.7,30,41.8,32.5,87.4,100,100,12.6,1.8,7.8,10,0,10.5,0,17.2,5.2,0,18.9,25.9,4.8,0,17.7,30.6,2.9,0,0,5.9,16.2,15.6,2.9,0,5.9,76.1,29.8,,27.4,48.8,49.8,20.9,20.9,,18.2,15.3,21.5,6.3,16.5,24.6,9.7,0,0,18.1,12.2,16.9,40.4,0,36.6,0.7,24.6,5.5,46,31.1,0,20.5,27.5,47.6,27.3,0,0,0,0,0,0,0,13.5,21.8,0,0,11.2,19.4,0,0,0,0,11.4,0,0,0,5.9,73.4,23,38.7,19,42.1,43,0,0,0,0,0,0,4.7,13.5,19.8,5,0,0,12.9,6.6,11.2,33.8,0,33.6,0.7,19.8,0.9,33,18,0,8.6,19.5,31.8,20.2,,,,,,,,90.4,90,,,79.1,93.5,,,,,85.3,,,,75,93.2,80.5,75.8,82.7,77,77.4,0,0,0,0,0,0,94,92,92.6,98,0,0,93.9,98.3,87.1,89.2,0,91.3,100,92.6,100,88.8,92.9,0,89.4,93.2,95.1,94.3,389.9,94.1,30.9,28.4,40.3,45.7,2.6,10,20.7,6.1,7,2.2,3.5,4,6.3,4.3,,0,0,0,0,0,0
C47930,시군구,2023,경상북도,울진군,46669,4711,31.2,3.1,14.1,175,1.4,128.5,151,12.2,49.5,41.9,10.9,26.6,4.4,T,990.6,60,67.2,F,0,0,0,0.1,1.6,0.2,0,0,0.1,0,0,0.1,0,0.1,0.2,173.6,480,0,0,0,173.6,42.9,102.9,40.7,81.4,4.3,15,6.4,12.9,4.3,4.3,4.3,4.3,2.1,4.3,0,0,0,0,0,0,8.6,8.6,126.4,227.1,51.4,4.3,2.1,4.3,6.4,0,2.1,80.5,100,100,100,100,100,100,84.3,100,100,100,100,4.5,4.5,14.1,14.5,1.9,4.5,29.4,9.4,100,14.1,4.5,100,100,100,100,4.4,11.3,0,27.3,0,0,0,0.2,0,0,13.4,18.4,8.9,12,34.1,12.6,13.4,24.6,34.9,0,17.3,0,0,26.7,14.3,83,20.3,,22.4,28,28,0,0,0,0,0,0,6.7,9,25.3,1.1,0,45.7,16.3,11.9,16.9,13.6,66.7,8.2,14.3,25.3,2.5,35.9,16.8,30.2,9.8,6.8,17.2,16.4,0,0,9.1,0,0,0,0,11.7,12.4,10.7,12.8,37.7,12.2,16.1,26.3,0,37.7,15.2,0,0,20,14.3,73.7,21.6,36.4,24.8,31.6,31.8,0,0,0,0,0,0,6.6,9,18.7,0.8,100,45.7,14.2,10.1,13.5,7.5,73.3,7.3,0,18.7,2.7,21.4,17.8,32.2,3.9,3.3,14.6,13.7,,,100,,,,,91.7,93.9,91.7,92.3,92.3,85.8,91.1,93.9,,98.2,91.9,,,100,100,92,90.5,89.9,90.1,91.8,92.1,0,0,0,0,0,0,97.3,89.8,87,83.3,100,100,91.7,95.2,95.7,95.5,100,88.5,0,87,100,90.4,83.2,98,88.5,92,84.4,94.4,348.2,89.9,27.7,17.9,23.4,20.8,2.4,18.2,10.2,6.5,8.2,4.5,6.6,4.8,12.9,0.8,,5.7,0,0,0,0,0
C47940,시군구,2023,경상북도,울릉군,9077,12428.5,29,1.4,13,21,0.8,102,119.1,8.3,44.6,40.8,11.5,24.9,1.9,T,73,66.7,96,F,0,0,0,1.4,0,0,0,0,1.4,0,0,1.4,0,1.4,0,231.4,0,0,0,0,231.4,143.2,165.3,132.2,132.2,11,11,11,11,0,0,22,22,11,11,0,0,0,0,0,0,0,0,187.3,242.4,0,0,0,11,0,0,0,100,100,100,100,100,100,100,100,100,100,100,100,8,100,100,100,100,100,15,100,100,100,100,100,100,100,100,100,0,0,0,0,0,0,0,0,0,1.1,2.2,1.5,0,0,0.2,0,0,0,0,0,0,0,0,0,0,2.3,,4.1,8.5,8.6,9.8,10.9,0,0.8,1.6,0,0.8,2.7,1.8,0.4,0,0,1.5,1.9,0.8,3.7,0,1.7,0,1.8,0,9.2,1.1,0,0,0.3,0,2.6,0,0,,0,0,0,0,1.3,2.3,1.5,0,0,0.4,0,0,0,0,0,0,0,0,0,0,2.4,4.6,4.2,8.5,8.6,9.8,10.9,0,0.8,1.6,0,0.8,2.7,1.8,1.2,,0,1.5,2.2,0.8,3.7,,2.4,0,1.8,0.7,9.2,1.1,0,0,0.3,0,2.6,,,,,,,,91.7,90.9,100,,,66.7,,,,,,,,,,,89.7,88.7,100,85.7,85.7,74.2,74.2,0,100,100,0,100,100,100,100,0,0,100,100,100,85.7,0,93.3,0,100,100,100,33.3,0,0,100,0,87.5,306.9,59.6,14,33.4,15.2,47.7,9.4,1.8,12.7,1.8,1.8,2.6,2.6,1.8,12.7,6.7,,0,0,0,0,0,0
C48121,시군구,2023,경상남도,창원시 의창구,213342,104443.9,16.7,1.9,20.1,956,1.6,83.6,105.2,15.9,49.2,26.3,31.2,20.4,2.6,T,204.3,0,97.2,F,0,1,1,6.4,53.4,4.9,0,1,1,1.5,1,2.4,1,6.4,4.9,1073.9,1078.1,0,589.2,589.2,1073.9,124.2,214.7,123.7,208.6,27.2,45.5,9.8,16.9,6.6,15.9,7,13.1,11.7,14.1,4.7,1.9,0.9,0,1.4,2.8,20.2,16.9,741.1,901.4,118.1,3.3,8,44.1,38.9,4.7,23.4,0,0,26.7,13,0,0,0,0,0,0.1,0,0,0,0,0,0,0,0,0.1,0,0,0,0,0,0.1,0,0,0,74.5,79.6,94,81,83.4,80.7,82.9,79.7,76.9,82.4,79.1,74.5,74.2,93.1,83.1,82.5,93.8,94.9,77.4,87.2,77.7,53,71.1,83.8,97.3,84,,81.3,87.9,87.9,87.3,87.7,68.8,84.5,81.4,89.9,56.4,76.6,93.4,77.2,100,91.7,73.6,65.8,77.8,88.8,90.6,86.1,61.4,93.4,82.6,93.2,90.4,95.6,86.3,84.4,87.4,87,0,0,80.3,9.9,53.5,50,54,49.8,44.6,46.6,50.9,58.6,56.4,54.2,73.7,45.6,71.4,54.2,7.9,0.7,28.9,63.8,59.7,49.4,48.6,44.1,51.1,51.2,34,34.7,0.9,30.4,30.7,29.9,31.2,44.7,54,25.3,5.6,31,37.9,28.8,49.8,49.5,50,54.2,35,54,62.1,68.3,65.2,64.4,61.6,60.5,57,54.9,,,24.9,12.8,22.4,22.4,22.4,25.5,23.3,21,16.7,31.9,27.9,24.8,23.9,18,18.3,33.2,23.3,50,19.5,15.5,36,27.7,33.6,28.7,35,34.8,30.1,30.2,4.2,30.6,31.4,29.2,19.4,23.1,27.1,20,23.1,11.7,22.4,21,23,32.9,28.1,24.8,19,27.1,24.5,33.7,32.2,17.8,27.6,22.9,26.8,27.9,324.4,85.3,33.9,19.6,14.8,27.8,12.6,13,10,5.1,22,3.2,5.6,6,4.7,1.3,,1,1,0,0,1,11.4
C48123,시군구,2023,경상남도,창원시 성산구,245259,275238,11.7,1.3,22.2,1235,1.3,75.2,89.2,16.5,49,21,31.2,15.9,2.6,T,89.1,0,100,F,0,1.1,2.2,12.3,190.8,2.2,0,1.1,1.1,2.2,1.1,3.4,2.2,12.3,2.2,701.3,321.3,0,247.1,351.1,701.3,108,216.5,91.7,185.9,20.8,34.7,4.9,11,5.3,10.2,6.9,11,6.5,9.8,4.1,0.4,1.6,0,6.5,1.2,6.1,5.3,498.7,619.3,58.7,3.3,1.2,76.2,18.8,45.3,11.8,0,0,17.4,0,0,0,0,0,0,0,0,0,0,0,0,0,0,0,0,0,0,0,0,0,0,0,0,0,65.9,77.9,95.7,90.6,87,82.9,86.4,82.2,83.5,83.7,78.1,72.9,81.8,96.3,84.6,87.9,94.9,96.8,74.6,89.6,84.4,31.5,77.6,88.4,96.6,83.9,,81.1,83.6,83.4,90.5,91.3,16.7,92.4,90.5,95.4,54.4,78.8,96.3,84.7,93.3,96,79.2,71.5,78.2,90.1,93.9,87.6,58,96.3,84.4,92.2,92.1,96.2,86.4,89.3,87.2,87.3,0,0,35.5,49.3,14,14.9,14.1,23.8,20.7,19,21.9,37.6,30.6,18.8,41.5,9,30.9,37.6,43.5,25.3,16.5,4.8,41.7,22.7,19.3,26.4,13,13,36.7,37.1,0,37.2,39.3,33.8,12.7,24.2,34.9,28.7,0,59.6,35.1,32.9,20.7,50.3,0,24.5,17.2,34.9,14.6,18.3,41.9,28.1,15.7,16.1,23.8,35.8,,,43.9,20.6,18.1,18.7,18.1,27.7,17.6,25.2,31.4,45.6,49.8,20.8,38.4,9.5,36.4,37.5,16.7,21.6,29.2,38.9,33.5,26.5,22.5,20.6,22.7,22.7,18.7,18.7,0,18.6,19.9,16.5,15.5,14.8,54.4,17.5,0,44,25.5,16.6,22.1,43.2,0,25.3,19.6,54.4,38.5,51.7,58,36.8,42.7,28,54.8,31.1,307.9,76.9,25,24.4,12.5,25.7,10.3,10.8,5.5,9,22.8,2.5,4.8,5.7,3,3.3,,4.9,3.3,0,0,4.9,12.9
C48125,시군구,2023,경상남도,창원시 마산합포구,179394,74376.1,24.4,2.3,18.4,731,1.2,94.5,129.6,14.7,50.3,33.7,31.2,22.3,2.6,T,241.2,25,96.5,F,0,0,1.2,5,41,4.6,0,0,0.8,1.2,0,1.2,0.4,5,4.6,1247.5,1444.3,0,0,460.4,1247.5,69.1,168.3,67.4,154.4,13.9,29,3.9,14.5,3.3,10.6,3.3,6.1,5.6,12.3,3.9,0.6,5.6,0.6,2.2,3.3,25.6,22.9,393,585.9,144.4,6.1,7.8,45.7,36.2,16.7,15.6,0,0,100,99.9,0,0,2,0,0.1,1.1,0,0,0,0,0,0.3,0,0.1,1.1,0.2,0.1,0.2,0.1,0.2,0.3,0,0.2,0.1,82.2,84.8,98.6,93,72.8,68.7,81,77.9,53.8,81.9,79,69.3,75.5,95.1,81.4,71.3,92.6,92.2,73.1,86.2,89.1,52.8,90.7,86.7,97.5,84.3,,82.4,88.5,88.6,92.1,92.3,62.3,91.6,92,91,54.9,76.8,91.9,87.4,98,93.4,76.2,74.2,76.7,88.6,97.2,84.8,46,91.9,81.2,91.2,89.6,93.7,84,80.9,87.2,80.2,0,0,17.1,0,0,31.5,0,38.5,35.2,23.6,14.6,52.1,48.3,24.7,17.1,17.1,26.1,51.2,33.6,38.7,72.1,66.9,77.3,45,55.8,50,57.9,57.7,51.7,52.1,0,51.4,50.6,52.8,5.5,29.8,41.3,56.7,0,83.3,43.1,51.1,45.8,56,30.6,42.2,0.7,41.3,40.4,49.3,56.6,20.7,52.9,51.2,64.1,43.8,,,52.2,,,54.6,,49,49.6,44.1,47.7,83.5,45,63,53,54.9,52,47.1,35.6,17.1,36.6,40.2,56.2,45.6,42.2,42.1,39.6,40,44.5,44.5,0,40.5,37.8,45.4,43.4,41.1,68.4,38,0,46.2,41.4,42.1,49.8,69.2,37.9,48.6,40,68.4,37.9,64.9,58.3,52.5,48.3,37.6,47,45.5,357.3,90.6,33,28.6,12.6,28.5,11.3,11.8,11.7,6.3,24.3,4.4,3.6,5.9,5.4,4.4,,2.7,2.7,0,0,4.1,4.1
C48127,시군구,2023,경상남도,창원시 마산회원구,179818,198447,21.8,2,19,592,1.3,85.1,128.5,14.9,50.1,31.4,31.2,21.9,2.6,T,90.6,0,100,F,1.1,1.1,2.2,12.1,140.2,8.8,1.1,1.1,2.2,1.1,1.1,2.2,1.1,12.1,8.8,1101.1,1065.5,417.1,417.1,572.2,1101.1,202.4,323.1,151.8,263.6,32.3,56.2,12.2,20,5,14.5,12.8,16.1,10,18.4,3.3,1.1,8.9,0,4.4,2.2,17.8,16.1,747.4,943.7,127.9,7.2,5,71.7,29.5,25.6,16.7,0,0,44.4,43.3,0,0,0,0,0,0,0,0,0,0,0,0,0,0,0,0,0,0,0,0,0,0,0,0,85.4,89,92.8,85.6,80,76.4,83.7,80.7,68.8,84.7,82.8,72.2,77.2,96.4,84.8,82,90.5,92.7,78,88.8,88.4,69.2,88.3,86.7,97.8,87.2,,85.9,92.2,92.2,92.2,92.3,86.4,92.2,89.7,96,61.1,81.9,95.9,87.4,100,87.6,78.9,75,79.6,90.4,95.2,87.6,59.1,95.9,86.1,95,93.8,93.7,88.1,83.4,89.2,83.5,74.4,87.3,11.6,56.7,46.7,46.7,47.1,50.3,48.2,32.7,32,83.5,46.1,59.5,17.6,47.4,21.6,66.5,59.1,0,9.6,11.4,45.9,45.9,38.1,34.2,39,39.7,45,44.7,86.4,43.9,35.4,57,34.2,41.6,83.4,38.6,95.5,3.1,30.7,23.1,40.9,70.4,61.9,46.7,17.8,83.4,38.6,76.8,59.8,40.6,46.2,27.5,50.2,43.2,21.4,21.4,28.6,24.8,21.4,24.9,21.4,31,28.8,20.6,25.7,45.6,39,25.1,27.7,20.8,29.8,45,32.8,,19.6,41.4,50,31.3,31.9,31.6,31,30.9,32.8,33.2,17.7,35.5,31.8,39.9,20.7,28.3,43,33.1,16.4,25,33.2,35.6,35.3,44.8,11.8,33.3,22.1,43,36.3,47.9,43.9,27.1,40.2,39.2,46.4,38.5,315.6,83.1,33.5,19.8,12.1,28.1,9.3,10.7,7.9,8.4,17,3.2,4.5,7.7,4.7,3,,0,0,0,0,3.5,13.7
C48129,시군구,2023,경상남도,창원시 진해구,191225,154159.3,17.2,1.8,21.1,869,1.7,94.6,100.9,19,48.6,24.6,31.2,19.5,2.6,T,124,6.7,100,F,0,0,0.8,8.1,73.4,3.2,0,0,0.8,0.8,0,0.8,0.8,8.1,3.2,580.5,396.4,0,0,143.3,580.5,44.5,101.5,43.4,95.7,7.3,20.4,1,3.1,2.1,4.7,4.7,9.4,7.8,11.5,1,0,2.6,0,0,0.5,7.3,6.8,115.6,193,43.4,1,2.1,16.2,8.9,0,3.1,0,0,8.4,0,0,0,0,0,0,2.3,0,0,0,0,0,0,0,0,0.1,0,0,0,0,0,0,0,0,0,75,81.2,86.5,87.9,82.8,64.7,85.4,70.1,53.5,76.8,78.2,61.5,70.9,91.3,80.6,62.7,84.6,91.2,63.6,86.3,63.9,38.3,52.6,65.1,95.2,77.8,,77.6,83.6,83.9,74.8,76.2,28.4,72.8,71.3,74.9,49.8,72.8,92.5,69.4,84.6,65.2,72.3,65.1,75.1,90.1,83.3,79,48.1,92.5,75.7,92.3,86.7,90.1,78.9,80.8,84.1,80.7,0,0,29.2,0,0,18.8,0,31.9,36.8,8.5,9.5,49.3,46.9,14.7,21.5,8.8,32.3,55.7,0,0,24.6,13.1,63.8,36.8,48.3,43.5,56.4,56.9,25.3,26.1,0,20.6,18.7,23.2,4.8,22.1,62.4,17.9,0,4.5,38.7,20.9,39.8,59.2,0,26.2,0.9,62.4,28.4,66.3,56.1,30.8,43.4,36.9,52.5,31,,,96.6,,,85.8,,83.4,84.1,86.8,82.7,88.4,79.8,83,82,62.4,91.8,90.3,,,73.7,65.7,89.8,73.2,61.5,69.9,63.4,64.4,63.9,63.9,0,58,67.7,49.7,87.2,86,87.7,74,0,50,81,83.8,80.5,86.1,0,80.8,50,87.7,78.1,86.9,82.1,91.7,80.7,78.9,80.4,80.1,321.9,91.9,28.3,17.8,16,20.4,9.6,16.2,9.8,8.2,21.3,3.1,1.2,6.5,4.9,1.7,,2.3,2.3,0,0,3.4,10.1
C48170,시군구,2023,경상남도,진주시,341074,47840.5,19.7,2,20.7,1582,1.4,102.1,106.1,16.8,50.6,28,19,22.1,3.2,T,712.9,6.5,87.8,F,0.1,0.1,0.6,2.5,29,0.8,0.1,0.4,0.8,0.6,0.1,0.6,0.3,2.5,0.8,913.3,550.9,262.4,262.4,480.8,913.3,170.9,268.3,127.2,215.5,27.3,45.4,10.8,16.4,5.6,12.3,6.2,12.6,9.4,14.1,5,1.8,5.9,0,2.6,1.8,10.3,10,748.2,905.1,60.4,5,2.9,39.6,14.7,8.2,6.2,0,0,100,100,0,0,0.3,0,0.2,1.6,0,0,0,0.1,0.1,0.2,0,0.1,1.1,0.1,0.2,0.2,0.1,0,0.3,0.2,0.2,0.1,78.8,88.6,91,75.5,66,64.7,78,76.8,74.4,79.5,81.3,72.3,72.6,87.3,78,83.1,90.8,88,66.9,85.8,73.9,89.2,71.3,79.7,96.6,78,,77.4,73.9,73.2,76.5,78.3,9.6,72,74.8,67.2,57.8,78.6,93.4,79.6,0,92.6,81.3,75.7,81.5,90.1,0,82.1,68.1,93.4,74,89,87.8,86.5,77,78.4,85.8,85.8,73.8,87.7,91,75.5,65,77.1,77.7,79.2,80.5,71.9,72.7,87.2,78,86.9,90.8,67.3,88,84.7,75.2,89.2,71.3,80.2,95.1,75,65.1,73.7,63.2,62.8,71,72.7,9.6,66.8,68.4,64.1,57.9,79.1,92.2,80.4,,92.6,81.5,76,81.5,89.8,,81.7,68.7,92.2,74.1,86.2,88.1,86.5,77.1,78.5,85.8,85.8,42.5,42.5,61.5,56.9,42.5,49.5,48.9,53.3,52.5,52.8,56,66.3,53,49.7,61.6,41.2,70.7,61.3,50.3,48.4,39.9,50,78.6,54.8,59.8,52,59.2,59,52.5,52.5,59.3,53.3,56.8,47.8,43.5,44.8,65.5,48,0,47,48,46.1,53.5,59.6,0,53.1,52,65.5,50.1,63.9,58,70.5,56.8,51.9,55.2,56.9,304.4,82.3,24.1,19.4,16.8,20.7,4.1,16.7,14.1,5.5,16.4,1.5,11.5,6.4,5.8,2.2,,1.2,0.6,60,1.4,1.8,12.4
C48220,시군구,2023,경상남도,통영시,120551,50247.4,23.9,2.3,17.4,339,1.8,95,119.4,15.8,49.8,33.9,12.3,27.5,4.9,T,239.9,46.7,80.6,F,0,0,0.4,2.5,30.4,1.3,0,0,0.4,0,0,0.4,0,2.5,1.3,671.9,469.5,0,0,198.3,671.9,45.6,128.6,44,116.1,10,19.1,0.8,5,0.8,6.6,1.7,6.6,6.6,11.6,3.3,0.8,3.3,0,0,0.8,7.5,7.5,195.8,296.1,53.9,0.8,2.5,25.7,11.6,0.8,5,1.7,68.1,100,100,60.3,3.9,34.9,1.8,3.9,100,35,3.6,3.3,3.3,3.9,34.4,1,3.8,4.8,1.9,35.2,100,3.8,90.2,100,3.9,3.9,3.8,55.5,12.3,85.2,38.9,9.9,1.2,43.8,37.8,0,50.5,56.9,16.9,0.2,84.9,59.6,31.5,64,0,0.9,70.8,1.8,0,61.1,27.5,92,52.8,,48.6,62.6,62.8,30.3,33.7,0,24.7,24.5,25.3,11.8,34.5,71.1,28.6,0,20,49.6,36.2,54.4,66.5,25,54.9,1.2,71.1,52.3,81.4,76.5,0,65,58.3,73.3,58.9,0,0,72.2,0,0,38.3,0,50.8,58,15.1,0.2,82.8,59.7,32.2,59.3,0,0,68.9,0,0,61.1,27.5,92.4,51.5,53.3,45.8,55.7,55.7,29.8,33.1,0,23.2,22.3,25.3,12.2,35.5,70.5,29.2,0,17.8,50.3,36.3,54.6,64.6,25,55.6,1.2,70.5,52.8,81.4,76,0,64.6,59.7,73.1,59.4,,,78,,,85.8,,83.9,86.9,83.5,100,86.6,84.3,86.5,82,,,89.3,,,82.5,94.3,75.6,81.9,77.6,79.6,77.8,77.6,84.8,84.8,0,80.9,81.3,80.1,87.6,84.7,84.9,84.1,0,100,84.7,84.6,85.1,87.9,100,81.9,75,84.9,71.7,85.6,85.2,0,83.9,75.7,85.7,84.7,364,93.3,33.2,33.5,18.9,28.9,2.1,16.9,9.2,6.4,20.5,3.3,7.6,5.7,2.1,4.2,,2.9,2.9,0,0,5.8,14.4
C48240,시군구,2023,경상남도,사천시,109030,27337.9,24.9,2.6,17.2,380,1.7,112.5,141.2,15.2,49.4,33.8,14.6,24.1,3.7,T,398.8,13.3,73.3,F,0,0,0,1,12.3,1.3,0,0,0.5,0,0,0.3,0,1,1.3,671.4,1141,0,0,0,671.4,59.6,132.1,56.9,116.5,9.2,21.1,3.7,9.2,0,7.3,8.3,12.8,7.3,11,2.8,2.8,11.9,0.9,0,1.8,19.3,17.4,268.7,412.7,92.6,4.6,6.4,15.6,21.1,0,7.3,0,0.2,100,100,0.2,0.2,39.7,0,36.1,48.6,0.2,0.2,0,0,0,40.6,0,0,2.8,0,36.1,39.7,0,36.2,39.8,39.6,0.1,0,70.4,84.4,83,78.6,55,29.9,63.1,39.3,27.9,65.3,72.6,50.7,38.9,83.1,66.9,51,61.6,60.5,36.8,76.4,37.3,42.4,48.5,58.5,92.4,66.3,,63.3,72.9,72.9,64.9,64.9,73.3,60.7,55.4,66.5,36,60.6,88.2,61.6,0,51.4,60.2,53.9,66.6,74.6,0,68.9,30,88.2,64.1,92.8,78.4,58.1,67.5,65.7,81.3,68.3,0,0,0,0,0,0,0,42.5,56.3,26.3,0,57.2,46.5,28.8,0.8,2.8,0,63.4,0,0,24.2,39,82.8,48.1,60.3,46.7,65,64.9,46.5,46.5,60,40,38.2,41.9,13.3,35.9,74.9,35.6,,4.5,36,32,43.9,51.4,0,44.2,0,74.9,40.8,86.5,52.3,0,49.9,45.3,59.8,41.7,,,,,,,,65.7,67.8,68.7,,79.9,54,64.6,100,41.9,,75.5,,,66.7,43.8,65.2,57.4,48,51.9,47.9,48.9,55.3,55.1,100,48,42.8,54.5,66.9,65.1,71.4,65.2,0,55.6,47.1,64.7,68.2,67.6,0,70.3,0,71.4,66,71.5,66.9,0,51.3,65.2,67.7,69,373.5,93.5,36.2,30,24.4,25.9,4.9,18.4,17.3,8.3,16.9,3.6,9,6.5,6.3,0.7,,2.5,2.5,0,0,2.5,14.8
C48250,시군구,2023,경상남도,김해시,533659,115125.4,14,1.8,22,2456,2,90,93.2,18.6,49.5,21.9,28.2,20.2,2.8,T,463.5,5.3,94.8,F,0,0.2,1.1,5.6,52.9,6,0,0.4,1.1,0.9,0,0.6,0.2,5.6,6,630.2,938.8,0,84.7,289.1,630.2,50.2,126.7,49.3,119.4,8.2,20.6,2.2,8.1,2.8,8.6,5.8,11.6,6,9.9,1.7,0.4,4.1,0,1.3,1.9,17.8,15.6,255.6,371.2,90.9,4.9,6.2,31.7,23.8,8.2,12,0,0,0,0,0,0,0,0,0,0.6,0,0,0,0,0,0,0,0,0,0,0,0,0,0,0,0,0,0,80.2,85.9,95.6,92.8,85.6,68.4,89.7,77.3,54.4,81.6,79.8,64,73.1,95.3,85.7,63.2,90,92.8,70.9,88.1,86.7,76.4,92.9,82.6,94.8,83.3,,83.4,89.8,90,88.8,88.7,89.8,88.9,88.2,90.2,45.9,78.4,93.7,79.9,77.8,60.9,78.5,75.3,83,91.1,63.6,82.2,45.8,93.7,87.5,93.6,89.9,92.3,88,83.6,89,87.3,0,0,65.8,0,24.3,48.2,35.2,58.7,57.7,30.6,36.2,80.8,69.9,43.4,64.1,36.5,65.9,74.2,60.2,31.2,80.6,32.9,80.3,64.3,76.5,66.9,79.9,80.1,67.1,72.5,4.3,59.8,53.1,72,8.3,47.3,83.8,53.3,0,22.8,57.3,49.6,60.9,79.2,0,52.5,0.6,83.8,74.5,83.4,76.8,65.5,72.3,61.7,79.1,70.9,,,81.2,,86.5,84.5,85.5,84,83.8,86.4,86.7,91.6,82.6,85,85.2,80.3,90.2,90,71.1,53.4,75,81.9,91.1,71.3,56.8,64.8,56.4,56.3,62.7,62.6,100,62.1,63.2,60.7,80.3,80.1,88.4,72.6,0,84,78.9,77.3,83,87.1,0,83.7,57.1,88.4,78.4,86.3,84.7,90.2,82.3,79.1,83.9,83.8,337.6,88.1,36,24.7,14.4,22.6,8.6,15.4,9.3,7.2,24.4,3.9,4.8,6.4,3.2,1.7,,2.8,0.8,0,0,1.6,9.1
C48270,시군구,2023,경상남도,밀양시,102084,12781.3,33.1,3.1,14,270,1.8,107.4,140.7,11.5,50.7,44.4,14.8,23.5,4.5,T,798.7,25,67.9,F,0,0,0,0.9,5.6,0.6,0,0,0.1,0.1,0,0.1,0.1,0.9,0.6,790.5,891.4,0,0,0,790.5,51.9,114.6,51.9,105.8,13.7,24.5,2,5.9,2.9,8.8,3.9,5.9,5.9,8.8,1,0,2.9,0,0,0,11.8,11.8,174.4,257.6,49,1,4.9,24.5,4.9,0,0,0,12.1,18.1,18.1,10.1,5.9,85.2,3.1,80.2,96.7,4.9,5.8,0.1,0.1,0.6,0.5,0.1,0.6,8.9,0.5,0.6,0.5,0.3,84.2,88.6,83,0.6,0.1,81.4,52.2,76.2,53.3,38,6,38.2,7.7,0.8,54.9,68.9,20,18.6,84.4,60.2,28.8,39.3,57.1,6.7,80,3,5.1,40.6,34.7,84.5,51.7,,50.7,51.3,51.7,18,18.7,0,14.3,12.4,17.2,14.7,47.7,82.1,20.1,27.3,61.3,60.7,44.3,60,83.6,0,54.2,2.8,82.1,48.9,81.5,67.5,47.5,73.7,52,72.4,60.2,0,0,9.5,0,0,0,0,51.9,67.8,16.9,13,80.8,56.5,30.9,36.7,0,55.5,78.3,0,0,37.5,32.3,80.6,47.3,37.2,47.2,44.1,44.8,12.1,12.5,0,9.1,7.2,11.8,10.3,45.2,80.7,15.8,0,60,59.2,42.6,58.3,83,0,51.6,0.8,80.7,45,80.1,64,44.7,71.3,48.2,69,57.6,,,100,,,,,87.2,88.1,87.5,90.5,93,86.8,91.5,89.2,,84.5,92.7,,,100,87,92.6,82.5,70.8,80.9,82.7,82.5,92.6,92.6,0,96.5,100,93.5,90.7,86.7,91.5,81.7,0,78.7,84.9,78.4,85.9,91.3,0,88,100,91.5,88.5,91.7,88.4,92.5,89.4,88.5,87.4,88,337.6,88.8,35.1,25.7,23.5,20.3,9.7,12.3,11.3,4.9,16.4,2.1,5,3.9,6.5,2.5,,7.6,3.8,0,0,0,7.5
C48310,시군구,2023,경상남도,거제시,234038,57948.1,14.4,1.9,20.8,837,1.9,87.7,86.8,20.2,47.6,21.9,16.5,19.7,2.1,T,403.9,38.9,95.5,F,0,0.2,0.7,2.2,25.5,0.5,0,0,0.7,0.5,0,0.5,0,2.2,0.5,564.9,209.8,0,164.5,347.4,564.9,44.9,105.1,44,95.3,7.7,15.8,3,7.3,1.7,6,6.4,9.8,4.3,7.3,0,0,2.1,0,0.4,0,4.3,3.4,276,342.7,19.2,3.4,0.9,25.6,3,7.7,0.9,0.3,100,100,100,98.8,0,0.8,0,0.6,100,99.3,0,0,0,0.6,0.8,0.2,0.6,2,0.4,0.8,99.7,0.6,3.2,100,0.7,0.7,0.6,67.6,0,69.7,0,42.3,41.2,57.2,56,0,58.3,61.3,30.1,7.8,89.5,58.8,46.5,58.5,0,39.8,82.1,48.9,0.8,50,35.5,89.1,54.2,,44.5,44.3,44.2,40.9,31.4,70.6,50.6,60.8,26.6,13.2,38.6,90.7,49.5,0,27,49.3,41.6,57.9,82.4,0,49.3,4.6,90.7,56.5,89.6,72.6,0,63.2,60.5,73.1,58.7,0,0,69.7,0,42.2,56,0,57.6,60.8,30.2,7.9,89.3,57.5,49.6,58.3,40.9,0,81.6,49.4,0.8,50,34.8,86.2,53.3,34.2,43.4,42.6,42.5,40.2,30.4,70.6,50.4,60.7,26.5,13.1,39.3,90.6,50.3,0,27,48.7,41.3,56.8,82.1,0,47,4.6,90.6,53.7,89.2,70.9,0,61.8,57.3,72,57.6,,,93.9,,91.5,91.7,,91.4,92,87.3,91.4,94.9,91.2,90.1,90.7,91.4,,94.8,71.9,100,83.9,96.4,94.4,90.6,84.9,87.4,84.9,84.5,71.9,70.4,74,72.6,78.2,52.5,92.4,89.6,94.1,83.9,0,76.9,90.1,87,90.3,93.5,0,88.2,93.3,94.1,91.1,92.8,90.7,0,93.8,90.8,90.2,90.8,331.6,82.4,27.3,29.2,18.2,27.9,2.2,20.6,8.2,7.6,13.4,7.2,6.7,5.9,7.2,3,,3.7,1.2,0,0,3.7,9.7
C48330,시군구,2023,경상남도,양산시,355122,73115,16.8,1.9,21.4,1575,1.7,90.8,91,18.1,50,24.9,25.2,20.8,2.7,T,485.7,7.7,73.4,F,0.2,0.2,0.6,2.7,39.9,2.7,0.2,0.2,0.4,0.4,0.2,0.6,0.2,2.7,2.7,736.1,761.1,337.9,337.9,469.4,736.1,166.7,250.9,118.8,194.9,26.5,42.2,6.2,11.8,2,7.9,14.4,21.1,7.6,13.2,4.2,0.3,9.6,0,3.1,1.1,15.2,12.7,659.5,776.4,70.1,8.4,5.1,39.4,17.2,8.7,7.9,0,0,0,0,0,0,0.3,0,0.2,20.7,0,0,0.1,0.2,0.2,0.3,0,0.2,0.7,0.2,0.3,0.3,0.1,0.3,0.4,0.3,0.2,0.1,87.8,89.9,94.5,92.5,78.8,55.7,83.8,64.8,45.4,71.7,67.4,50.4,61.2,93.8,80.6,59.1,88.7,84.2,56.8,81,65.7,36,65.3,71.6,91.7,73.8,,72.2,78.1,78.5,78,70.2,97.4,79.1,80.9,71.5,49.1,75.2,87.7,58.3,0,34,65.5,58.4,79.1,83.5,0,74.4,28.2,87.7,77.8,88.2,84.9,84,79.4,75.5,86.4,76.4,68.1,84.2,30.3,51.8,49.4,55.1,53.5,58.7,55.4,31.7,21.3,87.7,67.2,65.2,42.5,50.3,9.4,74.4,40.2,29.9,60,21.4,81.1,60.5,63.9,58.7,63.6,64,63.4,52.4,90.4,66.2,69.6,51.4,36.4,69.1,82.5,40.7,0,27.7,52.8,46.6,67.4,76.8,0,63.8,22.3,82.5,61.4,81.6,73.1,8.1,63.1,60,75.3,62.6,26.8,26.8,73.3,22.3,26.8,35.8,26.8,48,43.9,33.4,25.6,54.8,70.2,34.5,74.4,28.7,52.5,60.5,45.4,27.5,49.5,70.8,88.8,50.1,54.1,47.6,52.4,52.4,52.8,50.2,57.2,53.1,55.7,41.9,23.5,39.1,68.4,38.8,0,33.3,43.7,35.4,56,59.5,0,45.4,35.4,68.4,68.9,57.5,72.4,57.3,70.9,64.2,75.8,61.1,302.2,81.2,30.4,26.4,13.9,20.3,5.2,16.3,9.3,6.3,18.6,2.6,6,4.2,4.1,3.8,,1.8,1.2,59.5,1.3,2.4,7.7
C48720,시군구,2023,경상남도,의령군,25475,5275.3,41.1,4.2,10.5,46,1.9,134.9,224.1,8.6,50.3,53.5,7.7,24.9,5.3,T,482.9,46.2,47.9,F,0,0,0,0.2,2.1,0.2,0,0,0.2,0,0,0,0,0.2,0.2,227.7,561.3,0,0,0,227.7,31.4,98.1,31.4,66.7,0,7.9,0,7.9,0,0,0,3.9,3.9,7.9,0,3.9,15.7,0,0,0,7.9,7.9,94.2,188.4,43.2,7.9,7.9,7.9,3.9,0,0,0,26,100,100,25.1,25.1,89.2,11.8,41.8,99.4,25,24.6,3.8,14.4,36,88.9,15,3.8,29.8,89.5,76.3,88.9,21,72.7,91.2,25.2,25.2,15.6,81.7,58.2,57.1,0,34.3,4,39.4,7.4,0,17.7,12.6,6.3,3,27,23.3,5.1,2.2,0,3.8,23.9,1.2,3,30,12.5,19,21.9,,28.6,23.4,23.6,6.7,6.7,,2.6,4.6,0.7,8.8,21,28.4,8.1,0,6.7,23.2,20.7,22.9,30.6,0,29.5,10.1,28.4,12.1,33.3,24.3,0,16.9,16.2,40.3,18.6,0,0,0,0,0,0,0,8.6,0,0,0,0,13.6,6.4,0,0,0,11.3,0,0,10,9.4,0,15.7,22.4,25,20.1,19.7,0,0,0,0,0,0,3.1,14.7,7.4,2.1,0,3.3,15.6,14.9,14,13.1,0,19.9,0,7.4,3.5,14.5,10.2,0,10.4,9.3,28.5,6.3,,,,,,,,86.2,33.3,,,,82.2,91.7,,,,83.3,,,100,60,,82.9,81.7,85.3,78.9,81.2,0,0,0,0,0,0,95.6,93.4,93.3,94.4,0,100,85.2,90.2,86,92.9,0,87.5,0,93.3,93.8,80.8,92.7,0,83.7,79.5,85,87.3,358.1,101.1,41.8,14.2,14.5,21.3,5.2,17.3,14.7,3.3,18.9,3.5,5.8,4.2,3.2,2.8,,0,0,0,0,0,18.5
C48730,시군구,2023,경상남도,함안군,60203,14450.6,29.8,3,14.7,157,2.5,114.4,148.1,13.8,48.8,40.3,15.1,21.7,3.6,T,416.6,10,64.5,F,0,0,0,0.5,5.3,0.7,0,0,0,0,0,0,0,0.5,0.7,428.6,1426.8,0,0,0,428.6,26.6,99.7,26.6,78.1,5,11.6,0,8.3,0,3.3,0,1.7,5,6.6,1.7,3.3,8.3,0,0,3.3,21.6,16.6,101.3,274.1,131.2,6.6,3.3,11.6,44.8,0,26.6,0,0,100,100,0,0,5.5,0,0.3,45.6,0,0,0,0,0.3,5.4,0.1,0,4.2,2.8,4.1,5,0,3.8,15.8,0,0,0,80.5,83,84.6,96,67.4,37.6,73.4,48.8,12.4,61.9,60.4,35.1,37.4,88.2,70,24.6,49.7,43.4,42,67.2,50.8,8.3,45.5,64.7,73.5,65.5,,63.5,72.6,72.8,66,66.4,0,71.6,67.7,78,31.3,52.2,84.1,62.5,100,35.6,53.1,43.3,53.8,76.9,66.7,68,11.9,84.1,63.7,82.2,74,55.6,68.6,62.1,80.7,60.9,0,0,0,0,0,0,0,19.4,25.6,0,0,0,26.2,0,0,0,0,17.7,0,0,30.3,45.1,21.5,21.7,25.3,22.9,28.9,28.7,18.3,18.3,0,23.2,27.5,16.1,5.7,12.9,22.5,25.8,0,2.2,21.1,13.5,13.2,22.9,0,35.9,0,22.5,20.2,26.3,19,0,28.6,23.3,31.7,11.8,,,,,,,,67.6,72.1,,,,71.7,0,,,,83.3,,,62.5,73,79.4,45.9,33.2,41.3,43.6,43.1,20.2,20.2,0,19.6,22.3,14.7,63.3,68.2,73.7,65,0,100,63.2,66.3,59.7,76.6,0,70.6,0,73.7,51.6,80.2,70.2,0,65.4,61.2,59.9,65.1,362.7,95,46.6,34.2,15.3,25.9,11.4,14.5,7.3,3.8,21.8,2,3.2,8.9,6.7,2.3,,6.9,0,0,0,6.8,13.6
C48740,시군구,2023,경상남도,창녕군,57083,10716.5,36.2,3.2,11.9,159,2.1,118.4,178.3,10.5,50,48.3,13.1,24.8,4.4,T,532.7,14.3,70.9,F,0,0,0,0.4,5.4,1.3,0,0,0.2,0,0,0,0,0.4,1.3,445,2158.3,0,0,0,445,42,127.9,36.8,106.9,7,19.3,0,19.3,1.8,5.3,3.5,5.3,5.3,7,0,0,12.3,0,0,0,24.5,22.8,176.9,395.9,161.2,7,10.5,7,19.3,1.8,0,0,11.6,95.1,53.8,4.7,3.8,70,1.1,48.6,99.3,5.1,2.3,0.2,0.2,4.8,15.3,1.9,0.2,7.4,8.7,68.2,16.6,0.2,65.4,80,0.3,0.3,0.2,83.7,54.4,86.4,47.8,44.1,9.1,47,11,0.2,33.5,40.5,11,18,52.1,50.5,19.2,39.6,43.2,9.8,38.2,7.4,0,44.9,23.7,66.8,47.6,,46.8,61.5,61.2,14.7,14.7,,12.8,18.6,4.3,13.3,25.3,51.3,18.7,60,3.4,33.4,30.7,36.2,54.6,21.1,36.6,0.9,51.3,34.8,61.5,52.8,44.7,65.2,37.6,67.4,39,0,0,0,0,0,0,0,21.6,33.2,0,0,0,40.1,18.7,0,0,0,21.6,0,0,43.5,20.3,55.9,38.4,57.6,41.1,56,56.1,0,0,0,0,0,0,5.9,19,21.3,11.2,0,1.7,28.9,27.5,27.4,37.7,0,25.4,0,21.3,23.6,40.5,42,0,57.3,28.8,57.8,27.4,,,,,,,,86.1,86.6,,,,85.4,86.6,,,,85.7,,,88.2,100,87.8,67.2,61.4,71.4,75,75.2,0,0,0,0,0,0,85.8,87.3,85.6,92.7,0,100,88,88.2,82,88.2,0,84.9,0,85.6,80.4,90.5,86.8,0,84.3,86.4,85.7,90.3,373.1,92.5,36.6,32.4,19.5,27.5,2.7,17.7,12.5,3.9,25.8,2.6,6.7,8.6,10.7,6,,0,0,0,0,0,14.3
C48820,시군구,2023,경상남도,고성군,49468,9549.4,35.4,3.4,12.4,83,2.1,121.7,146.7,11.5,49.5,46.8,9.4,24.8,4.6,T,518,50,82,F,0,0,0,0.4,3.5,0.4,0,0,0.2,0,0,0,0,0.4,0.4,424.5,745.9,0,0,0,424.5,46.5,109.2,46.5,86.9,10.1,16.2,4,10.1,2,2,2,2,8.1,12.1,0,0,10.1,0,0,0,10.1,10.1,117.2,258.8,84.9,4,4,22.2,8.1,0,0,0,6.3,100,100,5.6,5.6,91.7,0.8,16.6,96.4,4.3,5.5,0.1,0.1,0.1,86.6,0.1,0.3,8.2,6.9,66.5,85.1,0.3,69,86.2,14.6,0.3,2.5,74.4,50.5,80,30.8,32.8,3.9,43,11.8,2.3,46.6,48.3,39.8,2.9,73.9,55.2,27.5,19.3,0,7.6,71.7,7.1,0,29.4,47.4,65.6,47,,44.6,53.5,53.1,13.9,14,0,13,15.5,9.5,13.8,29.5,49.7,26.7,0,21.1,42.2,35.8,45.2,82.4,0,42.7,6.6,49.7,43.9,77.5,72.3,0,55.2,52,67.1,51,0,0,0,0,0,0,0,33.4,33.8,32.1,0,47.9,42.5,22.7,0,0,0,59.2,0,0,17.6,40.4,0,33.3,33.1,31.1,39.1,39.1,0,0,0,0,0,0,7.2,14.6,21.6,8.3,0,0,29.1,23.5,30.3,76,0,27.5,0,21.6,25.6,56,58.2,0,42.4,36.7,51,36,,,,,,,,88.6,88.9,91.8,,93.4,83,85,,,,87.2,,,100,92,,79.1,66.6,74,67.8,67.8,0,0,0,0,0,0,89.4,92,85.8,91.8,0,0,89.9,89.6,84,90.6,0,88.4,0,85.8,82.3,90.2,84.1,0,84.8,86.8,85.9,89.2,354.3,105.8,37.1,31.5,12.9,21.1,1.6,15.7,10.5,5.5,19.6,5.1,6.9,7.3,5.5,3,,0,0,0,0,0,0
C48840,시군구,2023,경상남도,남해군,40780,11398,41.4,3.4,10.9,74,1.5,137.5,194,9.6,51.3,52.8,8.9,25.8,3.9,T,357.8,40,83.8,F,0,0,0,0.3,6.1,0.3,0,0,0.3,0,0,0,0,0.3,0.3,348.2,233,0,0,0,348.2,24.5,100.5,24.5,73.6,4.9,14.7,2.5,12.3,0,4.9,2.5,4.9,2.5,4.9,2.5,0,0,0,0,0,4.9,4.9,44.1,107.9,14.7,0,4.9,7.4,2.5,0,0,0,87.4,100,100,87.5,84.1,100,47.8,98.9,100,84,42.8,7,7,81,100,5.4,7,21.7,82.4,98.9,100,7,100,100,16.5,81.2,7,54.2,5.6,0,0,4,0,4.7,0,0,24.9,33,4.3,0,15,41,18.4,0,0,0.6,31.4,0,0,54.2,14.8,62.6,21.1,,18.6,21.4,21.7,0.1,0.1,0,0.3,0.6,0,8,19.4,34.4,19.3,0,3.9,20.9,21,17.9,27.9,0,34.8,0,34.4,36.6,39.8,49.7,0,35.7,34.5,44.5,18.3,0,0,0,0,0,0,0,17.5,22.8,0,0,8.1,33.8,17.7,0,0,0,21.3,0,0,58.3,7.4,49.6,14.7,10.7,13.2,16,16.2,0,0,0,0,0,0,4,11.1,22.6,10,0,0,13.2,14.7,8.7,13.9,0,30.3,0,22.6,29.3,16,38.8,0,26.3,25.5,31,10,,,,,,,,90.2,90,,,100,90.5,90.8,,,,95.1,,,77.8,100,93.1,92.6,98.5,94.8,97.5,97.4,0,0,0,0,0,0,96,91,89.6,87.5,0,0,90.2,92.2,80.9,93.3,0,90.4,0,89.6,91.3,92.1,91.1,0,88.2,91.8,90.8,89.5,344.9,82.1,31.9,26.3,16.7,19.7,2.1,13.7,12.9,7.9,11.5,7.5,10.2,6.9,12.5,1.7,,0,0,0,0,0,28.2
C48850,시군구,2023,경상남도,하동군,41606,6161.1,39.7,3.9,10.5,74,1.8,129.7,169.4,9,49.9,52.1,10.4,27.2,4.9,T,675.3,46.2,54.2,F,0,0,0,0,2.8,0.3,0,0,0,0,0,0.1,0,0,0.3,0,461.5,0,0,0,0,12,86.5,12,60.1,0,9.6,0,4.8,0,4.8,0,4.8,0,4.8,0,0,12,0,0,0,4.8,2.4,55.3,204.3,28.8,4.8,2.4,2.4,2.4,0,0,0,20.9,100,100,20.4,19.7,80.1,8.8,39.8,99.9,17.8,9.6,27.1,27.9,35.9,79.6,27.8,27.9,80.7,9.4,39.8,79.4,27.9,75.8,84.7,64.7,32.1,10.3,64.7,51.4,68.8,40,33.2,5.5,49.4,13.8,0,13,15.6,9.7,7.6,25.5,13.6,0.6,28.4,5.3,10.5,17.1,4.9,8,31.3,2.6,71.6,12.4,,11.3,11.7,11.3,7.3,7.3,0,3,1.2,5,7.8,10.1,19.3,10.5,0,3,12.9,10.1,14.8,23.4,0,13,1,19.3,9.3,24.2,20.9,5.3,20.1,13.2,20.9,14.7,0,0,0,0,0,0,0,0,0,0,0,0,0,0,12.2,0,0,0,0,0,0,0,51.4,1.2,2.9,1.2,2.7,2.5,0,0,0,0,0,0,0,0,0,0,,0,0,0,0,0,0,0,0,0,0,0,0,0,0,0,0,0,,,,,,,,,,,,,,,100,,,,,,,,97.7,18.1,18.1,52.9,69.6,73.8,0,0,0,0,0,0,0,0,0,0,0,0,0,0,0,0,0,0,0,0,0,0,0,0,0,0,0,0,331.9,83.4,29.8,11.3,19,18.4,4.4,8.5,28.1,4.4,10.9,2.8,8.1,6.8,7.2,2.7,,0,0,0,0,0,21.7
C48860,시군구,2023,경상남도,산청군,33752,4247.1,41,3.6,10.3,70,1.7,128.8,182.6,8.5,50.3,53.7,8.2,26.6,4.2,T,794.7,81.8,40.6,F,0,0,0,0.1,1.9,0.1,0,0,0.1,0,0,0,0,0.1,0.1,88.9,589.6,0,0,0,88.9,20.7,91.8,20.7,53.3,0,0,3,11.9,0,3,3,3,0,3,0,0,0,0,3,0,11.9,8.9,32.6,142.2,38.5,0,3,3,5.9,0,0,0,15.1,100,100,12.8,12.8,70.7,8.9,67.6,86.8,3,6.9,5.5,25.4,26.2,61.3,32.6,25,21.2,33.5,67.6,61.2,25.4,30.5,71.6,65.2,32.5,23.2,69.4,72.4,88.2,75,45.4,14.5,56,18.7,4.5,25.6,26,19.8,19.3,53.4,23.9,8.7,51.4,40,13,30.4,31.6,9.3,44,36.7,39.7,26.8,,27.6,29.2,30.1,21.6,21.6,,19.6,23.3,14.3,13.6,23,39.3,27.3,0,35.3,25.2,25.3,26.6,40.7,0,26.8,19.5,39.3,19.6,38.1,29.8,40,26.5,25.1,28.1,30,0,0,0,0,0,0,0,0,0,0,0,0,0,0,0,0,0,0,0,0,0,0,0,8.3,19.2,10.7,19.4,20,0,0,0,0,0,0,0,0,0,0,0,0,0,0,0,0,0,0,0,0,0,0,0,0,0,0,0,0,,,,,,,,,,,,,,,,,,,,,,,,49.6,49.6,52.7,57.5,57.9,0,0,0,0,0,0,0,0,0,0,0,0,0,0,0,0,0,0,0,0,0,0,0,0,0,0,0,0,361.7,93.7,31.3,32.8,19.3,28.7,2.3,7.2,18.4,4.6,12.4,4.4,4.5,5.9,10.9,8.4,,0,0,0,0,0,15.9
C48870,시군구,2023,경상남도,함양군,36945,5097.8,37.9,3.4,12.2,85,2.2,132.1,180.2,11,51.5,49.2,9.9,26.6,4.6,T,724.7,63.6,75.7,F,0,0,0,0.1,2.8,0,0,0,0.1,0,0,0,0,0.1,0,360,0,0,0,0,360,27.1,113.7,24.4,78.5,5.4,8.1,2.7,13.5,0,2.7,2.7,5.4,5.4,10.8,0,0,0,0,0,0,0,0,89.3,184.1,0,0,0,8.1,0,0,0,0,96.8,100,100,95,95,100,12.9,92,100,12.6,89.3,4.5,4.5,4.9,23.4,10.9,4.9,13.1,15.7,92,23.7,4.9,100,100,24.7,4.9,4.9,57.5,1.6,7.7,0,0.9,0,2.3,0,0,31.9,50,15.6,6.6,23,34.2,29.4,1.2,3,0,40.3,0,0,7.5,16.7,70.3,27.8,,30.8,29.3,29.8,0,0,0,0,0,0,15.2,31.7,61.6,19.4,100,0,34.6,41.9,34,40.4,25,35.7,0,61.6,14,63.9,43.4,6.5,33.3,32.4,51.8,34.1,0,0,0,0,0,0,0,29.2,49.3,14.4,0,0,31.4,34.9,0,0,0,32.7,0,0,7.5,19,52.1,19.5,0,20.6,9.3,9.6,0,0,0,0,0,0,15.4,29.8,56.4,18.1,0,0,34,42.6,33.4,30.6,0,35.3,0,56.4,13.6,58.1,39,0,31.5,30.8,53.1,32.7,,,,,,,,85,85.6,72.3,,,84.9,85.2,,,,86.5,,,100,72.7,84.8,85,,84.4,87.9,87.7,0,0,0,0,0,0,88.1,83.5,85.8,91.3,0,0,84.5,84.5,79.7,83.9,0,84.4,0,85.8,81.7,87.3,85.6,0,81.9,85.2,84.9,85.9,317.4,90.7,22.2,5.4,28.8,17.2,7.6,7.9,15.4,8.9,7.8,0.7,1.3,4.8,14.3,2,,0,0,0,0,0,0
C48880,시군구,2023,경상남도,거창군,60047,7468.9,30.9,2.9,15,170,1.8,129,159,14.4,50.8,41.1,8.5,25.6,3.9,T,804,75,81.6,F,0,0,0,0.4,3.9,0.4,0,0,0.1,0,0,0.1,0,0.4,0.4,517.9,744.4,0,0,0,517.9,43.3,119.9,41.6,101.6,8.3,25,3.3,11.7,3.3,6.7,5,8.3,5,13.3,1.7,0,0,0,0,0,8.3,8.3,181.5,328.1,78.3,0,6.7,13.3,11.7,0,0,0,100,100,99,99,98.2,100,92.6,100,100,96.2,94.5,1.9,2.3,3,2.9,0.9,2.4,9.4,1.6,100,3,2.3,100,100,2.6,2.6,2.1,68.2,0,0,0,0.2,0,0.5,0,0,31.6,39.9,11.7,23.1,65,34.7,12.1,1.2,2,0,61.7,0,0,31.8,25,91.1,40.3,,37.5,54.4,54.7,0,0,0,0,0,0,11.3,25,70.6,16.3,50,18.2,19.7,13.5,30.6,68,81.5,20.3,0,70.6,15.6,79.7,37.1,3.2,40.4,26.5,41.3,26.6,0,0,0,0,0,0,0,32.5,41.4,11.9,23.1,65.4,35.9,13.8,1.2,0,2,62.8,0,0,39.4,28.4,92.8,41.6,58.4,39.1,57.3,57.6,0,0,0,0,0,0,11.8,25.9,72.9,16.9,50,18.2,20.5,14.3,31.7,69.8,96.3,21.2,0,72.9,16.2,81.2,37.7,3.2,41.4,27.8,43.7,27.4,,,,,,,,81.6,82.8,80.8,73.7,83.4,80.1,83.5,40,,60,86.8,,,96.3,71.4,78.4,76.3,71.5,72.5,76.5,77.2,0,0,0,0,0,0,82.7,78.9,82.3,81.2,66.7,100,78.4,81.4,84.5,83.3,83.9,79.3,0,82.3,82.1,82.9,78.7,50,80.7,73.8,85.4,80.8,324.7,88.1,31.2,27.5,19,24.6,1.2,12.4,8.4,6.3,11.6,2.3,3.3,9.6,8.8,1.8,,4.7,4.7,0,0,4.7,9.4
C48890,시군구,2023,경상남도,합천군,41203,4191.1,43.5,3.8,9.6,63,1.7,136.1,190.4,8.1,51.1,56,8.1,25.3,4.7,T,983.1,52.9,60.6,F,0,0,0,0.1,1.7,0.2,0,0,0.1,0,0,0,0,0.1,0.2,327.6,796.1,0,0,0,327.6,29.1,114.1,29.1,82.5,2.4,12.1,0,9.7,2.4,2.4,2.4,2.4,2.4,9.7,2.4,0,9.7,0,0,0,14.6,12.1,77.7,235.4,80.1,0,4.9,4.9,9.7,0,0,0,77.9,99.4,85.9,59.7,58.8,98,36.5,97.7,100,42.5,38.6,6.4,7.3,27.1,84.8,11.3,15.2,26.9,85.2,97.7,84.9,25.1,92.2,97.8,87.6,87.6,15.2,76,18,45.5,16.7,10.6,1,13.8,1.5,0,14.4,13.8,6.7,4.1,15.9,34.3,2.9,3.2,0,1.7,16.2,1.5,0,6.7,19.6,50.9,25.1,,25.4,37.9,38.1,1.2,1.2,0,1.4,1.3,1.5,3.8,5.6,15.8,7.1,0,25,12.1,8.4,12.3,23,0,16.2,1.1,15.8,6.2,27,29.9,0,33.5,28.8,47.3,15.6,0,0,0,0,0,0,0,18.9,12.4,0,1.8,26.6,51.6,7.7,0,0,0,13.8,0,0,6.5,18,59.7,27.1,36.8,26.5,38.7,39,0,0,0,0,0,0,3.2,3.9,14.2,10,0,0,17.2,10.9,16.8,28.3,0,22.5,0,14.2,5.4,14.8,50.3,0,46.5,42,67.8,23.6,,,,,,,,90.3,90,,100,92.2,90,90.7,,,,90.3,,,100,91.7,89.1,89.1,88.4,87.9,89.2,89.6,0,0,0,0,0,0,98.7,90.9,90.7,88.4,0,0,91.4,90.1,91.4,89,0,91.2,0,90.7,92.9,86,88.9,0,88.9,89.7,90.4,89.6,335.9,87.4,28.7,17.8,24.1,18.5,5.7,10.7,17.2,6.6,15.8,3.9,8.2,4.5,19.1,2.4,,0,0,0,0,0,0
C50110,시군구,2023,제주특별자치도,제주시,491654,50232,16.5,2.1,22,2432,2.1,107.3,93,18.6,50.1,24,33.3,24.7,3,F,978.8,11.5,47.9,F,0,0.2,0.5,1,38.7,1.1,0.1,0.4,0.5,0.5,0.2,1,0.1,1,1.1,517.8,297.6,0,235.7,386.9,517.8,98.2,209.1,79.5,180.2,17.1,31.3,6.7,13.6,3.1,11,4.1,12.4,5.1,13.4,3.3,0.4,3.1,0,2.2,1.4,6.5,6.3,396.2,564.6,48.6,6.5,1.8,21.6,8.5,8.5,3.3,100,4.4,4.5,100,3.7,3.7,9.8,2.4,8.9,11.8,4.5,3.7,8.4,8.9,8.5,8.6,6.6,8.9,11.8,8.2,8.9,8.9,8.9,8.9,10.4,8.9,8.5,6.8,0,79.4,93.3,79.3,74.4,67.6,78.5,71.6,66.4,68.2,64.4,56.4,61.2,82.5,62.5,74.7,88.1,78.9,68.7,78.1,43.1,68,80.7,79,85.1,68,,65.5,70.9,72.8,58.3,64.7,2.6,60.8,60.2,62.1,45.3,70.8,83.1,66.2,61.5,59.2,62.3,60.2,73,79.2,7.1,72.6,71.3,83.1,45.9,81.9,76.6,80.4,57.2,65,70.2,68.2,0,83.7,95.2,80.5,78.2,82.4,81.9,78.6,76.9,64.7,68.3,86.6,73.4,92,93.5,82.9,84.1,88.4,51.5,77.2,91,91.1,97.5,79.2,81.8,78.5,85.6,87.7,70.7,78.5,2.6,72.8,71.6,75.4,52.5,84.3,94.5,78.4,84.6,83.5,73.7,73,82.9,90.8,7.1,83.7,81.2,94.5,53.4,91.3,87.9,85.3,67.1,77.2,81.2,78.9,,68.9,78.9,78.4,70.2,73.3,72.1,73.2,73.6,73.4,75.5,85.5,73,72.4,81.1,70.8,81.8,74.4,72.8,70.5,75.7,67.5,84.3,72.5,69.5,70.8,72,72.3,74,74,88,73,72.9,73.3,69.6,71.9,79.2,70.6,78.6,58.9,72.1,70.9,72.7,76.3,100,72.3,72.9,79.2,70.9,74.7,73.7,81.5,72.8,70,71.6,72.9,316.3,86,26.6,28.1,15.2,18.5,11.5,8.3,12.6,10,4.4,5,2.5,4.7,4.8,4.4,,1.2,1.2,39.7,0.9,1.6,7.9
C50130,시군구,2023,제주특별자치도,서귀포시,183598,21066.7,21.8,2.3,18.9,735,2.3,113.2,120.9,16.6,49.7,30.6,33.3,25,3.2,F,871.5,5.9,21.1,F,0,0,0.1,0.5,13.5,0,0,0.1,0.1,0.1,0,0.1,0.1,0.5,0,283.8,0,0,0,151.4,283.8,31.6,109.5,31,97,6.5,14.7,2.7,6,1.1,5.4,1.1,6.5,4.4,9.8,0.5,0,0,0,2.7,0,0,0,163.9,251.6,0,2.2,0,27.8,0,15.3,0,100,74,66,100,52.7,52.7,99.5,7.8,32.3,38.4,66,9,20.5,31.8,27.2,32.2,31.8,31.8,38.4,31.8,32.3,32.4,32.3,31.9,100,31.8,27.6,30,0,35.2,61.7,43.8,33.4,0.8,52.1,26.6,24.3,30.7,24.2,19.3,22.8,26.1,30,32.1,35.6,69.4,25.5,26.3,69.7,0.9,22.4,23.6,60.4,26.1,,9.5,3.8,4.1,53.6,23,90.5,59.6,62.5,51.2,5.7,22.2,26.9,27.3,0,12.1,17.3,12.9,16,14.4,0,41.1,3.3,26.9,8.5,40.9,46.6,66.9,38.2,18.1,32.8,23.3,0,0,33.6,0,0,28.3,30.1,32.9,25.9,20.6,24.4,27.4,31.6,40.3,37.3,28.1,73.5,27,77.6,0,25.3,22.5,64.7,27.7,0,9.3,2,2.1,59.6,27.6,98.4,66.7,70.5,55.7,5.8,24.2,28.6,30.7,0,24.2,18.1,13.9,16.3,14.6,0,44.6,1.8,28.6,9.6,43.2,49.3,71,40.6,19.8,34.9,25,,,95.6,,,83.4,83.4,82.1,93.4,88.3,90.9,91.6,89.4,79.7,91.6,88.8,95,79.4,75.2,,87.3,75.5,86.5,82.1,,78.5,92.2,92.1,75.2,69.8,77.2,76.2,76.3,75.8,95.9,85.7,93.1,66.1,0,100,82.9,78.1,91.8,86,0,78.4,90,93.1,91.1,81.5,81.6,95.3,87.2,84.6,77.6,86.8,302.3,81.5,24,25.5,13.7,20.4,10.8,8.2,13.3,8.7,3,3.2,2.9,2.7,6.7,2.7,,2.8,2.8,0,0,2.8,20.8
C51110,시군구,2023,강원특별자치도,춘천시,286426,25655.9,20.5,2.1,21.2,1326,1.3,110.8,117.8,15.7,50.6,28.8,20.1,21.5,3.9,T,1116.4,32,83.3,T,0,0.2,0.2,0.4,15.9,0.7,0.1,0.2,0.2,0.2,0.1,0.4,0.1,0.4,0.7,516.4,379.2,0,362.4,362.4,516.4,174.9,272.3,120.1,210.2,29,43.6,4.9,9.1,2.8,13.6,7,15.4,8,16.8,4.2,0.7,9.4,0,3.1,0.7,6.6,5.9,525.8,639.6,41.5,9.1,2.1,27.6,7.7,14,2.4,0.5,0.1,0.1,0.1,0.1,0.1,0.9,0,0.8,2.8,0.1,100,0.4,0.6,0.8,0.8,0.3,0.6,2.2,0.4,0.8,0.7,0.8,0.8,1,0.8,0.9,0.4,57.8,86.1,88.5,88.1,80.7,79.7,79.1,78.1,77.8,75,72.5,58.3,63,79.1,59.4,85.7,88.3,87.3,78.1,80.9,78.7,69.2,88,84,95.2,73.8,,71.2,75.1,75.9,75.5,75.4,87,71.6,66.6,77.8,48,72.1,88.3,76.7,95.2,47.5,61.4,49.8,54.6,71.9,94.6,77.4,80,88.3,36.6,89.3,77.2,87.3,59.2,71,72.2,71.7,0,86.2,87.8,88.1,80.8,79.1,80.9,76,73.8,58.8,63.1,79.2,60.3,89.1,88.5,79.6,87.3,81.3,81.3,69.2,88.9,86.8,95.8,74.8,70.6,72.1,75.4,76,77.9,77.8,87,73.5,68,80.3,49,73.5,89.7,78.8,97.6,47.5,62.2,50.5,55.4,72.6,95.4,78.5,81,89.7,37,90.3,78.2,87.3,59.5,72.2,72.6,72.8,,60.3,71.9,61.6,62.4,62.4,62.4,62.8,62.5,62.7,69.1,64.9,62.7,61.5,65.2,55,73,66.9,62.8,50.1,65.2,54.1,84.7,63.4,65.8,66.2,69.3,69.5,65.7,65.6,73.4,63.7,63,64.4,64,58.1,63.1,59.5,60,69.1,62.2,65.6,60.1,64.4,59.9,64.4,62.9,63.1,59.2,68.2,61,72,63.9,62.3,58.8,65,309,73.2,28.9,24,27.2,17.4,4.4,10.1,9.5,6.5,1.2,5.5,2.7,4.2,3.2,2.3,,0.8,0.8,0,0,1.5,3.7
C51130,시군구,2023,강원특별자치도,원주시,361503,41634.1,17.8,2.1,21.7,1912,1.4,104.2,97.5,16.7,50.5,26.3,19,21.9,3.1,T,868.3,24,89.9,F,0.1,0.1,0.2,2.3,25.5,0.8,0.1,0.1,0.3,0.2,0.1,0.7,0.1,2.3,0.8,867.8,265.3,236,236,300.7,867.8,149.4,232.6,103.7,179.3,24.9,37.3,7.5,13,3.6,10.5,4.4,13.6,11.6,15.8,3.6,0,3.6,0,4.1,0,5,4.4,530.8,641.5,31.3,6.9,1.1,58.9,3.6,21.9,0.3,0,0,100,100,0,0,0.9,0,0.6,2.5,0,0,0.1,0.1,0.4,0.9,0.1,0.2,1.9,0.2,0.6,1,0.1,0.4,0.7,0.1,0.6,0.1,89.5,89.1,80.1,70.5,70.6,69.7,73.2,71.8,67.7,76.8,79,62.7,60.1,70,85.2,80.6,86.2,49.3,75.8,72.3,82.3,78.3,85,66.7,93.6,75.1,,77.2,72.6,73.3,75.1,78.8,9.6,70.2,64.4,78.5,60.7,86,86.3,85,91.3,91,83.9,80,77.6,77.6,88.9,72.6,58.2,86.3,81.2,83,88.7,58.1,83.3,79.9,88.3,72.6,77.5,89.1,79.6,70.5,70.6,72.8,70.1,77.5,79.7,63.6,60.6,70.1,86.2,83.8,86.4,77.5,49.3,72.2,83.7,80,85.3,69.5,93.8,75.6,65.3,77.8,72.2,72.9,76.4,80.1,10,72,66.3,80.4,61.4,86.6,87.2,86.6,91.3,93.4,85,81.2,77.6,78.3,88.9,73,58.5,87.2,81.5,83.4,89.4,58.1,84.4,80.4,89,73.1,46.4,46.4,60.8,48.3,46.4,50.5,46.4,54.1,52.5,53.8,49.1,66.4,58.6,52.9,62,40.9,67.1,49.3,51.6,55.6,67.2,56.9,81.4,55.1,62.4,51.5,61.4,61.4,51.7,51.8,41.1,50.9,48.5,54.2,47.3,48.4,61.8,50.4,35.6,68.6,49,48.4,49.7,51.1,75.5,58.1,46.2,61.8,64.6,69.5,53.4,62.8,63.3,62.9,62.6,56.5,325.6,85.3,40,29,32.9,16.6,4.3,8,6,6.8,3.9,13.2,4.8,5.1,4.5,1,,1.6,1,0,0,3.1,9.2
C51150,시군구,2023,강원특별자치도,강릉시,209439,20122.4,24.7,2.4,18.4,860,1.2,107.4,100.7,13.7,50.5,34.2,15.1,23.8,3.6,T,1040.8,28.6,87.7,F,0.1,0.2,0.4,0.5,11.6,0.2,0.1,0.2,0.3,0.3,0.1,0.5,0.1,0.5,0.2,775.4,107.4,357.1,569.1,729.1,775.4,144.2,227.3,125.6,203.4,26.3,40.6,12.9,17.7,4.3,15.3,5.3,11.9,9.1,14.3,4.3,0.5,5.7,0,1.9,0,3.3,2.9,666.1,763.5,14.8,5.7,1,18.6,1.4,7.6,0,0,0.3,100,100,0.2,0.1,0.5,0,0.5,2.9,0.1,0.1,0.5,0.5,0.5,1,0.2,0.5,1.2,0.3,0.5,0.8,0.8,0.7,0.7,0.5,0.7,0.4,82.5,90.1,77.8,76.5,80.8,78.3,80.3,77.6,76.7,71.6,71.8,64.2,57.8,81.2,65.9,82.7,87.8,76.1,77,74.5,13.8,60,81.9,61.8,95.1,67.5,,64.7,50.5,49.6,10.7,10.8,0,9.4,5.8,14.1,63.6,78.1,83.9,63.8,42.9,80.2,68.9,73.8,78.8,85.9,71.4,75.4,67.6,83.9,30.2,82.3,78.5,71.5,41.9,60.6,73.6,76.7,81.8,90.7,75.9,76.5,80.7,79.7,80.9,73.3,73.5,66.8,58.4,82,66.3,87.2,88.4,79.6,76.7,77.7,14.4,60.5,85.4,61.8,94.7,68.7,35.5,65.6,48.6,47.5,10,10.1,0,8.5,4.4,13.9,65.8,80.3,87.2,66.4,42.9,80.2,70.9,75.7,81.1,89.1,71.4,77.3,71.3,87.2,29.8,83.9,79.4,72,41.4,60.2,73.2,78,40.5,40.5,45.6,39.6,45.2,46.9,45.2,46.9,45.3,41.2,39.8,40.7,57.6,47.5,53.7,44.6,47.7,46.7,79.7,37.7,48.2,41.7,87,48.1,78.3,46.9,70.7,71.5,79.7,79.7,0,82.9,83.8,82.6,37.8,48.8,52.7,44.6,33.3,62.1,45.9,42.6,47.4,48.2,55.6,49.4,41.9,52.7,59,55.5,56.7,44.7,52,51.7,58.9,48.4,329.1,82.2,23.1,29.3,22.8,18.1,14.7,11,11.8,9.8,4.8,2.9,2.1,3,5.4,2.7,,1.2,0,0,0,1.2,8.4
C51170,시군구,2023,강원특별자치도,동해시,88625,49152.1,23.5,2.7,17.5,354,1.3,102.8,105.6,15.4,49.2,32.8,15.6,23.7,3.6,F,180.3,0,100,F,0,0.6,1.1,1.7,27.2,1.7,0,0,1.1,1.1,0,1.1,0,1.7,1.7,762.8,540.5,0,347.5,639.8,762.8,42.9,123,40.6,112.8,5.6,18.1,3.4,7.9,4.5,10.2,1.1,5.6,5.6,11.3,0,0,2.3,0,1.1,1.1,12.4,12.4,285.5,399.4,75.6,2.3,4.5,22.6,14.7,6.8,6.8,0,26.4,100,100,15.2,0,0,0,0,2.2,2,0,0,0,0,0,0,0,0,0,0,0,0,0,0,0,0,0,73.1,60.2,90.8,38.6,61.9,20.5,64.5,28,9.1,33.6,33.8,11.2,2,11,59.6,27.8,66.4,7,34.3,25.6,36.1,30.5,54,36.8,95.7,40.7,,46.4,66.9,65.9,51.8,52.7,0,47,40.7,58.5,3.5,24.4,42.9,21.7,0,53.6,36.9,25.6,29.5,30,100,23.9,0,42.9,48.6,63,66.6,5.1,63.7,55.7,69.1,47.4,0,0,87.4,0,20.5,21,0,27.2,30.3,9.4,0,4.8,56.2,11.4,65.3,32.6,0,11.5,34.4,30.5,50.4,12.3,95.7,35.7,64.8,44.6,66.2,65.2,51.1,52,0,46.6,40.1,58.5,2.9,20,33.9,18.1,0,10.7,34.5,24,27.8,25.4,0,20,0,33.9,43,48.3,60.9,0,58.8,52.8,62,45.1,,,58,,64.3,60.7,,57.3,54.4,75.3,,63,66.6,85.9,66.6,87.4,,72.2,36.8,48.1,50.4,87.5,70.3,54.2,50.3,54.4,49,48.5,45.5,45.5,0,44.1,34.6,66.9,64.7,51.8,80.7,63.9,0,100,61,51,57.9,74.5,0,64.7,0,80.7,59.5,78.1,81.9,0,55.7,61.8,76.4,61.2,343.4,93.7,27,19.4,20.4,26.1,18.6,11.6,14.3,7.3,8.4,6.4,4.9,4.1,3.1,2,,5.6,0,0,0,0,13.9
C51190,시군구,2023,강원특별자치도,태백시,38702,12754.5,29.2,3.8,15.6,93,1.4,99.8,152.9,13.5,49.7,39.3,13.1,25.5,4.4,F,303.4,0,100,F,0,0,0.3,0.7,7.3,0,0,0,0.3,0.3,0,0.7,0,0.7,0,793.2,0,0,0,638.2,793.2,62,134.4,62,113.7,10.3,15.5,7.8,12.9,10.3,18.1,2.6,10.3,5.2,7.8,0,0,2.6,0,2.6,0,0,0,428.9,519.4,0,7.8,0,36.2,0,5.2,0,43.2,100,100,100,100,99.8,100,0,0.7,100,100,99.8,0.1,0.1,0.7,100,15.3,0.1,1.4,0.1,0.7,0.7,100,0.7,0.7,100,100,0.1,2.6,0,0,0,0,0,28.2,28,0,27.8,30.1,9,4.1,0,41.1,13.1,1.1,0,19.7,11,10.3,66,5.8,27.3,85.2,23.2,,24.9,20.9,21.7,5.9,6.1,0,6.8,5.1,9.6,7.4,29.8,16.3,18.6,0,0,32.8,26.1,17.9,16.9,0,28.7,4.7,16.3,19,37.5,44.8,0,35.6,43.8,49.2,33.4,0,0,0,0,0,28.1,0,27.9,30.2,9,4.1,0,41.2,13.3,1.1,19.7,0,11,10.3,66,5.8,27.3,85.2,21.1,0,21,6.6,7.2,5.8,6,0,6.6,4.7,9.6,7.5,29.9,16.7,18.6,0,0,32.8,26.1,17.9,16.9,0,28.9,4.7,16.7,19,37.5,45.3,0,35.6,44,49.7,33.7,,,,,,80.6,,81.7,80.8,77.4,100,,83.7,84.6,50,88,,81.8,87.5,73.6,100,100,76.4,81.7,,80.6,85.8,85.8,87.5,87.5,0,83.8,87.5,81,86.1,82.3,83.2,92.3,0,0,84.9,74.1,85.7,72.8,0,82.2,100,83.2,82.3,81.8,81,0,83.5,83.5,81,84.7,374.2,85.2,34.5,32.5,21.6,24.6,12.2,7.1,10.2,5.7,4.5,3,3.2,3.8,2.6,1.9,,0,0,0,0,0,10.9
C51210,시군구,2023,강원특별자치도,속초시,82054,77589.7,22.5,2.1,18.3,338,1.4,100.4,119.5,14.5,50.5,32.3,17.5,25,4.4,F,105.8,0,100,F,0,0,1.9,1.9,61.5,1.9,0,0.9,1.9,1.9,0,0.9,0,1.9,1.9,580.1,343.7,0,0,580.1,580.1,50,141.4,47.5,132.8,7.3,25.6,2.4,11,3.7,11,2.4,9.7,4.9,11,1.2,0,3.7,0,1.2,0,7.3,7.3,209.6,337.6,57.3,7.3,2.4,17.1,2.4,2.4,0,0,95.3,100,100,84,84,100,0,0,0,100,100,0,0,0,0,0,0,0,0,0,0,0,0,0,0,0,0,67.2,4.7,28.6,25.5,23.2,0,51,37.1,12.6,33.5,40.1,19.1,9,6.2,63.4,30.3,5.6,15.9,46.9,36.6,12.1,68.1,72.2,54.5,95.1,38.5,,41.6,63.8,63.3,8.5,8.5,,13.4,8.8,22.8,8.5,29.1,61.8,17.5,0,0,40.2,28,37.2,42.1,100,43.4,0,61.8,34.4,64.2,68.6,17.2,42,42,69.8,31,0,0,17.9,0,0,37.1,12.6,33.5,40.1,19.1,9,6.2,63.4,30.3,5.6,46.9,15.9,36.6,12.1,68.1,72.2,54.5,95.1,38.5,58.4,41.6,63.8,63.3,8.4,8.4,0,13.3,8.8,22.6,8.5,29.1,61.8,17.5,0,0,40.2,28,37.2,42.1,100,43.4,0,61.8,34.4,64.2,68.6,17.2,42,42,69.8,31,,,83.3,,,54.5,53.5,54.5,56.7,54.7,66.3,66.1,54.1,50.4,65.5,59.1,63,62.5,60.6,37.3,53.6,80,48.1,54.5,54.7,56.2,56.1,55.1,60.6,60.6,0,67.6,61.1,73.7,60.1,51.4,54.9,55.4,0,0,60,57.3,60.5,55.6,33.3,52.3,0,54.9,57.6,56.5,58.8,64.5,53,53.2,56.7,55.2,336.9,86,32.5,19.2,33.2,19.2,5.4,16.5,7.5,9.9,1.1,6.1,3.5,2.2,1.7,0.3,,3.2,0,0,0,0,6.5
C51230,시군구,2023,강원특별자치도,삼척시,62651,5274.4,28.8,3.1,15.9,255,1.4,115.6,127.1,12.8,49.2,39.2,13.5,24.1,4.2,T,1187.8,66.7,70,F,0,0,0.1,0.2,2,0.1,0,0.1,0.1,0.1,0,0.1,0.1,0.2,0.1,399,127.7,0,0,236.2,399,51.1,108.5,49.5,89.4,6.4,11.2,6.4,16,4.8,6.4,1.6,8,6.4,8,1.6,0,0,0,1.6,0,3.2,3.2,229.8,288.9,8,3.2,0,11.2,1.6,1.6,0,1.6,100,100,100,100,5.1,28.6,1.9,9.5,28.5,91.1,5.1,3,3.6,4.7,11.5,7.6,3.6,24.7,2,9.5,4.8,11.7,9.5,15.4,15.9,16.4,3.1,66,0.1,68.6,0,7.1,4.3,40.7,33.3,29.8,36.5,35.9,18.4,26.3,37,38.3,41.1,57.6,65,13.8,35.9,24.6,19.1,43.8,72.9,78.9,36.4,,33.2,42.1,42.5,23.8,23.9,0,22,24.2,17.6,6.7,34.3,46.8,36.3,50,73.6,30.2,24.9,28.9,41.2,60.5,35.5,0,46.8,33.9,57.8,57.2,62.6,40.1,36.6,57.2,34.3,0,0,11.8,0,0,35,38.9,37.7,37.9,21.5,29.4,41.6,37.6,53.3,41.6,15.3,73.2,39.2,9.5,0,36.2,80.6,50.8,31.7,7.7,25,18.6,18.8,5.1,5.1,0,5.3,2.3,11.5,8.1,39.2,56.4,41.4,50,89.2,29.9,23.2,28.8,46.8,84.2,38.2,0,56.4,30.5,63.9,61.3,69.9,30.9,31.4,63.1,31,,,66.7,,,70.9,70.9,74.3,85.7,78.7,80,71,83.2,66,84.8,81.3,91.3,67.5,76.8,,83.9,71.6,99.9,72.1,45.6,76.2,58.3,60,75.4,75.4,0,77.8,66.7,83.3,81.9,81.8,80.9,86.2,100,89.8,84.8,88.5,84.7,85.9,94.1,77.8,0,80.9,72,69.8,71.1,91.2,73.6,79.8,71.2,80.5,318.7,72,29.9,24.5,22.3,19.1,11.6,6.6,13.3,7.2,6.3,8.5,9.9,3.2,3.4,2.2,,0,0,0,0,3.6,14.3
C51720,시군구,2023,강원특별자치도,홍천군,67309,3697.1,31.6,2.8,13.9,245,2,108.3,119.5,11.5,48.5,43.8,11.7,22.2,2.9,T,1820.6,90,67.9,F,0,0,0.1,0.2,1.6,0.1,0,0,0.1,0.1,0,0.1,0,0.2,0.1,369.9,317.9,0,0,200.6,369.9,63.9,139.7,60.9,121.8,8.9,16.3,3,8.9,1.5,4.5,1.5,3,8.9,13.4,0,0,3,0,1.5,0,4.5,4.5,156,257,34.2,3,1.5,7.4,1.5,0,0,0,21.8,20.4,20.4,18.8,18.8,86.9,5.9,16.5,100,18.2,76.4,12.3,14.2,16.3,87.5,83.8,14.2,25.4,32.3,16.4,16.9,16.1,82.7,87.2,16.4,35.5,13.9,61.1,48.8,63.6,68.5,44.1,2.7,53.9,20.8,0,17.8,32.5,9.3,2,2.5,11.6,18.4,21.6,8.2,26,14.9,1.8,3.2,31.6,14.3,70,21.2,,30.3,45.5,45,3.6,4,0,3.6,3.6,3.8,10.8,14.5,40.6,12.8,0,0,34.3,27.2,38.4,45.1,6.7,20.8,2.9,40.6,5.6,53.3,15.4,7.1,13.8,16.4,26.1,35.4,0,0,0,0,0,21.8,0,18.1,35.4,9.5,1.6,0.4,11,24.3,1.2,27.2,4.7,16.4,0,0,28.1,11.4,78.6,21.6,34.1,29.4,47,44.5,0,0,0,0,0,0,10.1,12.8,47.1,12.6,0,0,36.5,29.6,40.6,51.8,0,21.8,0,47.1,5.7,59.9,15.8,4.1,12.2,17.2,29.8,39.7,,,0,,,78.6,,77.8,78.2,72.4,87.5,66.7,75.9,77.6,75,79.4,100,81.8,,,57.1,50,89.3,69.6,58.1,69.7,63.4,61,0,0,0,0,0,0,77.7,74.1,78.1,80.7,0,0,80.9,80.6,78.5,78.4,0,79.7,0,78.1,77.8,80.8,78.8,100,81.5,79.2,83.4,80.3,356.4,89.7,25.3,33.6,36.9,20,24.5,6.8,15.4,6.5,3,6.4,2.3,3.5,4.2,0.7,,0,0,0,0,3.6,3.6
C51730,시군구,2023,강원특별자치도,횡성군,46359,4645.2,34.6,2.7,12.5,120,2.4,108.5,144.2,11.3,48.6,47.8,10.9,22.4,2.9,T,998,77.8,66.9,F,0,0,0,0.1,1.2,0.1,0,0,0.1,0,0,0,0,0.1,0.1,224.3,151,0,0,0,224.3,19.4,64.7,15.1,49.6,4.3,12.9,0,8.6,0,4.3,0,6.5,2.2,4.3,0,0,0,0,0,0,2.2,2.2,19.4,92.8,8.6,0,0,6.5,6.5,0,0,0,6.9,98.3,98.3,5.7,5.7,41.2,5.4,38.6,64,2.5,5.6,12.1,12.2,36.6,41.4,33.6,12.2,31.3,30.4,38.6,38.2,12.4,22,40.5,38.1,12.5,13.4,76.5,74.5,82.6,78.6,53.3,30.2,53.2,30,12.5,46.5,41.4,20.8,34.4,38.6,42.4,28.3,60.8,0,33.1,56.2,54.7,37.7,24.2,43.2,74.6,43.6,,36.8,40.2,40.2,43.3,43.3,,49.6,50.6,48.9,28.1,52.9,59.8,52.6,0,40,43.1,43.3,58.4,44.5,100,54.6,24.3,59.8,45.3,57.3,58.7,25,49.6,46,52.1,41.9,0,0,0,0,0,0,0,21.2,13.1,0,0,0,4.7,23,0,0,0,44.6,0,0,12.1,37.8,59.9,18.6,2.4,8.1,23,23.8,0,0,0,0,0,0,5.7,31.2,46.1,11.2,0,20,8.2,10.4,40.7,22.9,0,36,0.4,46.1,13.9,42.2,25.7,0,23.9,20.6,21.6,21.1,,,,,,,,85,83.7,,,,86.8,87.2,,,,83.2,,,100,82.4,87.7,65.2,4.7,59.7,89.9,89.5,0,0,0,0,0,0,87.2,82.9,87.1,84.7,0,100,87.3,86,82.4,92.4,0,87.5,100,87.1,85.6,87.7,87.6,0,88.7,87.3,87.7,83.8,300.9,90.8,37,22.1,28.7,16.9,2.9,8.4,9.5,5.3,2.2,11.4,2.9,3.6,6.8,0.3,,0,0,0,0,0,7.5
C51750,시군구,2023,강원특별자치도,영월군,37332,3311.3,34,3.2,12.8,98,1.6,109.4,144.6,10.7,48.3,46.5,11.5,25.5,3.2,T,1127.4,88.9,82.3,F,0,0,0.1,0.2,0.9,0.1,0,0,0.1,0.1,0,0.1,0,0.2,0.1,616.1,208.9,0,0,492.9,616.1,58.9,109.8,58.9,93.8,10.7,18.8,5.4,13.4,5.4,5.4,5.4,5.4,5.4,10.7,0,0,0,0,2.7,0,5.4,2.7,257.2,329.5,5.4,5.4,2.7,16.1,2.7,0,0,3.6,99.3,100,100,99,99,100,0.2,7.9,51.1,97.2,4.1,5.5,6.2,7.8,100,9.5,6.3,15.4,6,7.9,17.8,8,99.9,99.9,8,33.5,6.3,50.6,1.6,50,0,1,0,45.3,39.5,2.3,34.1,45,37.3,0,31.8,37,25.6,21.4,0,45,38.9,0,0,73.9,13.6,74.7,30.6,,28.5,19.8,18.7,13.3,13.5,0,7.9,1,11,10.6,32.6,47.7,21,0,69.6,32.7,34.4,31.6,42.9,82.4,34.6,0,47.7,23.2,64.4,41.4,0,22.4,35.1,36.9,38.7,0,0,0,0,0,20,0,17.2,29.7,10.4,0,10.2,20.4,15,0,29.9,0,25.2,0,0,43.5,13.6,30.7,14.1,1.6,19.4,6.8,7,0,0,0,0,0,0,8.1,21.7,29.3,5.5,0,45.6,25.7,32,20.8,26.6,11.8,20.2,0,29.3,2,44.8,14.5,0,12.2,22.7,17,25.1,,,,,,68.7,,68.4,67.8,61.3,,78.8,70.9,70.2,,65,,76,,,90.9,75,72.6,67.3,40.3,67.7,65.1,65.2,0,0,0,0,0,0,78.7,67.8,66.9,62.8,0,66.7,64.1,67.6,65.8,67.9,100,67.3,0,66.9,90,72,72.1,0,69.1,69.5,75.7,69.2,367.9,88.7,55.8,27.4,23.2,18.1,3.7,2.2,5.3,7.6,6.8,8.3,4.3,5.8,9.7,3.7,,0,0,0,0,0,0
C51760,시군구,2023,강원특별자치도,평창군,40659,2776.8,33.2,2.6,12.6,84,1.8,104.8,140.8,9.9,48.2,46.2,11.5,24.2,2.4,T,1464.3,100,63.2,F,0,0,0,0.1,1,0.1,0,0,0.1,0,0,0,0,0.1,0.1,49.2,305,0,0,0,49.2,24.6,78.7,24.6,61.5,2.5,9.8,2.5,12.3,0,4.9,2.5,2.5,0,0,0,0,2.5,0,0,0,7.4,4.9,22.1,110.7,36.9,0,0,2.5,4.9,0,0,0.3,65.2,100,100,63.5,63.5,96,35.6,88,100,54,43.3,47,80.3,88,97.3,96.3,88,64.4,94.8,80.3,95.4,87.7,99.7,99.7,95.4,89.6,88,71,27,18.2,21.4,25,0.7,26.5,0.8,0,0.8,1.7,0,0.4,1.1,0.5,0,0,5.3,0.9,2.1,0,0,0,0,0.1,5.7,,8.7,24.5,25.1,0,0,0,0,0,0,1.4,1.2,1.2,0.2,0,0,1.4,1.3,0.9,1,0,0.7,0.7,1.2,1,0.4,0.2,3.7,0.9,1.3,0,1.5,0,0,0,0,0,0,0,0,0,0,0,0,0,0,0,0,0,0,0,0,0,0,0,6.5,29,10.2,35.9,37.1,0,0,0,0,0,0,0,0,0,0,0,0,0,0,0,0,0,0,0,0,0,0,0,0,0,0,0,0,,,,,,,,,,,,,,,,,,,,,,,,64.4,64.4,81.3,86.2,85.9,0,0,0,0,0,0,0,0,0,0,0,0,0,0,0,0,0,0,0,0,0,0,0,0,0,0,0,0,305,77,16.7,29.2,27.3,13.5,20.3,5.8,9.2,5.7,1.9,8.9,6.5,5.9,6.2,0.4,,0,0,0,0,10.8,10.8
C51770,시군구,2023,강원특별자치도,정선군,34202,2803.9,32.9,3.3,12.7,83,2.1,105.5,143.1,10.4,47.8,45.4,12.3,26.4,3.1,T,1219.8,88.9,74.2,F,0,0,0,0.2,0.7,0,0,0,0.1,0.1,0,0,0,0.2,0,570.1,0,0,0,0,570.1,38,84.8,29.2,46.8,5.8,8.8,2.9,8.8,0,0,5.8,5.8,2.9,2.9,0,0,0,0,0,0,0,0,216.4,298.2,0,5.8,0,5.8,0,0,0,32.4,99.9,100,100,99.9,96.3,100,48.2,80.5,100,95.1,83.4,12.8,16.1,79.4,100,53.4,60.7,59.2,57.4,35.8,80.5,46.1,89.8,89.8,90.7,100,53.6,40.9,0,0,0,0.9,0,8.6,2.4,0,7.8,14.4,7.3,0,0,3.7,1.1,0,0,1.4,5.4,0.3,29.7,1.9,2.9,51.1,6.4,,8.1,3.1,3.3,0.1,0.2,0,0.3,0,0.8,2.8,9.2,4.9,14.9,0,3.3,10.1,13.3,5,4.9,0,12.2,7,4.9,0.7,9.8,5.5,0,15.7,9.8,14.1,5.8,0,0,0,0,0,0,0,10.4,22.6,5.4,0,0,1.6,0.3,0,0,0,27.2,0,0,0,2.9,42,8.4,0,13.3,2.9,3.1,0,0,0,0,0,0,2.1,12.1,3.1,23,0,0,16,20.6,7.5,3.7,0,17.4,34.1,3.1,0.5,5.3,2.5,0,26.8,16.5,19.8,6.8,,,,,,,,65.7,65,84.4,,,75,100,,,,81.8,,,,100,89.3,65.7,,66.9,68.8,68.8,0,0,0,0,0,0,80,75.4,95.2,69.9,0,0,71.3,67.2,92.2,52.9,0,65.1,100,95.2,28.6,81.3,39.1,0,69.3,60.8,93.6,55.9,404.8,95.1,47.2,23.2,26.7,35.7,5,5.5,23.6,7.3,1.4,6.9,1.8,5.5,23.9,8.5,,10.4,0,0,0,0,0
C51780,시군구,2023,강원특별자치도,철원군,41448,4656.4,26.8,2.6,16,211,1.9,111.5,136.1,14.3,48.2,36.7,9.9,22,3.5,T,890.1,27.3,95.6,T,0,0,0,0.1,1.8,0.1,0,0,0.1,0,0,0.1,0,0.1,0.1,176.1,439.1,0,0,0,176.1,21.7,79.6,21.7,65.1,2.4,7.2,0,7.2,4.8,9.7,2.4,2.4,2.4,4.8,0,0,0,0,0,0,7.2,7.2,57.9,132.7,29,0,4.8,2.4,2.4,0,0,24.4,100,100,100,100,100,100,71.5,100,100,100,100,1.5,1.5,99.7,1.5,1,1.5,12.3,1,100,1.5,1.5,100,100,1.5,100,1.5,22.2,0,13.8,0,0,0,1.5,0,0,13.8,31.8,0,15.4,0.3,13.3,13.9,13.3,15.9,0,17.7,0,0,35.5,2,64.2,26,,38.8,62.3,59.9,0,0,,0,0,0,8.3,16.9,18.4,7.9,0,0,30.7,26.3,21.7,39.7,0,8.6,0,18.4,1.8,37.4,19.5,15.2,25.9,8.5,20.4,19.8,0,0,10.3,0,0,0,0,14.2,32.6,0,15.7,0.3,13.7,15,13.3,0,15.9,18.8,0,0,35.5,2,67.4,28.2,57,40.8,70.9,70.1,0,0,0,0,0,0,8.6,17.2,19.4,7.9,0,0,31.1,26.9,22.2,41.2,,8.7,0,19.4,2,38.7,19.5,15.2,26.5,8.8,21.1,21,,,60,,,,,85.7,86.3,,84.6,100,83,84,82.4,,90.3,87.1,,,84.6,100,82,85.3,85.1,85.3,83,82.9,0,0,0,0,0,0,86.3,84.2,90.7,93,0,0,88.1,88.4,83.4,88.6,0,78.2,0,90.7,90,84.7,85.9,90.3,81,91.5,85.5,87.4,370.5,62,31.7,26.9,21.5,9.8,25.6,14.6,11,8.6,2.5,5.8,5.6,11.7,10.1,2.2,,13.2,4.4,0,0,8.8,13
C51790,시군구,2023,강원특별자치도,화천군,23007,2530.8,26.7,2.5,15.3,128,1.8,119.3,146.8,13.4,46.4,36.7,7,21.3,3.1,T,909.1,100,81,T,0,0,0,0.1,0.7,0,0,0,0.1,0,0,0,0,0.1,0,69.5,0,0,0,0,69.5,34.8,82.6,34.8,73.9,0,4.3,13,26.1,4.3,4.3,8.7,21.7,0,0,0,0,0,0,0,0,0,0,73.9,108.7,0,0,0,4.3,0,0,0,88.7,41.5,41.9,41.9,41.9,40.3,89.9,40.3,90,98.4,41.9,100,27.1,89.1,89.7,89.7,95.9,89.1,34.2,94.1,90,89.4,89.6,87.8,91.5,89.6,90,89,2.9,38.7,42.9,43.5,36,6.8,34.8,6.5,1.3,7,7.2,8.5,1.2,0,5.8,1.9,0,0,9.5,4.4,16.8,0,0,10,8.4,7.1,,6.3,11,11.2,13.1,13.1,0,12.6,21.7,1.9,4,7,6.6,10.5,33.3,0,7.7,6.1,3.1,6,5.3,6.5,11.6,6.6,4.4,6.4,5.4,0,8.5,8.2,12,11.3,0,0,0,0,0,0,0,0.1,0,1.1,0,0,0,0,0,0,0,0,0,0,0,0,0,0.1,0,0,0,0,0,0,0,0,0,0,0,0,0,0.2,0,0,0,0,0,0,0,0,0,0,0.6,0,0,0,0,0.4,0.7,0,,,,,,,,85.7,,80,,,,,,,,,,,,,,85.7,,0,0,0,0,0,0,0,0,0,0,0,0,100,0,0,0,0,0,0,0,0,0,0,100,0,0,0,0,100,100,0,307.8,69.6,40.1,12.5,32.5,14.1,3.6,4.5,22.7,9.2,0.6,9.9,,8.1,4.1,1.4,,0,0,0,0,0,0
C51800,시군구,2023,강원특별자치도,양구군,21056,3180.7,25.1,2.3,16.6,116,2.3,114.6,122.8,15.7,47.5,35.2,9.6,20.9,4.2,T,662,80,84.1,T,0,0,0,0.5,0.8,0,0,0,0.2,0,0,0.2,0,0.5,0,755.1,0,0,0,0,755.1,38,85.5,33.2,52.2,4.7,9.5,4.7,9.5,4.7,4.7,4.7,9.5,9.5,9.5,0,0,0,0,0,0,0,0,104.5,161.5,0,0,0,19,0,0,0,99.8,40,44.4,44.4,44.4,36.5,99.9,36.5,100,100,44.4,100,6.3,6.3,92.8,100,100,6.3,12.3,4,100,6.4,100,99.8,100,100,92.8,6.3,0,38.6,22.2,67.7,41.5,0,39.8,0,0,18.2,23.4,2.8,3.2,17.8,41.6,9.6,0,0,0,10.2,0,0,21.7,35.7,85.6,15.3,,17.4,8.6,9.2,0,0,0,0,0,0,3.1,16.9,34.8,15.3,0,0,32.9,28.1,31,24.2,0,23.8,0.7,34.8,23.6,32.2,30.2,0,51.2,37.6,61,19.4,0,0,0,0,0,0,0,20.1,26,3.2,3.2,18.6,45.5,12,0,0,0,10.2,0,0,26.1,42.9,85.6,16.9,0,19.3,9.5,10.3,0,0,0,0,0,0,3.4,19,40.3,16.5,0,0,35.1,31.6,33.1,26.1,0,25.7,0.7,40.3,25.5,34.5,31.3,0,53.8,43.3,64.3,22.1,,,,,,,,75.9,72.4,66.7,100,52.3,81.1,90.5,,,,68.4,,,100,100,81.3,75.9,,73,79.2,78.7,0,0,0,0,0,0,44.2,81.5,90.3,93,0,0,69.3,69.6,88.2,86.3,0,78.9,100,90.3,91.3,85.7,86.4,0,76.1,86.1,83.6,77.1,323.3,46.1,26.9,12.4,52,18.6,0.8,4.3,35,5.1,1,13.5,,2.9,10.1,4.6,,0,0,0,0,0,30.3
C51810,시군구,2023,강원특별자치도,인제군,32020,1945.1,23.8,2.3,16.1,198,1.7,106.9,111,14.3,45.6,34.1,8.1,20,2.8,T,1646.2,100,77.4,T,0,0,0,0.1,0.2,0.1,0,0,0,0,0,0,0,0.1,0.1,131.2,231.1,0,0,0,131.2,15.6,50,15.6,28.1,0,3.1,3.1,6.2,3.1,6.2,3.1,3.1,3.1,3.1,0,0,0,0,0,0,0,0,6.2,56.2,3.1,0,0,9.4,0,0,0,6.6,100,100,100,100,100,100,26,91.7,100,100,100,21.7,83.7,21.9,97.2,97.7,21.9,99,90.7,91.7,85.2,91.7,96.9,96,91.7,22,87.3,21.5,0,0,0,0,0,5.5,0.9,0,8.7,1,9,1.1,0.7,31.1,0,0,0,0.7,13.3,0,2.4,2.8,33.3,5.9,7.5,,7.9,1.6,1.8,0,0,0,0,0,0,3.2,4.6,7,1.5,0,0,9.4,8.4,22.3,4.5,0,10,0.8,7,3.4,10.3,15.2,0,38.4,22.2,34,11.6,0,0,0,0,0,0,0,9.1,0,10.4,0.7,0.7,33.5,0,0,0,0,14.8,0,0,0,37,0,7.5,0,8.3,0.1,0.1,0,0,0,0,0,0,3.1,4.9,6.7,0.8,0,0,9.4,8.7,24.4,4.5,0,10.8,0.8,6.7,2.7,11,16,0,42.2,23.2,38,12.2,,,,,,,,90.3,,91.2,100,75,90.1,,,,,93.8,,,,90.9,,90.3,,86.5,50,50,0,0,0,0,0,0,100,82.2,93.2,100,0,0,91.8,89.8,84.5,90.9,0,93,100,93.2,88.9,82.1,73.6,0,90.8,94.3,91.1,89.2,332.3,65.4,28.6,19.2,34.4,15.6,4.8,9.4,14.1,4.3,1.2,4.7,2.5,,10.2,2.2,,0,0,0,0,4.7,14
C51820,시군구,2023,강원특별자치도,고성군,27305,4132.3,32.1,2.8,13.5,69,1.7,115.3,144.9,10.5,48.7,43.8,8.3,25.8,3.8,T,660.8,66.7,82,T,0,0,0,0,0.9,0,0,0,0,0,0,0,0,0,0,0,0,0,0,0,0,0,36.6,0,22,0,3.7,0,7.3,0,0,0,0,0,0,0,0,0,0,0,0,0,0,0,80.6,0,0,0,0,0,0,0,0,99.2,100,100,99,99,100,0,36,57,100,100,36,36,36,37,27.8,36,57,28.6,36,36.1,37.6,36.1,37.6,36,37.6,37.6,62.1,0,0,0,0.6,0,34.9,19,5.9,16.9,18.9,10,1.6,3.7,34.9,11.8,1.4,6.1,25.8,8.5,8,38.7,22.4,16.7,49.3,19,,18.1,29.2,31.2,4.7,4.8,0,1.9,0,5.2,5.1,15.9,27.9,8.5,100,0,19.9,12.1,18.4,25.6,60,21.5,0,27.9,17.8,30.9,40.7,8.6,30.9,20.7,38.5,12.8,0,0,0,0,0,0,0,0,0,0,0,0,0,0,0,0,0,0,0,0,0,0,0,0,0,0,0,0,0,0,0,0,0,0,0,0,0,0,0,0,0,0,0,0,0,0,0,0,0,0,0,0,0,0,0,0,,,,,,,,,,,,,,,,,,,,,,,,,,0,0,0,0,0,0,0,0,0,0,0,0,0,0,0,0,0,0,0,0,0,0,0,0,0,0,0,0,0,0,0,348.7,98.8,26.9,37.6,31.1,11.1,8.1,12.3,18.4,3.9,1.5,6.8,1.7,4.2,3.2,2.2,,11.5,0,0,0,11.4,33.3
C51830,시군구,2023,강원특별자치도,양양군,27710,4400,33.9,3.1,13.2,81,1.6,112.6,137.4,10,48.8,45.3,11.1,23.5,4.5,T,629.8,50,85.5,F,0,0,0,0,1,0,0,0,0,0,0,0,0,0,0,0,0,0,0,0,0,0,43.3,0,21.7,0,3.6,0,3.6,0,3.6,0,0,0,3.6,0,0,0,0,0,0,0,0,0,111.9,0,0,0,0,0,0,0,0,1.8,100,100,1.6,1.6,75.6,0.7,7.1,69.3,20.1,20.4,6.3,7.1,7.1,9.1,4.7,7.1,31.1,6.2,7.1,9.1,7.1,18.2,13.7,7.1,7.1,6,70.5,80.5,85.7,75,61.4,18.5,68.4,33.9,11.1,30.1,31.7,20.6,15.9,11.1,49.7,17.3,7.4,11.1,32.6,28,4.2,73.7,82.7,47.4,81.7,31.2,,30.6,44.5,46.8,2.5,2.5,0,2,3.3,0,18.1,28.3,46.2,18.8,50,12.5,28.8,27.8,27.8,40.2,0,36.7,11.9,46.2,18.8,46.5,54.8,10,42.5,32.7,52.6,29.4,0,0,0,0,0,0,0,0,0,0,0,0,0,0,0,0,0,0,0,0,0,0,0,0,0,0,0,0,0,0,0,0,0,0,0,0,0,0,0,0,0,0,0,0,0,0,0,0,0,0,0,0,0,0,0,0,,,,,,,,,,,,,,,,,,,,,,,,,,0,0,0,0,0,0,0,0,0,0,0,0,0,0,0,0,0,0,0,0,0,0,0,0,0,0,0,0,0,0,0,370.1,97.3,32.9,22.9,20,20.5,18.1,8.6,8.9,9.5,4.3,5.8,2.7,7.1,14.2,1,,0,0,0,0,0,0
